[
  {
    "name": "Process Start",
    "start": 1649861512902,
    "end": 1649861514983,
    "duration": 2081,
    "pid": 13928,
    "index": 0
  },
  {
    "name": "Application Start",
    "start": 1649861514985,
    "end": 1649861536517,
    "duration": 21532,
    "pid": 13928,
    "index": 1
  },
  {
    "name": "Load Plugin",
    "start": 1649861514996,
    "end": 1649861515065,
    "duration": 69,
    "pid": 13928,
    "index": 2
  },
  {
    "name": "Load Config",
    "start": 1649861515065,
    "end": 1649861515106,
    "duration": 41,
    "pid": 13928,
    "index": 3
  },
  {
    "name": "Require(0) config/config.default.js",
    "start": 1649861515067,
    "end": 1649861515068,
    "duration": 1,
    "pid": 13928,
    "index": 4
  },
  {
    "name": "Require(1) node_modules/egg-session/config/config.default.js",
    "start": 1649861515070,
    "end": 1649861515071,
    "duration": 1,
    "pid": 13928,
    "index": 5
  },
  {
    "name": "Require(2) node_modules/egg-security/config/config.default.js",
    "start": 1649861515072,
    "end": 1649861515073,
    "duration": 1,
    "pid": 13928,
    "index": 6
  },
  {
    "name": "Require(3) node_modules/egg-jsonp/config/config.default.js",
    "start": 1649861515075,
    "end": 1649861515076,
    "duration": 1,
    "pid": 13928,
    "index": 7
  },
  {
    "name": "Require(4) node_modules/egg-onerror/config/config.default.js",
    "start": 1649861515077,
    "end": 1649861515078,
    "duration": 1,
    "pid": 13928,
    "index": 8
  },
  {
    "name": "Require(5) node_modules/egg-i18n/config/config.default.js",
    "start": 1649861515078,
    "end": 1649861515079,
    "duration": 1,
    "pid": 13928,
    "index": 9
  },
  {
    "name": "Require(6) node_modules/egg-watcher/config/config.default.js",
    "start": 1649861515080,
    "end": 1649861515081,
    "duration": 1,
    "pid": 13928,
    "index": 10
  },
  {
    "name": "Require(7) node_modules/egg-schedule/config/config.default.js",
    "start": 1649861515082,
    "end": 1649861515083,
    "duration": 1,
    "pid": 13928,
    "index": 11
  },
  {
    "name": "Require(8) node_modules/egg-multipart/config/config.default.js",
    "start": 1649861515084,
    "end": 1649861515085,
    "duration": 1,
    "pid": 13928,
    "index": 12
  },
  {
    "name": "Require(9) node_modules/egg-logrotator/config/config.default.js",
    "start": 1649861515085,
    "end": 1649861515086,
    "duration": 1,
    "pid": 13928,
    "index": 13
  },
  {
    "name": "Require(10) node_modules/egg-static/config/config.default.js",
    "start": 1649861515087,
    "end": 1649861515087,
    "duration": 0,
    "pid": 13928,
    "index": 14
  },
  {
    "name": "Require(11) node_modules/egg-view/config/config.default.js",
    "start": 1649861515088,
    "end": 1649861515089,
    "duration": 1,
    "pid": 13928,
    "index": 15
  },
  {
    "name": "Require(12) node_modules/egg-mongoose/config/config.default.js",
    "start": 1649861515090,
    "end": 1649861515091,
    "duration": 1,
    "pid": 13928,
    "index": 16
  },
  {
    "name": "Require(13) node_modules/egg-validate/config/config.default.js",
    "start": 1649861515091,
    "end": 1649861515092,
    "duration": 1,
    "pid": 13928,
    "index": 17
  },
  {
    "name": "Require(14) node_modules/egg/config/config.default.js",
    "start": 1649861515093,
    "end": 1649861515093,
    "duration": 0,
    "pid": 13928,
    "index": 18
  },
  {
    "name": "Require(15) config/config.default.js",
    "start": 1649861515095,
    "end": 1649861515095,
    "duration": 0,
    "pid": 13928,
    "index": 19
  },
  {
    "name": "Require(16) node_modules/egg-static/config/config.prod.js",
    "start": 1649861515102,
    "end": 1649861515103,
    "duration": 1,
    "pid": 13928,
    "index": 20
  },
  {
    "name": "Load extend/application.js",
    "start": 1649861515108,
    "end": 1649861515161,
    "duration": 53,
    "pid": 13928,
    "index": 21
  },
  {
    "name": "Require(17) node_modules/egg-session/app/extend/application.js",
    "start": 1649861515110,
    "end": 1649861515111,
    "duration": 1,
    "pid": 13928,
    "index": 22
  },
  {
    "name": "Require(18) node_modules/egg-security/app/extend/application.js",
    "start": 1649861515112,
    "end": 1649861515114,
    "duration": 2,
    "pid": 13928,
    "index": 23
  },
  {
    "name": "Require(19) node_modules/egg-jsonp/app/extend/application.js",
    "start": 1649861515115,
    "end": 1649861515119,
    "duration": 4,
    "pid": 13928,
    "index": 24
  },
  {
    "name": "Require(20) node_modules/egg-logrotator/app/extend/application.js",
    "start": 1649861515124,
    "end": 1649861515140,
    "duration": 16,
    "pid": 13928,
    "index": 25
  },
  {
    "name": "Require(21) node_modules/egg-view/app/extend/application.js",
    "start": 1649861515142,
    "end": 1649861515146,
    "duration": 4,
    "pid": 13928,
    "index": 26
  },
  {
    "name": "Require(22) app/extend/application.js",
    "start": 1649861515150,
    "end": 1649861515151,
    "duration": 1,
    "pid": 13928,
    "index": 27
  },
  {
    "name": "Load extend/request.js",
    "start": 1649861515161,
    "end": 1649861515334,
    "duration": 173,
    "pid": 13928,
    "index": 28
  },
  {
    "name": "Require(23) node_modules/egg/app/extend/request.js",
    "start": 1649861515236,
    "end": 1649861515275,
    "duration": 39,
    "pid": 13928,
    "index": 29
  },
  {
    "name": "Load extend/response.js",
    "start": 1649861515334,
    "end": 1649861515493,
    "duration": 159,
    "pid": 13928,
    "index": 30
  },
  {
    "name": "Require(24) node_modules/egg/app/extend/response.js",
    "start": 1649861515371,
    "end": 1649861515458,
    "duration": 87,
    "pid": 13928,
    "index": 31
  },
  {
    "name": "Load extend/context.js",
    "start": 1649861515493,
    "end": 1649861515755,
    "duration": 262,
    "pid": 13928,
    "index": 32
  },
  {
    "name": "Require(25) node_modules/egg-security/app/extend/context.js",
    "start": 1649861515496,
    "end": 1649861515564,
    "duration": 68,
    "pid": 13928,
    "index": 33
  },
  {
    "name": "Require(26) node_modules/egg-jsonp/app/extend/context.js",
    "start": 1649861515565,
    "end": 1649861515568,
    "duration": 3,
    "pid": 13928,
    "index": 34
  },
  {
    "name": "Require(27) node_modules/egg-i18n/app/extend/context.js",
    "start": 1649861515569,
    "end": 1649861515570,
    "duration": 1,
    "pid": 13928,
    "index": 35
  },
  {
    "name": "Require(28) node_modules/egg-multipart/app/extend/context.js",
    "start": 1649861515572,
    "end": 1649861515727,
    "duration": 155,
    "pid": 13928,
    "index": 36
  },
  {
    "name": "Require(29) node_modules/egg-view/app/extend/context.js",
    "start": 1649861515729,
    "end": 1649861515731,
    "duration": 2,
    "pid": 13928,
    "index": 37
  },
  {
    "name": "Require(30) node_modules/egg-mongoose/app/extend/context.js",
    "start": 1649861515733,
    "end": 1649861515734,
    "duration": 1,
    "pid": 13928,
    "index": 38
  },
  {
    "name": "Require(31) node_modules/egg-validate/app/extend/context.js",
    "start": 1649861515737,
    "end": 1649861515738,
    "duration": 1,
    "pid": 13928,
    "index": 39
  },
  {
    "name": "Require(32) node_modules/egg/app/extend/context.js",
    "start": 1649861515738,
    "end": 1649861515744,
    "duration": 6,
    "pid": 13928,
    "index": 40
  },
  {
    "name": "Load extend/helper.js",
    "start": 1649861515755,
    "end": 1649861516358,
    "duration": 603,
    "pid": 13928,
    "index": 41
  },
  {
    "name": "Require(33) node_modules/egg-security/app/extend/helper.js",
    "start": 1649861515757,
    "end": 1649861516322,
    "duration": 565,
    "pid": 13928,
    "index": 42
  },
  {
    "name": "Require(34) node_modules/egg/app/extend/helper.js",
    "start": 1649861516339,
    "end": 1649861516346,
    "duration": 7,
    "pid": 13928,
    "index": 43
  },
  {
    "name": "Load app.js",
    "start": 1649861516359,
    "end": 1649861531616,
    "duration": 15257,
    "pid": 13928,
    "index": 44
  },
  {
    "name": "Require(35) node_modules/egg-session/app.js",
    "start": 1649861516388,
    "end": 1649861516398,
    "duration": 10,
    "pid": 13928,
    "index": 45
  },
  {
    "name": "Require(36) node_modules/egg-security/app.js",
    "start": 1649861516400,
    "end": 1649861516427,
    "duration": 27,
    "pid": 13928,
    "index": 46
  },
  {
    "name": "Require(37) node_modules/egg-onerror/app.js",
    "start": 1649861516455,
    "end": 1649861516867,
    "duration": 412,
    "pid": 13928,
    "index": 47
  },
  {
    "name": "Require(38) node_modules/egg-i18n/app.js",
    "start": 1649861516881,
    "end": 1649861517115,
    "duration": 234,
    "pid": 13928,
    "index": 48
  },
  {
    "name": "Require(39) node_modules/egg-watcher/app.js",
    "start": 1649861517117,
    "end": 1649861517133,
    "duration": 16,
    "pid": 13928,
    "index": 49
  },
  {
    "name": "Require(40) node_modules/egg-schedule/app.js",
    "start": 1649861517165,
    "end": 1649861517193,
    "duration": 28,
    "pid": 13928,
    "index": 50
  },
  {
    "name": "Require(41) node_modules/egg-multipart/app.js",
    "start": 1649861517210,
    "end": 1649861517219,
    "duration": 9,
    "pid": 13928,
    "index": 51
  },
  {
    "name": "Require(42) node_modules/egg-logrotator/app.js",
    "start": 1649861517240,
    "end": 1649861517249,
    "duration": 9,
    "pid": 13928,
    "index": 52
  },
  {
    "name": "Require(43) node_modules/egg-static/app.js",
    "start": 1649861517250,
    "end": 1649861517258,
    "duration": 8,
    "pid": 13928,
    "index": 53
  },
  {
    "name": "Require(44) node_modules/egg-mongoose/app.js",
    "start": 1649861517297,
    "end": 1649861517302,
    "duration": 5,
    "pid": 13928,
    "index": 54
  },
  {
    "name": "Require(45) node_modules/egg-validate/app.js",
    "start": 1649861517317,
    "end": 1649861517394,
    "duration": 77,
    "pid": 13928,
    "index": 55
  },
  {
    "name": "Require(46) app.js",
    "start": 1649861517459,
    "end": 1649861531615,
    "duration": 14156,
    "pid": 13928,
    "index": 56
  },
  {
    "name": "Before Start in node_modules/egg-watcher/lib/init.js:15:14",
    "start": 1649861531734,
    "end": 1649861536450,
    "duration": 4716,
    "pid": 13928,
    "index": 57
  },
  {
    "name": "Before Start in node_modules/egg-mongoose/lib/mongoose.js:104:7",
    "start": 1649861531870,
    "end": 1649861536446,
    "duration": 4576,
    "pid": 13928,
    "index": 58
  },
  {
    "name": "Before Start in node_modules/egg-mongoose/lib/mongoose.js:52:9",
    "start": 1649861531871,
    "end": 1649861536364,
    "duration": 4493,
    "pid": 13928,
    "index": 59
  },
  {
    "name": "Load Service",
    "start": 1649861531872,
    "end": 1649861532245,
    "duration": 373,
    "pid": 13928,
    "index": 60
  },
  {
    "name": "Load \"service\" to Context",
    "start": 1649861531873,
    "end": 1649861532245,
    "duration": 372,
    "pid": 13928,
    "index": 61
  },
  {
    "name": "Load Middleware",
    "start": 1649861532246,
    "end": 1649861535701,
    "duration": 3455,
    "pid": 13928,
    "index": 62
  },
  {
    "name": "Load \"middlewares\" to Application",
    "start": 1649861532246,
    "end": 1649861535646,
    "duration": 3400,
    "pid": 13928,
    "index": 63
  },
  {
    "name": "Load Controller",
    "start": 1649861535701,
    "end": 1649861536179,
    "duration": 478,
    "pid": 13928,
    "index": 64
  },
  {
    "name": "Load \"controller\" to Application",
    "start": 1649861535701,
    "end": 1649861536178,
    "duration": 477,
    "pid": 13928,
    "index": 65
  },
  {
    "name": "Load Router",
    "start": 1649861536179,
    "end": 1649861536215,
    "duration": 36,
    "pid": 13928,
    "index": 66
  },
  {
    "name": "Require(47) app/router.js",
    "start": 1649861536208,
    "end": 1649861536209,
    "duration": 1,
    "pid": 13928,
    "index": 67
  },
  {
    "name": "Before Start in node_modules/egg-core/lib/egg.js:303:10",
    "start": 1649861536210,
    "end": 1649861536364,
    "duration": 154,
    "pid": 13928,
    "index": 68
  },
  {
    "name": "Load \"model\" to Application",
    "start": 1649861536283,
    "end": 1649861536363,
    "duration": 80,
    "pid": 13928,
    "index": 69
  },
  {
    "name": "Will Ready in app.js:willReady",
    "start": 1649861536488,
    "end": 1649861536498,
    "duration": 10,
    "pid": 13928,
    "index": 70
  }
]