[
  {
    "name": "Process Start",
    "start": 1649861539583,
    "end": 1649861541454,
    "duration": 1871,
    "pid": 18996,
    "index": 0
  },
  {
    "name": "Application Start",
    "start": 1649861541456,
    "end": 1649861546226,
    "duration": 4770,
    "pid": 18996,
    "index": 1
  },
  {
    "name": "Load Plugin",
    "start": 1649861541473,
    "end": 1649861541561,
    "duration": 88,
    "pid": 18996,
    "index": 2
  },
  {
    "name": "Load Config",
    "start": 1649861541561,
    "end": 1649861541616,
    "duration": 55,
    "pid": 18996,
    "index": 3
  },
  {
    "name": "Require(0) config/config.default.js",
    "start": 1649861541562,
    "end": 1649861541563,
    "duration": 1,
    "pid": 18996,
    "index": 4
  },
  {
    "name": "Require(1) node_modules/egg-session/config/config.default.js",
    "start": 1649861541567,
    "end": 1649861541568,
    "duration": 1,
    "pid": 18996,
    "index": 5
  },
  {
    "name": "Require(2) node_modules/egg-security/config/config.default.js",
    "start": 1649861541569,
    "end": 1649861541570,
    "duration": 1,
    "pid": 18996,
    "index": 6
  },
  {
    "name": "Require(3) node_modules/egg-jsonp/config/config.default.js",
    "start": 1649861541573,
    "end": 1649861541574,
    "duration": 1,
    "pid": 18996,
    "index": 7
  },
  {
    "name": "Require(4) node_modules/egg-onerror/config/config.default.js",
    "start": 1649861541575,
    "end": 1649861541576,
    "duration": 1,
    "pid": 18996,
    "index": 8
  },
  {
    "name": "Require(5) node_modules/egg-i18n/config/config.default.js",
    "start": 1649861541577,
    "end": 1649861541578,
    "duration": 1,
    "pid": 18996,
    "index": 9
  },
  {
    "name": "Require(6) node_modules/egg-watcher/config/config.default.js",
    "start": 1649861541580,
    "end": 1649861541581,
    "duration": 1,
    "pid": 18996,
    "index": 10
  },
  {
    "name": "Require(7) node_modules/egg-schedule/config/config.default.js",
    "start": 1649861541582,
    "end": 1649861541583,
    "duration": 1,
    "pid": 18996,
    "index": 11
  },
  {
    "name": "Require(8) node_modules/egg-multipart/config/config.default.js",
    "start": 1649861541585,
    "end": 1649861541586,
    "duration": 1,
    "pid": 18996,
    "index": 12
  },
  {
    "name": "Require(9) node_modules/egg-logrotator/config/config.default.js",
    "start": 1649861541588,
    "end": 1649861541589,
    "duration": 1,
    "pid": 18996,
    "index": 13
  },
  {
    "name": "Require(10) node_modules/egg-static/config/config.default.js",
    "start": 1649861541590,
    "end": 1649861541591,
    "duration": 1,
    "pid": 18996,
    "index": 14
  },
  {
    "name": "Require(11) node_modules/egg-view/config/config.default.js",
    "start": 1649861541595,
    "end": 1649861541596,
    "duration": 1,
    "pid": 18996,
    "index": 15
  },
  {
    "name": "Require(12) node_modules/egg-mongoose/config/config.default.js",
    "start": 1649861541597,
    "end": 1649861541599,
    "duration": 2,
    "pid": 18996,
    "index": 16
  },
  {
    "name": "Require(13) node_modules/egg-validate/config/config.default.js",
    "start": 1649861541600,
    "end": 1649861541601,
    "duration": 1,
    "pid": 18996,
    "index": 17
  },
  {
    "name": "Require(14) node_modules/egg/config/config.default.js",
    "start": 1649861541602,
    "end": 1649861541603,
    "duration": 1,
    "pid": 18996,
    "index": 18
  },
  {
    "name": "Require(15) config/config.default.js",
    "start": 1649861541605,
    "end": 1649861541605,
    "duration": 0,
    "pid": 18996,
    "index": 19
  },
  {
    "name": "Require(16) node_modules/egg-static/config/config.prod.js",
    "start": 1649861541612,
    "end": 1649861541613,
    "duration": 1,
    "pid": 18996,
    "index": 20
  },
  {
    "name": "Load extend/application.js",
    "start": 1649861541619,
    "end": 1649861541675,
    "duration": 56,
    "pid": 18996,
    "index": 21
  },
  {
    "name": "Require(17) node_modules/egg-session/app/extend/application.js",
    "start": 1649861541620,
    "end": 1649861541621,
    "duration": 1,
    "pid": 18996,
    "index": 22
  },
  {
    "name": "Require(18) node_modules/egg-security/app/extend/application.js",
    "start": 1649861541622,
    "end": 1649861541628,
    "duration": 6,
    "pid": 18996,
    "index": 23
  },
  {
    "name": "Require(19) node_modules/egg-jsonp/app/extend/application.js",
    "start": 1649861541629,
    "end": 1649861541635,
    "duration": 6,
    "pid": 18996,
    "index": 24
  },
  {
    "name": "Require(20) node_modules/egg-logrotator/app/extend/application.js",
    "start": 1649861541639,
    "end": 1649861541655,
    "duration": 16,
    "pid": 18996,
    "index": 25
  },
  {
    "name": "Require(21) node_modules/egg-view/app/extend/application.js",
    "start": 1649861541657,
    "end": 1649861541661,
    "duration": 4,
    "pid": 18996,
    "index": 26
  },
  {
    "name": "Require(22) app/extend/application.js",
    "start": 1649861541663,
    "end": 1649861541664,
    "duration": 1,
    "pid": 18996,
    "index": 27
  },
  {
    "name": "Load extend/request.js",
    "start": 1649861541675,
    "end": 1649861541697,
    "duration": 22,
    "pid": 18996,
    "index": 28
  },
  {
    "name": "Require(23) node_modules/egg/app/extend/request.js",
    "start": 1649861541684,
    "end": 1649861541687,
    "duration": 3,
    "pid": 18996,
    "index": 29
  },
  {
    "name": "Load extend/response.js",
    "start": 1649861541698,
    "end": 1649861541728,
    "duration": 30,
    "pid": 18996,
    "index": 30
  },
  {
    "name": "Require(24) node_modules/egg/app/extend/response.js",
    "start": 1649861541708,
    "end": 1649861541715,
    "duration": 7,
    "pid": 18996,
    "index": 31
  },
  {
    "name": "Load extend/context.js",
    "start": 1649861541728,
    "end": 1649861541948,
    "duration": 220,
    "pid": 18996,
    "index": 32
  },
  {
    "name": "Require(25) node_modules/egg-security/app/extend/context.js",
    "start": 1649861541730,
    "end": 1649861541776,
    "duration": 46,
    "pid": 18996,
    "index": 33
  },
  {
    "name": "Require(26) node_modules/egg-jsonp/app/extend/context.js",
    "start": 1649861541777,
    "end": 1649861541780,
    "duration": 3,
    "pid": 18996,
    "index": 34
  },
  {
    "name": "Require(27) node_modules/egg-i18n/app/extend/context.js",
    "start": 1649861541782,
    "end": 1649861541783,
    "duration": 1,
    "pid": 18996,
    "index": 35
  },
  {
    "name": "Require(28) node_modules/egg-multipart/app/extend/context.js",
    "start": 1649861541785,
    "end": 1649861541915,
    "duration": 130,
    "pid": 18996,
    "index": 36
  },
  {
    "name": "Require(29) node_modules/egg-view/app/extend/context.js",
    "start": 1649861541917,
    "end": 1649861541919,
    "duration": 2,
    "pid": 18996,
    "index": 37
  },
  {
    "name": "Require(30) node_modules/egg-mongoose/app/extend/context.js",
    "start": 1649861541923,
    "end": 1649861541924,
    "duration": 1,
    "pid": 18996,
    "index": 38
  },
  {
    "name": "Require(31) node_modules/egg-validate/app/extend/context.js",
    "start": 1649861541926,
    "end": 1649861541927,
    "duration": 1,
    "pid": 18996,
    "index": 39
  },
  {
    "name": "Require(32) node_modules/egg/app/extend/context.js",
    "start": 1649861541929,
    "end": 1649861541936,
    "duration": 7,
    "pid": 18996,
    "index": 40
  },
  {
    "name": "Load extend/helper.js",
    "start": 1649861541948,
    "end": 1649861542014,
    "duration": 66,
    "pid": 18996,
    "index": 41
  },
  {
    "name": "Require(33) node_modules/egg-security/app/extend/helper.js",
    "start": 1649861541950,
    "end": 1649861541988,
    "duration": 38,
    "pid": 18996,
    "index": 42
  },
  {
    "name": "Require(34) node_modules/egg/app/extend/helper.js",
    "start": 1649861542000,
    "end": 1649861542001,
    "duration": 1,
    "pid": 18996,
    "index": 43
  },
  {
    "name": "Load app.js",
    "start": 1649861542014,
    "end": 1649861544247,
    "duration": 2233,
    "pid": 18996,
    "index": 44
  },
  {
    "name": "Require(35) node_modules/egg-session/app.js",
    "start": 1649861542015,
    "end": 1649861542016,
    "duration": 1,
    "pid": 18996,
    "index": 45
  },
  {
    "name": "Require(36) node_modules/egg-security/app.js",
    "start": 1649861542017,
    "end": 1649861542021,
    "duration": 4,
    "pid": 18996,
    "index": 46
  },
  {
    "name": "Require(37) node_modules/egg-onerror/app.js",
    "start": 1649861542025,
    "end": 1649861542056,
    "duration": 31,
    "pid": 18996,
    "index": 47
  },
  {
    "name": "Require(38) node_modules/egg-i18n/app.js",
    "start": 1649861542057,
    "end": 1649861542085,
    "duration": 28,
    "pid": 18996,
    "index": 48
  },
  {
    "name": "Require(39) node_modules/egg-watcher/app.js",
    "start": 1649861542086,
    "end": 1649861542106,
    "duration": 20,
    "pid": 18996,
    "index": 49
  },
  {
    "name": "Require(40) node_modules/egg-schedule/app.js",
    "start": 1649861542107,
    "end": 1649861542114,
    "duration": 7,
    "pid": 18996,
    "index": 50
  },
  {
    "name": "Require(41) node_modules/egg-multipart/app.js",
    "start": 1649861542114,
    "end": 1649861542117,
    "duration": 3,
    "pid": 18996,
    "index": 51
  },
  {
    "name": "Require(42) node_modules/egg-logrotator/app.js",
    "start": 1649861542118,
    "end": 1649861542119,
    "duration": 1,
    "pid": 18996,
    "index": 52
  },
  {
    "name": "Require(43) node_modules/egg-static/app.js",
    "start": 1649861542120,
    "end": 1649861542120,
    "duration": 0,
    "pid": 18996,
    "index": 53
  },
  {
    "name": "Require(44) node_modules/egg-mongoose/app.js",
    "start": 1649861542123,
    "end": 1649861542123,
    "duration": 0,
    "pid": 18996,
    "index": 54
  },
  {
    "name": "Require(45) node_modules/egg-validate/app.js",
    "start": 1649861542124,
    "end": 1649861542128,
    "duration": 4,
    "pid": 18996,
    "index": 55
  },
  {
    "name": "Require(46) app.js",
    "start": 1649861542130,
    "end": 1649861544246,
    "duration": 2116,
    "pid": 18996,
    "index": 56
  },
  {
    "name": "Before Start in node_modules/egg-watcher/lib/init.js:15:14",
    "start": 1649861544317,
    "end": 1649861546188,
    "duration": 1871,
    "pid": 18996,
    "index": 57
  },
  {
    "name": "Before Start in node_modules/egg-mongoose/lib/mongoose.js:104:7",
    "start": 1649861544551,
    "end": 1649861546179,
    "duration": 1628,
    "pid": 18996,
    "index": 58
  },
  {
    "name": "Before Start in node_modules/egg-mongoose/lib/mongoose.js:52:9",
    "start": 1649861544552,
    "end": 1649861546091,
    "duration": 1539,
    "pid": 18996,
    "index": 59
  },
  {
    "name": "Load Service",
    "start": 1649861544553,
    "end": 1649861544756,
    "duration": 203,
    "pid": 18996,
    "index": 60
  },
  {
    "name": "Load \"service\" to Context",
    "start": 1649861544553,
    "end": 1649861544756,
    "duration": 203,
    "pid": 18996,
    "index": 61
  },
  {
    "name": "Load Middleware",
    "start": 1649861544757,
    "end": 1649861545738,
    "duration": 981,
    "pid": 18996,
    "index": 62
  },
  {
    "name": "Load \"middlewares\" to Application",
    "start": 1649861544757,
    "end": 1649861545690,
    "duration": 933,
    "pid": 18996,
    "index": 63
  },
  {
    "name": "Load Controller",
    "start": 1649861545739,
    "end": 1649861545864,
    "duration": 125,
    "pid": 18996,
    "index": 64
  },
  {
    "name": "Load \"controller\" to Application",
    "start": 1649861545739,
    "end": 1649861545864,
    "duration": 125,
    "pid": 18996,
    "index": 65
  },
  {
    "name": "Load Router",
    "start": 1649861545865,
    "end": 1649861545877,
    "duration": 12,
    "pid": 18996,
    "index": 66
  },
  {
    "name": "Require(47) app/router.js",
    "start": 1649861545866,
    "end": 1649861545868,
    "duration": 2,
    "pid": 18996,
    "index": 67
  },
  {
    "name": "Before Start in node_modules/egg-core/lib/egg.js:303:10",
    "start": 1649861545869,
    "end": 1649861546091,
    "duration": 222,
    "pid": 18996,
    "index": 68
  },
  {
    "name": "Load \"model\" to Application",
    "start": 1649861545951,
    "end": 1649861546088,
    "duration": 137,
    "pid": 18996,
    "index": 69
  },
  {
    "name": "Will Ready in app.js:willReady",
    "start": 1649861546190,
    "end": 1649861546198,
    "duration": 8,
    "pid": 18996,
    "index": 70
  }
]