[
  {
    "name": "Process Start",
    "start": 1649904248322,
    "end": 1649904250702,
    "duration": 2380,
    "pid": 18648,
    "index": 0
  },
  {
    "name": "Application Start",
    "start": 1649904250713,
    "end": 1649904271242,
    "duration": 20529,
    "pid": 18648,
    "index": 1
  },
  {
    "name": "Load Plugin",
    "start": 1649904250727,
    "end": 1649904250863,
    "duration": 136,
    "pid": 18648,
    "index": 2
  },
  {
    "name": "Load Config",
    "start": 1649904250863,
    "end": 1649904250922,
    "duration": 59,
    "pid": 18648,
    "index": 3
  },
  {
    "name": "Require(0) config/config.default.js",
    "start": 1649904250864,
    "end": 1649904250866,
    "duration": 2,
    "pid": 18648,
    "index": 4
  },
  {
    "name": "Require(1) node_modules/egg-session/config/config.default.js",
    "start": 1649904250870,
    "end": 1649904250871,
    "duration": 1,
    "pid": 18648,
    "index": 5
  },
  {
    "name": "Require(2) node_modules/egg-security/config/config.default.js",
    "start": 1649904250872,
    "end": 1649904250873,
    "duration": 1,
    "pid": 18648,
    "index": 6
  },
  {
    "name": "Require(3) node_modules/egg-jsonp/config/config.default.js",
    "start": 1649904250876,
    "end": 1649904250877,
    "duration": 1,
    "pid": 18648,
    "index": 7
  },
  {
    "name": "Require(4) node_modules/egg-onerror/config/config.default.js",
    "start": 1649904250878,
    "end": 1649904250879,
    "duration": 1,
    "pid": 18648,
    "index": 8
  },
  {
    "name": "Require(5) node_modules/egg-i18n/config/config.default.js",
    "start": 1649904250881,
    "end": 1649904250882,
    "duration": 1,
    "pid": 18648,
    "index": 9
  },
  {
    "name": "Require(6) node_modules/egg-watcher/config/config.default.js",
    "start": 1649904250884,
    "end": 1649904250886,
    "duration": 2,
    "pid": 18648,
    "index": 10
  },
  {
    "name": "Require(7) node_modules/egg-schedule/config/config.default.js",
    "start": 1649904250887,
    "end": 1649904250888,
    "duration": 1,
    "pid": 18648,
    "index": 11
  },
  {
    "name": "Require(8) node_modules/egg-multipart/config/config.default.js",
    "start": 1649904250890,
    "end": 1649904250891,
    "duration": 1,
    "pid": 18648,
    "index": 12
  },
  {
    "name": "Require(9) node_modules/egg-logrotator/config/config.default.js",
    "start": 1649904250893,
    "end": 1649904250894,
    "duration": 1,
    "pid": 18648,
    "index": 13
  },
  {
    "name": "Require(10) node_modules/egg-static/config/config.default.js",
    "start": 1649904250895,
    "end": 1649904250896,
    "duration": 1,
    "pid": 18648,
    "index": 14
  },
  {
    "name": "Require(11) node_modules/egg-view/config/config.default.js",
    "start": 1649904250898,
    "end": 1649904250899,
    "duration": 1,
    "pid": 18648,
    "index": 15
  },
  {
    "name": "Require(12) node_modules/egg-mongoose/config/config.default.js",
    "start": 1649904250901,
    "end": 1649904250902,
    "duration": 1,
    "pid": 18648,
    "index": 16
  },
  {
    "name": "Require(13) node_modules/egg-validate/config/config.default.js",
    "start": 1649904250903,
    "end": 1649904250905,
    "duration": 2,
    "pid": 18648,
    "index": 17
  },
  {
    "name": "Require(14) node_modules/egg/config/config.default.js",
    "start": 1649904250905,
    "end": 1649904250906,
    "duration": 1,
    "pid": 18648,
    "index": 18
  },
  {
    "name": "Require(15) config/config.default.js",
    "start": 1649904250909,
    "end": 1649904250909,
    "duration": 0,
    "pid": 18648,
    "index": 19
  },
  {
    "name": "Require(16) node_modules/egg-static/config/config.prod.js",
    "start": 1649904250916,
    "end": 1649904250917,
    "duration": 1,
    "pid": 18648,
    "index": 20
  },
  {
    "name": "Load extend/application.js",
    "start": 1649904250924,
    "end": 1649904251069,
    "duration": 145,
    "pid": 18648,
    "index": 21
  },
  {
    "name": "Require(17) node_modules/egg-session/app/extend/application.js",
    "start": 1649904250925,
    "end": 1649904250927,
    "duration": 2,
    "pid": 18648,
    "index": 22
  },
  {
    "name": "Require(18) node_modules/egg-security/app/extend/application.js",
    "start": 1649904250928,
    "end": 1649904250931,
    "duration": 3,
    "pid": 18648,
    "index": 23
  },
  {
    "name": "Require(19) node_modules/egg-jsonp/app/extend/application.js",
    "start": 1649904250933,
    "end": 1649904250962,
    "duration": 29,
    "pid": 18648,
    "index": 24
  },
  {
    "name": "Require(20) node_modules/egg-logrotator/app/extend/application.js",
    "start": 1649904250967,
    "end": 1649904251004,
    "duration": 37,
    "pid": 18648,
    "index": 25
  },
  {
    "name": "Require(21) node_modules/egg-view/app/extend/application.js",
    "start": 1649904251005,
    "end": 1649904251050,
    "duration": 45,
    "pid": 18648,
    "index": 26
  },
  {
    "name": "Require(22) app/extend/application.js",
    "start": 1649904251058,
    "end": 1649904251059,
    "duration": 1,
    "pid": 18648,
    "index": 27
  },
  {
    "name": "Load extend/request.js",
    "start": 1649904251069,
    "end": 1649904251128,
    "duration": 59,
    "pid": 18648,
    "index": 28
  },
  {
    "name": "Require(23) node_modules/egg/app/extend/request.js",
    "start": 1649904251096,
    "end": 1649904251112,
    "duration": 16,
    "pid": 18648,
    "index": 29
  },
  {
    "name": "Load extend/response.js",
    "start": 1649904251128,
    "end": 1649904251202,
    "duration": 74,
    "pid": 18648,
    "index": 30
  },
  {
    "name": "Require(24) node_modules/egg/app/extend/response.js",
    "start": 1649904251140,
    "end": 1649904251187,
    "duration": 47,
    "pid": 18648,
    "index": 31
  },
  {
    "name": "Load extend/context.js",
    "start": 1649904251202,
    "end": 1649904251484,
    "duration": 282,
    "pid": 18648,
    "index": 32
  },
  {
    "name": "Require(25) node_modules/egg-security/app/extend/context.js",
    "start": 1649904251204,
    "end": 1649904251257,
    "duration": 53,
    "pid": 18648,
    "index": 33
  },
  {
    "name": "Require(26) node_modules/egg-jsonp/app/extend/context.js",
    "start": 1649904251258,
    "end": 1649904251262,
    "duration": 4,
    "pid": 18648,
    "index": 34
  },
  {
    "name": "Require(27) node_modules/egg-i18n/app/extend/context.js",
    "start": 1649904251264,
    "end": 1649904251265,
    "duration": 1,
    "pid": 18648,
    "index": 35
  },
  {
    "name": "Require(28) node_modules/egg-multipart/app/extend/context.js",
    "start": 1649904251267,
    "end": 1649904251449,
    "duration": 182,
    "pid": 18648,
    "index": 36
  },
  {
    "name": "Require(29) node_modules/egg-view/app/extend/context.js",
    "start": 1649904251451,
    "end": 1649904251455,
    "duration": 4,
    "pid": 18648,
    "index": 37
  },
  {
    "name": "Require(30) node_modules/egg-mongoose/app/extend/context.js",
    "start": 1649904251457,
    "end": 1649904251458,
    "duration": 1,
    "pid": 18648,
    "index": 38
  },
  {
    "name": "Require(31) node_modules/egg-validate/app/extend/context.js",
    "start": 1649904251459,
    "end": 1649904251460,
    "duration": 1,
    "pid": 18648,
    "index": 39
  },
  {
    "name": "Require(32) node_modules/egg/app/extend/context.js",
    "start": 1649904251460,
    "end": 1649904251469,
    "duration": 9,
    "pid": 18648,
    "index": 40
  },
  {
    "name": "Load extend/helper.js",
    "start": 1649904251484,
    "end": 1649904252081,
    "duration": 597,
    "pid": 18648,
    "index": 41
  },
  {
    "name": "Require(33) node_modules/egg-security/app/extend/helper.js",
    "start": 1649904251487,
    "end": 1649904252003,
    "duration": 516,
    "pid": 18648,
    "index": 42
  },
  {
    "name": "Require(34) node_modules/egg/app/extend/helper.js",
    "start": 1649904252011,
    "end": 1649904252065,
    "duration": 54,
    "pid": 18648,
    "index": 43
  },
  {
    "name": "Load app.js",
    "start": 1649904252082,
    "end": 1649904266379,
    "duration": 14297,
    "pid": 18648,
    "index": 44
  },
  {
    "name": "Require(35) node_modules/egg-session/app.js",
    "start": 1649904252123,
    "end": 1649904252130,
    "duration": 7,
    "pid": 18648,
    "index": 45
  },
  {
    "name": "Require(36) node_modules/egg-security/app.js",
    "start": 1649904252131,
    "end": 1649904252221,
    "duration": 90,
    "pid": 18648,
    "index": 46
  },
  {
    "name": "Require(37) node_modules/egg-onerror/app.js",
    "start": 1649904252241,
    "end": 1649904252557,
    "duration": 316,
    "pid": 18648,
    "index": 47
  },
  {
    "name": "Require(38) node_modules/egg-i18n/app.js",
    "start": 1649904252559,
    "end": 1649904252871,
    "duration": 312,
    "pid": 18648,
    "index": 48
  },
  {
    "name": "Require(39) node_modules/egg-watcher/app.js",
    "start": 1649904252872,
    "end": 1649904252889,
    "duration": 17,
    "pid": 18648,
    "index": 49
  },
  {
    "name": "Require(40) node_modules/egg-schedule/app.js",
    "start": 1649904252899,
    "end": 1649904252919,
    "duration": 20,
    "pid": 18648,
    "index": 50
  },
  {
    "name": "Require(41) node_modules/egg-multipart/app.js",
    "start": 1649904252920,
    "end": 1649904252931,
    "duration": 11,
    "pid": 18648,
    "index": 51
  },
  {
    "name": "Require(42) node_modules/egg-logrotator/app.js",
    "start": 1649904252932,
    "end": 1649904252940,
    "duration": 8,
    "pid": 18648,
    "index": 52
  },
  {
    "name": "Require(43) node_modules/egg-static/app.js",
    "start": 1649904252941,
    "end": 1649904252947,
    "duration": 6,
    "pid": 18648,
    "index": 53
  },
  {
    "name": "Require(44) node_modules/egg-mongoose/app.js",
    "start": 1649904252952,
    "end": 1649904252958,
    "duration": 6,
    "pid": 18648,
    "index": 54
  },
  {
    "name": "Require(45) node_modules/egg-validate/app.js",
    "start": 1649904252959,
    "end": 1649904253078,
    "duration": 119,
    "pid": 18648,
    "index": 55
  },
  {
    "name": "Require(46) app.js",
    "start": 1649904253092,
    "end": 1649904266378,
    "duration": 13286,
    "pid": 18648,
    "index": 56
  },
  {
    "name": "Before Start in node_modules/egg-watcher/lib/init.js:15:14",
    "start": 1649904266433,
    "end": 1649904271201,
    "duration": 4768,
    "pid": 18648,
    "index": 57
  },
  {
    "name": "Before Start in node_modules/egg-mongoose/lib/mongoose.js:104:7",
    "start": 1649904266622,
    "end": 1649904271190,
    "duration": 4568,
    "pid": 18648,
    "index": 58
  },
  {
    "name": "Before Start in node_modules/egg-mongoose/lib/mongoose.js:52:9",
    "start": 1649904266622,
    "end": 1649904271122,
    "duration": 4500,
    "pid": 18648,
    "index": 59
  },
  {
    "name": "Load Service",
    "start": 1649904266622,
    "end": 1649904266895,
    "duration": 273,
    "pid": 18648,
    "index": 60
  },
  {
    "name": "Load \"service\" to Context",
    "start": 1649904266623,
    "end": 1649904266895,
    "duration": 272,
    "pid": 18648,
    "index": 61
  },
  {
    "name": "Load Middleware",
    "start": 1649904266895,
    "end": 1649904270464,
    "duration": 3569,
    "pid": 18648,
    "index": 62
  },
  {
    "name": "Load \"middlewares\" to Application",
    "start": 1649904266895,
    "end": 1649904270420,
    "duration": 3525,
    "pid": 18648,
    "index": 63
  },
  {
    "name": "Load Controller",
    "start": 1649904270464,
    "end": 1649904270927,
    "duration": 463,
    "pid": 18648,
    "index": 64
  },
  {
    "name": "Load \"controller\" to Application",
    "start": 1649904270465,
    "end": 1649904270927,
    "duration": 462,
    "pid": 18648,
    "index": 65
  },
  {
    "name": "Load Router",
    "start": 1649904270927,
    "end": 1649904270937,
    "duration": 10,
    "pid": 18648,
    "index": 66
  },
  {
    "name": "Require(47) app/router.js",
    "start": 1649904270929,
    "end": 1649904270931,
    "duration": 2,
    "pid": 18648,
    "index": 67
  },
  {
    "name": "Before Start in node_modules/egg-core/lib/egg.js:303:10",
    "start": 1649904270932,
    "end": 1649904271122,
    "duration": 190,
    "pid": 18648,
    "index": 68
  },
  {
    "name": "Load \"model\" to Application",
    "start": 1649904271039,
    "end": 1649904271121,
    "duration": 82,
    "pid": 18648,
    "index": 69
  },
  {
    "name": "Will Ready in app.js:willReady",
    "start": 1649904271203,
    "end": 1649904271209,
    "duration": 6,
    "pid": 18648,
    "index": 70
  }
]