[
  {
    "name": "Process Start",
    "start": 1649862670182,
    "end": 1649862671973,
    "duration": 1791,
    "pid": 5088,
    "index": 0
  },
  {
    "name": "Application Start",
    "start": 1649862671975,
    "end": 1649862684319,
    "duration": 12344,
    "pid": 5088,
    "index": 1
  },
  {
    "name": "Load Plugin",
    "start": 1649862671988,
    "end": 1649862672085,
    "duration": 97,
    "pid": 5088,
    "index": 2
  },
  {
    "name": "Load Config",
    "start": 1649862672085,
    "end": 1649862672149,
    "duration": 64,
    "pid": 5088,
    "index": 3
  },
  {
    "name": "Require(0) config/config.default.js",
    "start": 1649862672086,
    "end": 1649862672088,
    "duration": 2,
    "pid": 5088,
    "index": 4
  },
  {
    "name": "Require(1) node_modules/egg-session/config/config.default.js",
    "start": 1649862672091,
    "end": 1649862672092,
    "duration": 1,
    "pid": 5088,
    "index": 5
  },
  {
    "name": "Require(2) node_modules/egg-security/config/config.default.js",
    "start": 1649862672093,
    "end": 1649862672094,
    "duration": 1,
    "pid": 5088,
    "index": 6
  },
  {
    "name": "Require(3) node_modules/egg-jsonp/config/config.default.js",
    "start": 1649862672096,
    "end": 1649862672097,
    "duration": 1,
    "pid": 5088,
    "index": 7
  },
  {
    "name": "Require(4) node_modules/egg-onerror/config/config.default.js",
    "start": 1649862672098,
    "end": 1649862672106,
    "duration": 8,
    "pid": 5088,
    "index": 8
  },
  {
    "name": "Require(5) node_modules/egg-i18n/config/config.default.js",
    "start": 1649862672108,
    "end": 1649862672109,
    "duration": 1,
    "pid": 5088,
    "index": 9
  },
  {
    "name": "Require(6) node_modules/egg-watcher/config/config.default.js",
    "start": 1649862672111,
    "end": 1649862672112,
    "duration": 1,
    "pid": 5088,
    "index": 10
  },
  {
    "name": "Require(7) node_modules/egg-schedule/config/config.default.js",
    "start": 1649862672114,
    "end": 1649862672115,
    "duration": 1,
    "pid": 5088,
    "index": 11
  },
  {
    "name": "Require(8) node_modules/egg-multipart/config/config.default.js",
    "start": 1649862672116,
    "end": 1649862672117,
    "duration": 1,
    "pid": 5088,
    "index": 12
  },
  {
    "name": "Require(9) node_modules/egg-logrotator/config/config.default.js",
    "start": 1649862672119,
    "end": 1649862672120,
    "duration": 1,
    "pid": 5088,
    "index": 13
  },
  {
    "name": "Require(10) node_modules/egg-static/config/config.default.js",
    "start": 1649862672121,
    "end": 1649862672122,
    "duration": 1,
    "pid": 5088,
    "index": 14
  },
  {
    "name": "Require(11) node_modules/egg-view/config/config.default.js",
    "start": 1649862672123,
    "end": 1649862672124,
    "duration": 1,
    "pid": 5088,
    "index": 15
  },
  {
    "name": "Require(12) node_modules/egg-mongoose/config/config.default.js",
    "start": 1649862672125,
    "end": 1649862672126,
    "duration": 1,
    "pid": 5088,
    "index": 16
  },
  {
    "name": "Require(13) node_modules/egg-validate/config/config.default.js",
    "start": 1649862672127,
    "end": 1649862672128,
    "duration": 1,
    "pid": 5088,
    "index": 17
  },
  {
    "name": "Require(14) node_modules/egg/config/config.default.js",
    "start": 1649862672129,
    "end": 1649862672130,
    "duration": 1,
    "pid": 5088,
    "index": 18
  },
  {
    "name": "Require(15) config/config.default.js",
    "start": 1649862672133,
    "end": 1649862672133,
    "duration": 0,
    "pid": 5088,
    "index": 19
  },
  {
    "name": "Require(16) node_modules/egg-static/config/config.prod.js",
    "start": 1649862672144,
    "end": 1649862672145,
    "duration": 1,
    "pid": 5088,
    "index": 20
  },
  {
    "name": "Load extend/application.js",
    "start": 1649862672152,
    "end": 1649862672295,
    "duration": 143,
    "pid": 5088,
    "index": 21
  },
  {
    "name": "Require(17) node_modules/egg-session/app/extend/application.js",
    "start": 1649862672158,
    "end": 1649862672179,
    "duration": 21,
    "pid": 5088,
    "index": 22
  },
  {
    "name": "Require(18) node_modules/egg-security/app/extend/application.js",
    "start": 1649862672180,
    "end": 1649862672208,
    "duration": 28,
    "pid": 5088,
    "index": 23
  },
  {
    "name": "Require(19) node_modules/egg-jsonp/app/extend/application.js",
    "start": 1649862672209,
    "end": 1649862672238,
    "duration": 29,
    "pid": 5088,
    "index": 24
  },
  {
    "name": "Require(20) node_modules/egg-logrotator/app/extend/application.js",
    "start": 1649862672244,
    "end": 1649862672262,
    "duration": 18,
    "pid": 5088,
    "index": 25
  },
  {
    "name": "Require(21) node_modules/egg-view/app/extend/application.js",
    "start": 1649862672263,
    "end": 1649862672281,
    "duration": 18,
    "pid": 5088,
    "index": 26
  },
  {
    "name": "Require(22) app/extend/application.js",
    "start": 1649862672285,
    "end": 1649862672286,
    "duration": 1,
    "pid": 5088,
    "index": 27
  },
  {
    "name": "Load extend/request.js",
    "start": 1649862672295,
    "end": 1649862672365,
    "duration": 70,
    "pid": 5088,
    "index": 28
  },
  {
    "name": "Require(23) node_modules/egg/app/extend/request.js",
    "start": 1649862672324,
    "end": 1649862672354,
    "duration": 30,
    "pid": 5088,
    "index": 29
  },
  {
    "name": "Load extend/response.js",
    "start": 1649862672365,
    "end": 1649862672555,
    "duration": 190,
    "pid": 5088,
    "index": 30
  },
  {
    "name": "Require(24) node_modules/egg/app/extend/response.js",
    "start": 1649862672374,
    "end": 1649862672530,
    "duration": 156,
    "pid": 5088,
    "index": 31
  },
  {
    "name": "Load extend/context.js",
    "start": 1649862672555,
    "end": 1649862672803,
    "duration": 248,
    "pid": 5088,
    "index": 32
  },
  {
    "name": "Require(25) node_modules/egg-security/app/extend/context.js",
    "start": 1649862672557,
    "end": 1649862672605,
    "duration": 48,
    "pid": 5088,
    "index": 33
  },
  {
    "name": "Require(26) node_modules/egg-jsonp/app/extend/context.js",
    "start": 1649862672606,
    "end": 1649862672610,
    "duration": 4,
    "pid": 5088,
    "index": 34
  },
  {
    "name": "Require(27) node_modules/egg-i18n/app/extend/context.js",
    "start": 1649862672612,
    "end": 1649862672613,
    "duration": 1,
    "pid": 5088,
    "index": 35
  },
  {
    "name": "Require(28) node_modules/egg-multipart/app/extend/context.js",
    "start": 1649862672616,
    "end": 1649862672776,
    "duration": 160,
    "pid": 5088,
    "index": 36
  },
  {
    "name": "Require(29) node_modules/egg-view/app/extend/context.js",
    "start": 1649862672778,
    "end": 1649862672780,
    "duration": 2,
    "pid": 5088,
    "index": 37
  },
  {
    "name": "Require(30) node_modules/egg-mongoose/app/extend/context.js",
    "start": 1649862672781,
    "end": 1649862672782,
    "duration": 1,
    "pid": 5088,
    "index": 38
  },
  {
    "name": "Require(31) node_modules/egg-validate/app/extend/context.js",
    "start": 1649862672784,
    "end": 1649862672785,
    "duration": 1,
    "pid": 5088,
    "index": 39
  },
  {
    "name": "Require(32) node_modules/egg/app/extend/context.js",
    "start": 1649862672786,
    "end": 1649862672792,
    "duration": 6,
    "pid": 5088,
    "index": 40
  },
  {
    "name": "Load extend/helper.js",
    "start": 1649862672803,
    "end": 1649862673391,
    "duration": 588,
    "pid": 5088,
    "index": 41
  },
  {
    "name": "Require(33) node_modules/egg-security/app/extend/helper.js",
    "start": 1649862672805,
    "end": 1649862673325,
    "duration": 520,
    "pid": 5088,
    "index": 42
  },
  {
    "name": "Require(34) node_modules/egg/app/extend/helper.js",
    "start": 1649862673378,
    "end": 1649862673379,
    "duration": 1,
    "pid": 5088,
    "index": 43
  },
  {
    "name": "Load app.js",
    "start": 1649862673392,
    "end": 1649862682053,
    "duration": 8661,
    "pid": 5088,
    "index": 44
  },
  {
    "name": "Require(35) node_modules/egg-session/app.js",
    "start": 1649862673424,
    "end": 1649862673425,
    "duration": 1,
    "pid": 5088,
    "index": 45
  },
  {
    "name": "Require(36) node_modules/egg-security/app.js",
    "start": 1649862673474,
    "end": 1649862673480,
    "duration": 6,
    "pid": 5088,
    "index": 46
  },
  {
    "name": "Require(37) node_modules/egg-onerror/app.js",
    "start": 1649862673492,
    "end": 1649862673646,
    "duration": 154,
    "pid": 5088,
    "index": 47
  },
  {
    "name": "Require(38) node_modules/egg-i18n/app.js",
    "start": 1649862673647,
    "end": 1649862673932,
    "duration": 285,
    "pid": 5088,
    "index": 48
  },
  {
    "name": "Require(39) node_modules/egg-watcher/app.js",
    "start": 1649862673934,
    "end": 1649862673956,
    "duration": 22,
    "pid": 5088,
    "index": 49
  },
  {
    "name": "Require(40) node_modules/egg-schedule/app.js",
    "start": 1649862673958,
    "end": 1649862673978,
    "duration": 20,
    "pid": 5088,
    "index": 50
  },
  {
    "name": "Require(41) node_modules/egg-multipart/app.js",
    "start": 1649862673980,
    "end": 1649862674004,
    "duration": 24,
    "pid": 5088,
    "index": 51
  },
  {
    "name": "Require(42) node_modules/egg-logrotator/app.js",
    "start": 1649862674006,
    "end": 1649862674007,
    "duration": 1,
    "pid": 5088,
    "index": 52
  },
  {
    "name": "Require(43) node_modules/egg-static/app.js",
    "start": 1649862674008,
    "end": 1649862674009,
    "duration": 1,
    "pid": 5088,
    "index": 53
  },
  {
    "name": "Require(44) node_modules/egg-mongoose/app.js",
    "start": 1649862674012,
    "end": 1649862674013,
    "duration": 1,
    "pid": 5088,
    "index": 54
  },
  {
    "name": "Require(45) node_modules/egg-validate/app.js",
    "start": 1649862674014,
    "end": 1649862674073,
    "duration": 59,
    "pid": 5088,
    "index": 55
  },
  {
    "name": "Require(46) app.js",
    "start": 1649862674093,
    "end": 1649862682053,
    "duration": 7960,
    "pid": 5088,
    "index": 56
  },
  {
    "name": "Before Start in node_modules/egg-watcher/lib/init.js:15:14",
    "start": 1649862682073,
    "end": 1649862684300,
    "duration": 2227,
    "pid": 5088,
    "index": 57
  },
  {
    "name": "Before Start in node_modules/egg-mongoose/lib/mongoose.js:104:7",
    "start": 1649862682181,
    "end": 1649862684295,
    "duration": 2114,
    "pid": 5088,
    "index": 58
  },
  {
    "name": "Before Start in node_modules/egg-mongoose/lib/mongoose.js:52:9",
    "start": 1649862682182,
    "end": 1649862684253,
    "duration": 2071,
    "pid": 5088,
    "index": 59
  },
  {
    "name": "Load Service",
    "start": 1649862682182,
    "end": 1649862682589,
    "duration": 407,
    "pid": 5088,
    "index": 60
  },
  {
    "name": "Load \"service\" to Context",
    "start": 1649862682182,
    "end": 1649862682589,
    "duration": 407,
    "pid": 5088,
    "index": 61
  },
  {
    "name": "Load Middleware",
    "start": 1649862682590,
    "end": 1649862683860,
    "duration": 1270,
    "pid": 5088,
    "index": 62
  },
  {
    "name": "Load \"middlewares\" to Application",
    "start": 1649862682590,
    "end": 1649862683824,
    "duration": 1234,
    "pid": 5088,
    "index": 63
  },
  {
    "name": "Load Controller",
    "start": 1649862683860,
    "end": 1649862684143,
    "duration": 283,
    "pid": 5088,
    "index": 64
  },
  {
    "name": "Load \"controller\" to Application",
    "start": 1649862683860,
    "end": 1649862684142,
    "duration": 282,
    "pid": 5088,
    "index": 65
  },
  {
    "name": "Load Router",
    "start": 1649862684143,
    "end": 1649862684154,
    "duration": 11,
    "pid": 5088,
    "index": 66
  },
  {
    "name": "Require(47) app/router.js",
    "start": 1649862684145,
    "end": 1649862684146,
    "duration": 1,
    "pid": 5088,
    "index": 67
  },
  {
    "name": "Before Start in node_modules/egg-core/lib/egg.js:303:10",
    "start": 1649862684147,
    "end": 1649862684253,
    "duration": 106,
    "pid": 5088,
    "index": 68
  },
  {
    "name": "Load \"model\" to Application",
    "start": 1649862684188,
    "end": 1649862684252,
    "duration": 64,
    "pid": 5088,
    "index": 69
  },
  {
    "name": "Will Ready in app.js:willReady",
    "start": 1649862684302,
    "end": 1649862684306,
    "duration": 4,
    "pid": 5088,
    "index": 70
  }
]