[
  {
    "name": "Process Start",
    "start": 1649862670221,
    "end": 1649862672274,
    "duration": 2053,
    "pid": 19016,
    "index": 0
  },
  {
    "name": "Application Start",
    "start": 1649862672276,
    "end": 1649862684369,
    "duration": 12093,
    "pid": 19016,
    "index": 1
  },
  {
    "name": "Load Plugin",
    "start": 1649862672293,
    "end": 1649862672363,
    "duration": 70,
    "pid": 19016,
    "index": 2
  },
  {
    "name": "Load Config",
    "start": 1649862672363,
    "end": 1649862672417,
    "duration": 54,
    "pid": 19016,
    "index": 3
  },
  {
    "name": "Require(0) config/config.default.js",
    "start": 1649862672365,
    "end": 1649862672366,
    "duration": 1,
    "pid": 19016,
    "index": 4
  },
  {
    "name": "Require(1) node_modules/egg-session/config/config.default.js",
    "start": 1649862672369,
    "end": 1649862672370,
    "duration": 1,
    "pid": 19016,
    "index": 5
  },
  {
    "name": "Require(2) node_modules/egg-security/config/config.default.js",
    "start": 1649862672371,
    "end": 1649862672372,
    "duration": 1,
    "pid": 19016,
    "index": 6
  },
  {
    "name": "Require(3) node_modules/egg-jsonp/config/config.default.js",
    "start": 1649862672375,
    "end": 1649862672376,
    "duration": 1,
    "pid": 19016,
    "index": 7
  },
  {
    "name": "Require(4) node_modules/egg-onerror/config/config.default.js",
    "start": 1649862672378,
    "end": 1649862672380,
    "duration": 2,
    "pid": 19016,
    "index": 8
  },
  {
    "name": "Require(5) node_modules/egg-i18n/config/config.default.js",
    "start": 1649862672381,
    "end": 1649862672382,
    "duration": 1,
    "pid": 19016,
    "index": 9
  },
  {
    "name": "Require(6) node_modules/egg-watcher/config/config.default.js",
    "start": 1649862672384,
    "end": 1649862672385,
    "duration": 1,
    "pid": 19016,
    "index": 10
  },
  {
    "name": "Require(7) node_modules/egg-schedule/config/config.default.js",
    "start": 1649862672387,
    "end": 1649862672388,
    "duration": 1,
    "pid": 19016,
    "index": 11
  },
  {
    "name": "Require(8) node_modules/egg-multipart/config/config.default.js",
    "start": 1649862672389,
    "end": 1649862672390,
    "duration": 1,
    "pid": 19016,
    "index": 12
  },
  {
    "name": "Require(9) node_modules/egg-logrotator/config/config.default.js",
    "start": 1649862672392,
    "end": 1649862672393,
    "duration": 1,
    "pid": 19016,
    "index": 13
  },
  {
    "name": "Require(10) node_modules/egg-static/config/config.default.js",
    "start": 1649862672394,
    "end": 1649862672395,
    "duration": 1,
    "pid": 19016,
    "index": 14
  },
  {
    "name": "Require(11) node_modules/egg-view/config/config.default.js",
    "start": 1649862672396,
    "end": 1649862672397,
    "duration": 1,
    "pid": 19016,
    "index": 15
  },
  {
    "name": "Require(12) node_modules/egg-mongoose/config/config.default.js",
    "start": 1649862672398,
    "end": 1649862672399,
    "duration": 1,
    "pid": 19016,
    "index": 16
  },
  {
    "name": "Require(13) node_modules/egg-validate/config/config.default.js",
    "start": 1649862672400,
    "end": 1649862672401,
    "duration": 1,
    "pid": 19016,
    "index": 17
  },
  {
    "name": "Require(14) node_modules/egg/config/config.default.js",
    "start": 1649862672402,
    "end": 1649862672403,
    "duration": 1,
    "pid": 19016,
    "index": 18
  },
  {
    "name": "Require(15) config/config.default.js",
    "start": 1649862672406,
    "end": 1649862672406,
    "duration": 0,
    "pid": 19016,
    "index": 19
  },
  {
    "name": "Require(16) node_modules/egg-static/config/config.prod.js",
    "start": 1649862672413,
    "end": 1649862672413,
    "duration": 0,
    "pid": 19016,
    "index": 20
  },
  {
    "name": "Load extend/application.js",
    "start": 1649862672419,
    "end": 1649862672468,
    "duration": 49,
    "pid": 19016,
    "index": 21
  },
  {
    "name": "Require(17) node_modules/egg-session/app/extend/application.js",
    "start": 1649862672421,
    "end": 1649862672421,
    "duration": 0,
    "pid": 19016,
    "index": 22
  },
  {
    "name": "Require(18) node_modules/egg-security/app/extend/application.js",
    "start": 1649862672423,
    "end": 1649862672426,
    "duration": 3,
    "pid": 19016,
    "index": 23
  },
  {
    "name": "Require(19) node_modules/egg-jsonp/app/extend/application.js",
    "start": 1649862672427,
    "end": 1649862672431,
    "duration": 4,
    "pid": 19016,
    "index": 24
  },
  {
    "name": "Require(20) node_modules/egg-logrotator/app/extend/application.js",
    "start": 1649862672436,
    "end": 1649862672452,
    "duration": 16,
    "pid": 19016,
    "index": 25
  },
  {
    "name": "Require(21) node_modules/egg-view/app/extend/application.js",
    "start": 1649862672453,
    "end": 1649862672456,
    "duration": 3,
    "pid": 19016,
    "index": 26
  },
  {
    "name": "Require(22) app/extend/application.js",
    "start": 1649862672459,
    "end": 1649862672460,
    "duration": 1,
    "pid": 19016,
    "index": 27
  },
  {
    "name": "Load extend/request.js",
    "start": 1649862672468,
    "end": 1649862672488,
    "duration": 20,
    "pid": 19016,
    "index": 28
  },
  {
    "name": "Require(23) node_modules/egg/app/extend/request.js",
    "start": 1649862672477,
    "end": 1649862672480,
    "duration": 3,
    "pid": 19016,
    "index": 29
  },
  {
    "name": "Load extend/response.js",
    "start": 1649862672488,
    "end": 1649862672540,
    "duration": 52,
    "pid": 19016,
    "index": 30
  },
  {
    "name": "Require(24) node_modules/egg/app/extend/response.js",
    "start": 1649862672493,
    "end": 1649862672529,
    "duration": 36,
    "pid": 19016,
    "index": 31
  },
  {
    "name": "Load extend/context.js",
    "start": 1649862672540,
    "end": 1649862672788,
    "duration": 248,
    "pid": 19016,
    "index": 32
  },
  {
    "name": "Require(25) node_modules/egg-security/app/extend/context.js",
    "start": 1649862672542,
    "end": 1649862672584,
    "duration": 42,
    "pid": 19016,
    "index": 33
  },
  {
    "name": "Require(26) node_modules/egg-jsonp/app/extend/context.js",
    "start": 1649862672585,
    "end": 1649862672590,
    "duration": 5,
    "pid": 19016,
    "index": 34
  },
  {
    "name": "Require(27) node_modules/egg-i18n/app/extend/context.js",
    "start": 1649862672592,
    "end": 1649862672592,
    "duration": 0,
    "pid": 19016,
    "index": 35
  },
  {
    "name": "Require(28) node_modules/egg-multipart/app/extend/context.js",
    "start": 1649862672595,
    "end": 1649862672746,
    "duration": 151,
    "pid": 19016,
    "index": 36
  },
  {
    "name": "Require(29) node_modules/egg-view/app/extend/context.js",
    "start": 1649862672748,
    "end": 1649862672750,
    "duration": 2,
    "pid": 19016,
    "index": 37
  },
  {
    "name": "Require(30) node_modules/egg-mongoose/app/extend/context.js",
    "start": 1649862672751,
    "end": 1649862672752,
    "duration": 1,
    "pid": 19016,
    "index": 38
  },
  {
    "name": "Require(31) node_modules/egg-validate/app/extend/context.js",
    "start": 1649862672753,
    "end": 1649862672754,
    "duration": 1,
    "pid": 19016,
    "index": 39
  },
  {
    "name": "Require(32) node_modules/egg/app/extend/context.js",
    "start": 1649862672755,
    "end": 1649862672760,
    "duration": 5,
    "pid": 19016,
    "index": 40
  },
  {
    "name": "Load extend/helper.js",
    "start": 1649862672788,
    "end": 1649862673386,
    "duration": 598,
    "pid": 19016,
    "index": 41
  },
  {
    "name": "Require(33) node_modules/egg-security/app/extend/helper.js",
    "start": 1649862672790,
    "end": 1649862673323,
    "duration": 533,
    "pid": 19016,
    "index": 42
  },
  {
    "name": "Require(34) node_modules/egg/app/extend/helper.js",
    "start": 1649862673332,
    "end": 1649862673377,
    "duration": 45,
    "pid": 19016,
    "index": 43
  },
  {
    "name": "Load app.js",
    "start": 1649862673386,
    "end": 1649862682052,
    "duration": 8666,
    "pid": 19016,
    "index": 44
  },
  {
    "name": "Require(35) node_modules/egg-session/app.js",
    "start": 1649862673387,
    "end": 1649862673423,
    "duration": 36,
    "pid": 19016,
    "index": 45
  },
  {
    "name": "Require(36) node_modules/egg-security/app.js",
    "start": 1649862673424,
    "end": 1649862673462,
    "duration": 38,
    "pid": 19016,
    "index": 46
  },
  {
    "name": "Require(37) node_modules/egg-onerror/app.js",
    "start": 1649862673464,
    "end": 1649862673645,
    "duration": 181,
    "pid": 19016,
    "index": 47
  },
  {
    "name": "Require(38) node_modules/egg-i18n/app.js",
    "start": 1649862673655,
    "end": 1649862673939,
    "duration": 284,
    "pid": 19016,
    "index": 48
  },
  {
    "name": "Require(39) node_modules/egg-watcher/app.js",
    "start": 1649862673941,
    "end": 1649862673964,
    "duration": 23,
    "pid": 19016,
    "index": 49
  },
  {
    "name": "Require(40) node_modules/egg-schedule/app.js",
    "start": 1649862673970,
    "end": 1649862673983,
    "duration": 13,
    "pid": 19016,
    "index": 50
  },
  {
    "name": "Require(41) node_modules/egg-multipart/app.js",
    "start": 1649862674002,
    "end": 1649862674006,
    "duration": 4,
    "pid": 19016,
    "index": 51
  },
  {
    "name": "Require(42) node_modules/egg-logrotator/app.js",
    "start": 1649862674007,
    "end": 1649862674008,
    "duration": 1,
    "pid": 19016,
    "index": 52
  },
  {
    "name": "Require(43) node_modules/egg-static/app.js",
    "start": 1649862674010,
    "end": 1649862674011,
    "duration": 1,
    "pid": 19016,
    "index": 53
  },
  {
    "name": "Require(44) node_modules/egg-mongoose/app.js",
    "start": 1649862674015,
    "end": 1649862674016,
    "duration": 1,
    "pid": 19016,
    "index": 54
  },
  {
    "name": "Require(45) node_modules/egg-validate/app.js",
    "start": 1649862674017,
    "end": 1649862674071,
    "duration": 54,
    "pid": 19016,
    "index": 55
  },
  {
    "name": "Require(46) app.js",
    "start": 1649862674092,
    "end": 1649862682052,
    "duration": 7960,
    "pid": 19016,
    "index": 56
  },
  {
    "name": "Before Start in node_modules/egg-watcher/lib/init.js:15:14",
    "start": 1649862682072,
    "end": 1649862684348,
    "duration": 2276,
    "pid": 19016,
    "index": 57
  },
  {
    "name": "Before Start in node_modules/egg-mongoose/lib/mongoose.js:104:7",
    "start": 1649862682180,
    "end": 1649862684343,
    "duration": 2163,
    "pid": 19016,
    "index": 58
  },
  {
    "name": "Before Start in node_modules/egg-mongoose/lib/mongoose.js:52:9",
    "start": 1649862682180,
    "end": 1649862684309,
    "duration": 2129,
    "pid": 19016,
    "index": 59
  },
  {
    "name": "Load Service",
    "start": 1649862682180,
    "end": 1649862682591,
    "duration": 411,
    "pid": 19016,
    "index": 60
  },
  {
    "name": "Load \"service\" to Context",
    "start": 1649862682181,
    "end": 1649862682591,
    "duration": 410,
    "pid": 19016,
    "index": 61
  },
  {
    "name": "Load Middleware",
    "start": 1649862682591,
    "end": 1649862683851,
    "duration": 1260,
    "pid": 19016,
    "index": 62
  },
  {
    "name": "Load \"middlewares\" to Application",
    "start": 1649862682592,
    "end": 1649862683822,
    "duration": 1230,
    "pid": 19016,
    "index": 63
  },
  {
    "name": "Load Controller",
    "start": 1649862683851,
    "end": 1649862684140,
    "duration": 289,
    "pid": 19016,
    "index": 64
  },
  {
    "name": "Load \"controller\" to Application",
    "start": 1649862683851,
    "end": 1649862684139,
    "duration": 288,
    "pid": 19016,
    "index": 65
  },
  {
    "name": "Load Router",
    "start": 1649862684140,
    "end": 1649862684171,
    "duration": 31,
    "pid": 19016,
    "index": 66
  },
  {
    "name": "Require(47) app/router.js",
    "start": 1649862684142,
    "end": 1649862684151,
    "duration": 9,
    "pid": 19016,
    "index": 67
  },
  {
    "name": "Before Start in node_modules/egg-core/lib/egg.js:303:10",
    "start": 1649862684152,
    "end": 1649862684309,
    "duration": 157,
    "pid": 19016,
    "index": 68
  },
  {
    "name": "Load \"model\" to Application",
    "start": 1649862684227,
    "end": 1649862684308,
    "duration": 81,
    "pid": 19016,
    "index": 69
  },
  {
    "name": "Will Ready in app.js:willReady",
    "start": 1649862684349,
    "end": 1649862684355,
    "duration": 6,
    "pid": 19016,
    "index": 70
  }
]