[
  {
    "name": "Process Start",
    "start": 1649904248474,
    "end": 1649904250865,
    "duration": 2391,
    "pid": 11376,
    "index": 0
  },
  {
    "name": "Application Start",
    "start": 1649904250867,
    "end": 1649904271139,
    "duration": 20272,
    "pid": 11376,
    "index": 1
  },
  {
    "name": "Load Plugin",
    "start": 1649904250886,
    "end": 1649904250969,
    "duration": 83,
    "pid": 11376,
    "index": 2
  },
  {
    "name": "Load Config",
    "start": 1649904250969,
    "end": 1649904251037,
    "duration": 68,
    "pid": 11376,
    "index": 3
  },
  {
    "name": "Require(0) config/config.default.js",
    "start": 1649904250971,
    "end": 1649904250972,
    "duration": 1,
    "pid": 11376,
    "index": 4
  },
  {
    "name": "Require(1) node_modules/egg-session/config/config.default.js",
    "start": 1649904250975,
    "end": 1649904250976,
    "duration": 1,
    "pid": 11376,
    "index": 5
  },
  {
    "name": "Require(2) node_modules/egg-security/config/config.default.js",
    "start": 1649904250980,
    "end": 1649904250981,
    "duration": 1,
    "pid": 11376,
    "index": 6
  },
  {
    "name": "Require(3) node_modules/egg-jsonp/config/config.default.js",
    "start": 1649904250985,
    "end": 1649904250986,
    "duration": 1,
    "pid": 11376,
    "index": 7
  },
  {
    "name": "Require(4) node_modules/egg-onerror/config/config.default.js",
    "start": 1649904250987,
    "end": 1649904250988,
    "duration": 1,
    "pid": 11376,
    "index": 8
  },
  {
    "name": "Require(5) node_modules/egg-i18n/config/config.default.js",
    "start": 1649904250989,
    "end": 1649904250990,
    "duration": 1,
    "pid": 11376,
    "index": 9
  },
  {
    "name": "Require(6) node_modules/egg-watcher/config/config.default.js",
    "start": 1649904250993,
    "end": 1649904250994,
    "duration": 1,
    "pid": 11376,
    "index": 10
  },
  {
    "name": "Require(7) node_modules/egg-schedule/config/config.default.js",
    "start": 1649904250995,
    "end": 1649904250996,
    "duration": 1,
    "pid": 11376,
    "index": 11
  },
  {
    "name": "Require(8) node_modules/egg-multipart/config/config.default.js",
    "start": 1649904250997,
    "end": 1649904250998,
    "duration": 1,
    "pid": 11376,
    "index": 12
  },
  {
    "name": "Require(9) node_modules/egg-logrotator/config/config.default.js",
    "start": 1649904251000,
    "end": 1649904251001,
    "duration": 1,
    "pid": 11376,
    "index": 13
  },
  {
    "name": "Require(10) node_modules/egg-static/config/config.default.js",
    "start": 1649904251003,
    "end": 1649904251004,
    "duration": 1,
    "pid": 11376,
    "index": 14
  },
  {
    "name": "Require(11) node_modules/egg-view/config/config.default.js",
    "start": 1649904251014,
    "end": 1649904251015,
    "duration": 1,
    "pid": 11376,
    "index": 15
  },
  {
    "name": "Require(12) node_modules/egg-mongoose/config/config.default.js",
    "start": 1649904251016,
    "end": 1649904251018,
    "duration": 2,
    "pid": 11376,
    "index": 16
  },
  {
    "name": "Require(13) node_modules/egg-validate/config/config.default.js",
    "start": 1649904251019,
    "end": 1649904251020,
    "duration": 1,
    "pid": 11376,
    "index": 17
  },
  {
    "name": "Require(14) node_modules/egg/config/config.default.js",
    "start": 1649904251021,
    "end": 1649904251022,
    "duration": 1,
    "pid": 11376,
    "index": 18
  },
  {
    "name": "Require(15) config/config.default.js",
    "start": 1649904251025,
    "end": 1649904251025,
    "duration": 0,
    "pid": 11376,
    "index": 19
  },
  {
    "name": "Require(16) node_modules/egg-static/config/config.prod.js",
    "start": 1649904251032,
    "end": 1649904251033,
    "duration": 1,
    "pid": 11376,
    "index": 20
  },
  {
    "name": "Load extend/application.js",
    "start": 1649904251040,
    "end": 1649904251095,
    "duration": 55,
    "pid": 11376,
    "index": 21
  },
  {
    "name": "Require(17) node_modules/egg-session/app/extend/application.js",
    "start": 1649904251041,
    "end": 1649904251042,
    "duration": 1,
    "pid": 11376,
    "index": 22
  },
  {
    "name": "Require(18) node_modules/egg-security/app/extend/application.js",
    "start": 1649904251043,
    "end": 1649904251045,
    "duration": 2,
    "pid": 11376,
    "index": 23
  },
  {
    "name": "Require(19) node_modules/egg-jsonp/app/extend/application.js",
    "start": 1649904251046,
    "end": 1649904251052,
    "duration": 6,
    "pid": 11376,
    "index": 24
  },
  {
    "name": "Require(20) node_modules/egg-logrotator/app/extend/application.js",
    "start": 1649904251057,
    "end": 1649904251077,
    "duration": 20,
    "pid": 11376,
    "index": 25
  },
  {
    "name": "Require(21) node_modules/egg-view/app/extend/application.js",
    "start": 1649904251079,
    "end": 1649904251083,
    "duration": 4,
    "pid": 11376,
    "index": 26
  },
  {
    "name": "Require(22) app/extend/application.js",
    "start": 1649904251087,
    "end": 1649904251089,
    "duration": 2,
    "pid": 11376,
    "index": 27
  },
  {
    "name": "Load extend/request.js",
    "start": 1649904251095,
    "end": 1649904251128,
    "duration": 33,
    "pid": 11376,
    "index": 28
  },
  {
    "name": "Require(23) node_modules/egg/app/extend/request.js",
    "start": 1649904251102,
    "end": 1649904251112,
    "duration": 10,
    "pid": 11376,
    "index": 29
  },
  {
    "name": "Load extend/response.js",
    "start": 1649904251128,
    "end": 1649904251211,
    "duration": 83,
    "pid": 11376,
    "index": 30
  },
  {
    "name": "Require(24) node_modules/egg/app/extend/response.js",
    "start": 1649904251141,
    "end": 1649904251187,
    "duration": 46,
    "pid": 11376,
    "index": 31
  },
  {
    "name": "Load extend/context.js",
    "start": 1649904251211,
    "end": 1649904251507,
    "duration": 296,
    "pid": 11376,
    "index": 32
  },
  {
    "name": "Require(25) node_modules/egg-security/app/extend/context.js",
    "start": 1649904251214,
    "end": 1649904251274,
    "duration": 60,
    "pid": 11376,
    "index": 33
  },
  {
    "name": "Require(26) node_modules/egg-jsonp/app/extend/context.js",
    "start": 1649904251275,
    "end": 1649904251279,
    "duration": 4,
    "pid": 11376,
    "index": 34
  },
  {
    "name": "Require(27) node_modules/egg-i18n/app/extend/context.js",
    "start": 1649904251281,
    "end": 1649904251283,
    "duration": 2,
    "pid": 11376,
    "index": 35
  },
  {
    "name": "Require(28) node_modules/egg-multipart/app/extend/context.js",
    "start": 1649904251287,
    "end": 1649904251467,
    "duration": 180,
    "pid": 11376,
    "index": 36
  },
  {
    "name": "Require(29) node_modules/egg-view/app/extend/context.js",
    "start": 1649904251474,
    "end": 1649904251476,
    "duration": 2,
    "pid": 11376,
    "index": 37
  },
  {
    "name": "Require(30) node_modules/egg-mongoose/app/extend/context.js",
    "start": 1649904251478,
    "end": 1649904251479,
    "duration": 1,
    "pid": 11376,
    "index": 38
  },
  {
    "name": "Require(31) node_modules/egg-validate/app/extend/context.js",
    "start": 1649904251481,
    "end": 1649904251482,
    "duration": 1,
    "pid": 11376,
    "index": 39
  },
  {
    "name": "Require(32) node_modules/egg/app/extend/context.js",
    "start": 1649904251485,
    "end": 1649904251493,
    "duration": 8,
    "pid": 11376,
    "index": 40
  },
  {
    "name": "Load extend/helper.js",
    "start": 1649904251507,
    "end": 1649904252082,
    "duration": 575,
    "pid": 11376,
    "index": 41
  },
  {
    "name": "Require(33) node_modules/egg-security/app/extend/helper.js",
    "start": 1649904251509,
    "end": 1649904252003,
    "duration": 494,
    "pid": 11376,
    "index": 42
  },
  {
    "name": "Require(34) node_modules/egg/app/extend/helper.js",
    "start": 1649904252059,
    "end": 1649904252065,
    "duration": 6,
    "pid": 11376,
    "index": 43
  },
  {
    "name": "Load app.js",
    "start": 1649904252082,
    "end": 1649904266381,
    "duration": 14299,
    "pid": 11376,
    "index": 44
  },
  {
    "name": "Require(35) node_modules/egg-session/app.js",
    "start": 1649904252123,
    "end": 1649904252129,
    "duration": 6,
    "pid": 11376,
    "index": 45
  },
  {
    "name": "Require(36) node_modules/egg-security/app.js",
    "start": 1649904252132,
    "end": 1649904252207,
    "duration": 75,
    "pid": 11376,
    "index": 46
  },
  {
    "name": "Require(37) node_modules/egg-onerror/app.js",
    "start": 1649904252216,
    "end": 1649904252557,
    "duration": 341,
    "pid": 11376,
    "index": 47
  },
  {
    "name": "Require(38) node_modules/egg-i18n/app.js",
    "start": 1649904252558,
    "end": 1649904252872,
    "duration": 314,
    "pid": 11376,
    "index": 48
  },
  {
    "name": "Require(39) node_modules/egg-watcher/app.js",
    "start": 1649904252873,
    "end": 1649904252888,
    "duration": 15,
    "pid": 11376,
    "index": 49
  },
  {
    "name": "Require(40) node_modules/egg-schedule/app.js",
    "start": 1649904252897,
    "end": 1649904252919,
    "duration": 22,
    "pid": 11376,
    "index": 50
  },
  {
    "name": "Require(41) node_modules/egg-multipart/app.js",
    "start": 1649904252920,
    "end": 1649904252930,
    "duration": 10,
    "pid": 11376,
    "index": 51
  },
  {
    "name": "Require(42) node_modules/egg-logrotator/app.js",
    "start": 1649904252932,
    "end": 1649904252939,
    "duration": 7,
    "pid": 11376,
    "index": 52
  },
  {
    "name": "Require(43) node_modules/egg-static/app.js",
    "start": 1649904252941,
    "end": 1649904252947,
    "duration": 6,
    "pid": 11376,
    "index": 53
  },
  {
    "name": "Require(44) node_modules/egg-mongoose/app.js",
    "start": 1649904252951,
    "end": 1649904252957,
    "duration": 6,
    "pid": 11376,
    "index": 54
  },
  {
    "name": "Require(45) node_modules/egg-validate/app.js",
    "start": 1649904252959,
    "end": 1649904253078,
    "duration": 119,
    "pid": 11376,
    "index": 55
  },
  {
    "name": "Require(46) app.js",
    "start": 1649904253093,
    "end": 1649904266381,
    "duration": 13288,
    "pid": 11376,
    "index": 56
  },
  {
    "name": "Before Start in node_modules/egg-watcher/lib/init.js:15:14",
    "start": 1649904266424,
    "end": 1649904271121,
    "duration": 4697,
    "pid": 11376,
    "index": 57
  },
  {
    "name": "Before Start in node_modules/egg-mongoose/lib/mongoose.js:104:7",
    "start": 1649904266635,
    "end": 1649904271113,
    "duration": 4478,
    "pid": 11376,
    "index": 58
  },
  {
    "name": "Before Start in node_modules/egg-mongoose/lib/mongoose.js:52:9",
    "start": 1649904266636,
    "end": 1649904271053,
    "duration": 4417,
    "pid": 11376,
    "index": 59
  },
  {
    "name": "Load Service",
    "start": 1649904266637,
    "end": 1649904266898,
    "duration": 261,
    "pid": 11376,
    "index": 60
  },
  {
    "name": "Load \"service\" to Context",
    "start": 1649904266638,
    "end": 1649904266898,
    "duration": 260,
    "pid": 11376,
    "index": 61
  },
  {
    "name": "Load Middleware",
    "start": 1649904266898,
    "end": 1649904270465,
    "duration": 3567,
    "pid": 11376,
    "index": 62
  },
  {
    "name": "Load \"middlewares\" to Application",
    "start": 1649904266898,
    "end": 1649904270428,
    "duration": 3530,
    "pid": 11376,
    "index": 63
  },
  {
    "name": "Load Controller",
    "start": 1649904270465,
    "end": 1649904270921,
    "duration": 456,
    "pid": 11376,
    "index": 64
  },
  {
    "name": "Load \"controller\" to Application",
    "start": 1649904270465,
    "end": 1649904270921,
    "duration": 456,
    "pid": 11376,
    "index": 65
  },
  {
    "name": "Load Router",
    "start": 1649904270921,
    "end": 1649904270931,
    "duration": 10,
    "pid": 11376,
    "index": 66
  },
  {
    "name": "Require(47) app/router.js",
    "start": 1649904270922,
    "end": 1649904270923,
    "duration": 1,
    "pid": 11376,
    "index": 67
  },
  {
    "name": "Before Start in node_modules/egg-core/lib/egg.js:303:10",
    "start": 1649904270924,
    "end": 1649904271053,
    "duration": 129,
    "pid": 11376,
    "index": 68
  },
  {
    "name": "Load \"model\" to Application",
    "start": 1649904270975,
    "end": 1649904271052,
    "duration": 77,
    "pid": 11376,
    "index": 69
  },
  {
    "name": "Will Ready in app.js:willReady",
    "start": 1649904271122,
    "end": 1649904271126,
    "duration": 4,
    "pid": 11376,
    "index": 70
  }
]