[
  {
    "name": "Process Start",
    "start": 1649861512900,
    "end": 1649861515001,
    "duration": 2101,
    "pid": 20464,
    "index": 0
  },
  {
    "name": "Application Start",
    "start": 1649861515002,
    "end": 1649861536437,
    "duration": 21435,
    "pid": 20464,
    "index": 1
  },
  {
    "name": "Load Plugin",
    "start": 1649861515012,
    "end": 1649861515078,
    "duration": 66,
    "pid": 20464,
    "index": 2
  },
  {
    "name": "Load Config",
    "start": 1649861515078,
    "end": 1649861515113,
    "duration": 35,
    "pid": 20464,
    "index": 3
  },
  {
    "name": "Require(0) config/config.default.js",
    "start": 1649861515079,
    "end": 1649861515080,
    "duration": 1,
    "pid": 20464,
    "index": 4
  },
  {
    "name": "Require(1) node_modules/egg-session/config/config.default.js",
    "start": 1649861515082,
    "end": 1649861515082,
    "duration": 0,
    "pid": 20464,
    "index": 5
  },
  {
    "name": "Require(2) node_modules/egg-security/config/config.default.js",
    "start": 1649861515083,
    "end": 1649861515084,
    "duration": 1,
    "pid": 20464,
    "index": 6
  },
  {
    "name": "Require(3) node_modules/egg-jsonp/config/config.default.js",
    "start": 1649861515085,
    "end": 1649861515086,
    "duration": 1,
    "pid": 20464,
    "index": 7
  },
  {
    "name": "Require(4) node_modules/egg-onerror/config/config.default.js",
    "start": 1649861515087,
    "end": 1649861515087,
    "duration": 0,
    "pid": 20464,
    "index": 8
  },
  {
    "name": "Require(5) node_modules/egg-i18n/config/config.default.js",
    "start": 1649861515088,
    "end": 1649861515089,
    "duration": 1,
    "pid": 20464,
    "index": 9
  },
  {
    "name": "Require(6) node_modules/egg-watcher/config/config.default.js",
    "start": 1649861515090,
    "end": 1649861515091,
    "duration": 1,
    "pid": 20464,
    "index": 10
  },
  {
    "name": "Require(7) node_modules/egg-schedule/config/config.default.js",
    "start": 1649861515092,
    "end": 1649861515092,
    "duration": 0,
    "pid": 20464,
    "index": 11
  },
  {
    "name": "Require(8) node_modules/egg-multipart/config/config.default.js",
    "start": 1649861515093,
    "end": 1649861515094,
    "duration": 1,
    "pid": 20464,
    "index": 12
  },
  {
    "name": "Require(9) node_modules/egg-logrotator/config/config.default.js",
    "start": 1649861515095,
    "end": 1649861515096,
    "duration": 1,
    "pid": 20464,
    "index": 13
  },
  {
    "name": "Require(10) node_modules/egg-static/config/config.default.js",
    "start": 1649861515097,
    "end": 1649861515097,
    "duration": 0,
    "pid": 20464,
    "index": 14
  },
  {
    "name": "Require(11) node_modules/egg-view/config/config.default.js",
    "start": 1649861515098,
    "end": 1649861515099,
    "duration": 1,
    "pid": 20464,
    "index": 15
  },
  {
    "name": "Require(12) node_modules/egg-mongoose/config/config.default.js",
    "start": 1649861515100,
    "end": 1649861515101,
    "duration": 1,
    "pid": 20464,
    "index": 16
  },
  {
    "name": "Require(13) node_modules/egg-validate/config/config.default.js",
    "start": 1649861515102,
    "end": 1649861515102,
    "duration": 0,
    "pid": 20464,
    "index": 17
  },
  {
    "name": "Require(14) node_modules/egg/config/config.default.js",
    "start": 1649861515103,
    "end": 1649861515103,
    "duration": 0,
    "pid": 20464,
    "index": 18
  },
  {
    "name": "Require(15) config/config.default.js",
    "start": 1649861515104,
    "end": 1649861515104,
    "duration": 0,
    "pid": 20464,
    "index": 19
  },
  {
    "name": "Require(16) node_modules/egg-static/config/config.prod.js",
    "start": 1649861515109,
    "end": 1649861515109,
    "duration": 0,
    "pid": 20464,
    "index": 20
  },
  {
    "name": "Load extend/application.js",
    "start": 1649861515115,
    "end": 1649861515161,
    "duration": 46,
    "pid": 20464,
    "index": 21
  },
  {
    "name": "Require(17) node_modules/egg-session/app/extend/application.js",
    "start": 1649861515116,
    "end": 1649861515117,
    "duration": 1,
    "pid": 20464,
    "index": 22
  },
  {
    "name": "Require(18) node_modules/egg-security/app/extend/application.js",
    "start": 1649861515118,
    "end": 1649861515120,
    "duration": 2,
    "pid": 20464,
    "index": 23
  },
  {
    "name": "Require(19) node_modules/egg-jsonp/app/extend/application.js",
    "start": 1649861515121,
    "end": 1649861515123,
    "duration": 2,
    "pid": 20464,
    "index": 24
  },
  {
    "name": "Require(20) node_modules/egg-logrotator/app/extend/application.js",
    "start": 1649861515126,
    "end": 1649861515140,
    "duration": 14,
    "pid": 20464,
    "index": 25
  },
  {
    "name": "Require(21) node_modules/egg-view/app/extend/application.js",
    "start": 1649861515142,
    "end": 1649861515147,
    "duration": 5,
    "pid": 20464,
    "index": 26
  },
  {
    "name": "Require(22) app/extend/application.js",
    "start": 1649861515150,
    "end": 1649861515151,
    "duration": 1,
    "pid": 20464,
    "index": 27
  },
  {
    "name": "Load extend/request.js",
    "start": 1649861515161,
    "end": 1649861515357,
    "duration": 196,
    "pid": 20464,
    "index": 28
  },
  {
    "name": "Require(23) node_modules/egg/app/extend/request.js",
    "start": 1649861515236,
    "end": 1649861515281,
    "duration": 45,
    "pid": 20464,
    "index": 29
  },
  {
    "name": "Load extend/response.js",
    "start": 1649861515357,
    "end": 1649861515498,
    "duration": 141,
    "pid": 20464,
    "index": 30
  },
  {
    "name": "Require(24) node_modules/egg/app/extend/response.js",
    "start": 1649861515386,
    "end": 1649861515457,
    "duration": 71,
    "pid": 20464,
    "index": 31
  },
  {
    "name": "Load extend/context.js",
    "start": 1649861515499,
    "end": 1649861515756,
    "duration": 257,
    "pid": 20464,
    "index": 32
  },
  {
    "name": "Require(25) node_modules/egg-security/app/extend/context.js",
    "start": 1649861515502,
    "end": 1649861515571,
    "duration": 69,
    "pid": 20464,
    "index": 33
  },
  {
    "name": "Require(26) node_modules/egg-jsonp/app/extend/context.js",
    "start": 1649861515572,
    "end": 1649861515580,
    "duration": 8,
    "pid": 20464,
    "index": 34
  },
  {
    "name": "Require(27) node_modules/egg-i18n/app/extend/context.js",
    "start": 1649861515582,
    "end": 1649861515583,
    "duration": 1,
    "pid": 20464,
    "index": 35
  },
  {
    "name": "Require(28) node_modules/egg-multipart/app/extend/context.js",
    "start": 1649861515585,
    "end": 1649861515726,
    "duration": 141,
    "pid": 20464,
    "index": 36
  },
  {
    "name": "Require(29) node_modules/egg-view/app/extend/context.js",
    "start": 1649861515730,
    "end": 1649861515732,
    "duration": 2,
    "pid": 20464,
    "index": 37
  },
  {
    "name": "Require(30) node_modules/egg-mongoose/app/extend/context.js",
    "start": 1649861515735,
    "end": 1649861515736,
    "duration": 1,
    "pid": 20464,
    "index": 38
  },
  {
    "name": "Require(31) node_modules/egg-validate/app/extend/context.js",
    "start": 1649861515738,
    "end": 1649861515739,
    "duration": 1,
    "pid": 20464,
    "index": 39
  },
  {
    "name": "Require(32) node_modules/egg/app/extend/context.js",
    "start": 1649861515740,
    "end": 1649861515746,
    "duration": 6,
    "pid": 20464,
    "index": 40
  },
  {
    "name": "Load extend/helper.js",
    "start": 1649861515757,
    "end": 1649861516365,
    "duration": 608,
    "pid": 20464,
    "index": 41
  },
  {
    "name": "Require(33) node_modules/egg-security/app/extend/helper.js",
    "start": 1649861515759,
    "end": 1649861516322,
    "duration": 563,
    "pid": 20464,
    "index": 42
  },
  {
    "name": "Require(34) node_modules/egg/app/extend/helper.js",
    "start": 1649861516342,
    "end": 1649861516346,
    "duration": 4,
    "pid": 20464,
    "index": 43
  },
  {
    "name": "Load app.js",
    "start": 1649861516365,
    "end": 1649861531614,
    "duration": 15249,
    "pid": 20464,
    "index": 44
  },
  {
    "name": "Require(35) node_modules/egg-session/app.js",
    "start": 1649861516389,
    "end": 1649861516401,
    "duration": 12,
    "pid": 20464,
    "index": 45
  },
  {
    "name": "Require(36) node_modules/egg-security/app.js",
    "start": 1649861516415,
    "end": 1649861516429,
    "duration": 14,
    "pid": 20464,
    "index": 46
  },
  {
    "name": "Require(37) node_modules/egg-onerror/app.js",
    "start": 1649861516455,
    "end": 1649861516867,
    "duration": 412,
    "pid": 20464,
    "index": 47
  },
  {
    "name": "Require(38) node_modules/egg-i18n/app.js",
    "start": 1649861516881,
    "end": 1649861517115,
    "duration": 234,
    "pid": 20464,
    "index": 48
  },
  {
    "name": "Require(39) node_modules/egg-watcher/app.js",
    "start": 1649861517117,
    "end": 1649861517134,
    "duration": 17,
    "pid": 20464,
    "index": 49
  },
  {
    "name": "Require(40) node_modules/egg-schedule/app.js",
    "start": 1649861517165,
    "end": 1649861517193,
    "duration": 28,
    "pid": 20464,
    "index": 50
  },
  {
    "name": "Require(41) node_modules/egg-multipart/app.js",
    "start": 1649861517210,
    "end": 1649861517219,
    "duration": 9,
    "pid": 20464,
    "index": 51
  },
  {
    "name": "Require(42) node_modules/egg-logrotator/app.js",
    "start": 1649861517240,
    "end": 1649861517249,
    "duration": 9,
    "pid": 20464,
    "index": 52
  },
  {
    "name": "Require(43) node_modules/egg-static/app.js",
    "start": 1649861517251,
    "end": 1649861517258,
    "duration": 7,
    "pid": 20464,
    "index": 53
  },
  {
    "name": "Require(44) node_modules/egg-mongoose/app.js",
    "start": 1649861517296,
    "end": 1649861517303,
    "duration": 7,
    "pid": 20464,
    "index": 54
  },
  {
    "name": "Require(45) node_modules/egg-validate/app.js",
    "start": 1649861517317,
    "end": 1649861517394,
    "duration": 77,
    "pid": 20464,
    "index": 55
  },
  {
    "name": "Require(46) app.js",
    "start": 1649861517457,
    "end": 1649861531614,
    "duration": 14157,
    "pid": 20464,
    "index": 56
  },
  {
    "name": "Before Start in node_modules/egg-watcher/lib/init.js:15:14",
    "start": 1649861531734,
    "end": 1649861536409,
    "duration": 4675,
    "pid": 20464,
    "index": 57
  },
  {
    "name": "Before Start in node_modules/egg-mongoose/lib/mongoose.js:104:7",
    "start": 1649861531869,
    "end": 1649861536406,
    "duration": 4537,
    "pid": 20464,
    "index": 58
  },
  {
    "name": "Before Start in node_modules/egg-mongoose/lib/mongoose.js:52:9",
    "start": 1649861531869,
    "end": 1649861536367,
    "duration": 4498,
    "pid": 20464,
    "index": 59
  },
  {
    "name": "Load Service",
    "start": 1649861531870,
    "end": 1649861532244,
    "duration": 374,
    "pid": 20464,
    "index": 60
  },
  {
    "name": "Load \"service\" to Context",
    "start": 1649861531870,
    "end": 1649861532244,
    "duration": 374,
    "pid": 20464,
    "index": 61
  },
  {
    "name": "Load Middleware",
    "start": 1649861532244,
    "end": 1649861535704,
    "duration": 3460,
    "pid": 20464,
    "index": 62
  },
  {
    "name": "Load \"middlewares\" to Application",
    "start": 1649861532245,
    "end": 1649861535645,
    "duration": 3400,
    "pid": 20464,
    "index": 63
  },
  {
    "name": "Load Controller",
    "start": 1649861535704,
    "end": 1649861536181,
    "duration": 477,
    "pid": 20464,
    "index": 64
  },
  {
    "name": "Load \"controller\" to Application",
    "start": 1649861535704,
    "end": 1649861536181,
    "duration": 477,
    "pid": 20464,
    "index": 65
  },
  {
    "name": "Load Router",
    "start": 1649861536181,
    "end": 1649861536215,
    "duration": 34,
    "pid": 20464,
    "index": 66
  },
  {
    "name": "Require(47) app/router.js",
    "start": 1649861536207,
    "end": 1649861536208,
    "duration": 1,
    "pid": 20464,
    "index": 67
  },
  {
    "name": "Before Start in node_modules/egg-core/lib/egg.js:303:10",
    "start": 1649861536210,
    "end": 1649861536367,
    "duration": 157,
    "pid": 20464,
    "index": 68
  },
  {
    "name": "Load \"model\" to Application",
    "start": 1649861536279,
    "end": 1649861536366,
    "duration": 87,
    "pid": 20464,
    "index": 69
  },
  {
    "name": "Will Ready in app.js:willReady",
    "start": 1649861536411,
    "end": 1649861536416,
    "duration": 5,
    "pid": 20464,
    "index": 70
  }
]