[
  {
    "name": "Process Start",
    "start": 1649861512890,
    "end": 1649861514975,
    "duration": 2085,
    "pid": 7924,
    "index": 0
  },
  {
    "name": "Application Start",
    "start": 1649861514978,
    "end": 1649861536489,
    "duration": 21511,
    "pid": 7924,
    "index": 1
  },
  {
    "name": "Load Plugin",
    "start": 1649861514990,
    "end": 1649861515069,
    "duration": 79,
    "pid": 7924,
    "index": 2
  },
  {
    "name": "Load Config",
    "start": 1649861515069,
    "end": 1649861515106,
    "duration": 37,
    "pid": 7924,
    "index": 3
  },
  {
    "name": "Require(0) config/config.default.js",
    "start": 1649861515070,
    "end": 1649861515071,
    "duration": 1,
    "pid": 7924,
    "index": 4
  },
  {
    "name": "Require(1) node_modules/egg-session/config/config.default.js",
    "start": 1649861515074,
    "end": 1649861515075,
    "duration": 1,
    "pid": 7924,
    "index": 5
  },
  {
    "name": "Require(2) node_modules/egg-security/config/config.default.js",
    "start": 1649861515076,
    "end": 1649861515077,
    "duration": 1,
    "pid": 7924,
    "index": 6
  },
  {
    "name": "Require(3) node_modules/egg-jsonp/config/config.default.js",
    "start": 1649861515079,
    "end": 1649861515080,
    "duration": 1,
    "pid": 7924,
    "index": 7
  },
  {
    "name": "Require(4) node_modules/egg-onerror/config/config.default.js",
    "start": 1649861515081,
    "end": 1649861515082,
    "duration": 1,
    "pid": 7924,
    "index": 8
  },
  {
    "name": "Require(5) node_modules/egg-i18n/config/config.default.js",
    "start": 1649861515083,
    "end": 1649861515083,
    "duration": 0,
    "pid": 7924,
    "index": 9
  },
  {
    "name": "Require(6) node_modules/egg-watcher/config/config.default.js",
    "start": 1649861515084,
    "end": 1649861515085,
    "duration": 1,
    "pid": 7924,
    "index": 10
  },
  {
    "name": "Require(7) node_modules/egg-schedule/config/config.default.js",
    "start": 1649861515086,
    "end": 1649861515086,
    "duration": 0,
    "pid": 7924,
    "index": 11
  },
  {
    "name": "Require(8) node_modules/egg-multipart/config/config.default.js",
    "start": 1649861515087,
    "end": 1649861515088,
    "duration": 1,
    "pid": 7924,
    "index": 12
  },
  {
    "name": "Require(9) node_modules/egg-logrotator/config/config.default.js",
    "start": 1649861515089,
    "end": 1649861515089,
    "duration": 0,
    "pid": 7924,
    "index": 13
  },
  {
    "name": "Require(10) node_modules/egg-static/config/config.default.js",
    "start": 1649861515090,
    "end": 1649861515091,
    "duration": 1,
    "pid": 7924,
    "index": 14
  },
  {
    "name": "Require(11) node_modules/egg-view/config/config.default.js",
    "start": 1649861515092,
    "end": 1649861515092,
    "duration": 0,
    "pid": 7924,
    "index": 15
  },
  {
    "name": "Require(12) node_modules/egg-mongoose/config/config.default.js",
    "start": 1649861515093,
    "end": 1649861515094,
    "duration": 1,
    "pid": 7924,
    "index": 16
  },
  {
    "name": "Require(13) node_modules/egg-validate/config/config.default.js",
    "start": 1649861515095,
    "end": 1649861515095,
    "duration": 0,
    "pid": 7924,
    "index": 17
  },
  {
    "name": "Require(14) node_modules/egg/config/config.default.js",
    "start": 1649861515096,
    "end": 1649861515096,
    "duration": 0,
    "pid": 7924,
    "index": 18
  },
  {
    "name": "Require(15) config/config.default.js",
    "start": 1649861515098,
    "end": 1649861515098,
    "duration": 0,
    "pid": 7924,
    "index": 19
  },
  {
    "name": "Require(16) node_modules/egg-static/config/config.prod.js",
    "start": 1649861515103,
    "end": 1649861515103,
    "duration": 0,
    "pid": 7924,
    "index": 20
  },
  {
    "name": "Load extend/application.js",
    "start": 1649861515107,
    "end": 1649861515160,
    "duration": 53,
    "pid": 7924,
    "index": 21
  },
  {
    "name": "Require(17) node_modules/egg-session/app/extend/application.js",
    "start": 1649861515108,
    "end": 1649861515109,
    "duration": 1,
    "pid": 7924,
    "index": 22
  },
  {
    "name": "Require(18) node_modules/egg-security/app/extend/application.js",
    "start": 1649861515110,
    "end": 1649861515114,
    "duration": 4,
    "pid": 7924,
    "index": 23
  },
  {
    "name": "Require(19) node_modules/egg-jsonp/app/extend/application.js",
    "start": 1649861515115,
    "end": 1649861515118,
    "duration": 3,
    "pid": 7924,
    "index": 24
  },
  {
    "name": "Require(20) node_modules/egg-logrotator/app/extend/application.js",
    "start": 1649861515124,
    "end": 1649861515139,
    "duration": 15,
    "pid": 7924,
    "index": 25
  },
  {
    "name": "Require(21) node_modules/egg-view/app/extend/application.js",
    "start": 1649861515140,
    "end": 1649861515144,
    "duration": 4,
    "pid": 7924,
    "index": 26
  },
  {
    "name": "Require(22) app/extend/application.js",
    "start": 1649861515149,
    "end": 1649861515150,
    "duration": 1,
    "pid": 7924,
    "index": 27
  },
  {
    "name": "Load extend/request.js",
    "start": 1649861515160,
    "end": 1649861515399,
    "duration": 239,
    "pid": 7924,
    "index": 28
  },
  {
    "name": "Require(23) node_modules/egg/app/extend/request.js",
    "start": 1649861515216,
    "end": 1649861515281,
    "duration": 65,
    "pid": 7924,
    "index": 29
  },
  {
    "name": "Load extend/response.js",
    "start": 1649861515400,
    "end": 1649861515489,
    "duration": 89,
    "pid": 7924,
    "index": 30
  },
  {
    "name": "Require(24) node_modules/egg/app/extend/response.js",
    "start": 1649861515430,
    "end": 1649861515457,
    "duration": 27,
    "pid": 7924,
    "index": 31
  },
  {
    "name": "Load extend/context.js",
    "start": 1649861515489,
    "end": 1649861515767,
    "duration": 278,
    "pid": 7924,
    "index": 32
  },
  {
    "name": "Require(25) node_modules/egg-security/app/extend/context.js",
    "start": 1649861515493,
    "end": 1649861515559,
    "duration": 66,
    "pid": 7924,
    "index": 33
  },
  {
    "name": "Require(26) node_modules/egg-jsonp/app/extend/context.js",
    "start": 1649861515560,
    "end": 1649861515564,
    "duration": 4,
    "pid": 7924,
    "index": 34
  },
  {
    "name": "Require(27) node_modules/egg-i18n/app/extend/context.js",
    "start": 1649861515565,
    "end": 1649861515566,
    "duration": 1,
    "pid": 7924,
    "index": 35
  },
  {
    "name": "Require(28) node_modules/egg-multipart/app/extend/context.js",
    "start": 1649861515568,
    "end": 1649861515720,
    "duration": 152,
    "pid": 7924,
    "index": 36
  },
  {
    "name": "Require(29) node_modules/egg-view/app/extend/context.js",
    "start": 1649861515722,
    "end": 1649861515724,
    "duration": 2,
    "pid": 7924,
    "index": 37
  },
  {
    "name": "Require(30) node_modules/egg-mongoose/app/extend/context.js",
    "start": 1649861515725,
    "end": 1649861515727,
    "duration": 2,
    "pid": 7924,
    "index": 38
  },
  {
    "name": "Require(31) node_modules/egg-validate/app/extend/context.js",
    "start": 1649861515732,
    "end": 1649861515733,
    "duration": 1,
    "pid": 7924,
    "index": 39
  },
  {
    "name": "Require(32) node_modules/egg/app/extend/context.js",
    "start": 1649861515734,
    "end": 1649861515754,
    "duration": 20,
    "pid": 7924,
    "index": 40
  },
  {
    "name": "Load extend/helper.js",
    "start": 1649861515767,
    "end": 1649861516358,
    "duration": 591,
    "pid": 7924,
    "index": 41
  },
  {
    "name": "Require(33) node_modules/egg-security/app/extend/helper.js",
    "start": 1649861515769,
    "end": 1649861516321,
    "duration": 552,
    "pid": 7924,
    "index": 42
  },
  {
    "name": "Require(34) node_modules/egg/app/extend/helper.js",
    "start": 1649861516333,
    "end": 1649861516346,
    "duration": 13,
    "pid": 7924,
    "index": 43
  },
  {
    "name": "Load app.js",
    "start": 1649861516359,
    "end": 1649861531614,
    "duration": 15255,
    "pid": 7924,
    "index": 44
  },
  {
    "name": "Require(35) node_modules/egg-session/app.js",
    "start": 1649861516389,
    "end": 1649861516397,
    "duration": 8,
    "pid": 7924,
    "index": 45
  },
  {
    "name": "Require(36) node_modules/egg-security/app.js",
    "start": 1649861516414,
    "end": 1649861516429,
    "duration": 15,
    "pid": 7924,
    "index": 46
  },
  {
    "name": "Require(37) node_modules/egg-onerror/app.js",
    "start": 1649861516456,
    "end": 1649861516866,
    "duration": 410,
    "pid": 7924,
    "index": 47
  },
  {
    "name": "Require(38) node_modules/egg-i18n/app.js",
    "start": 1649861516881,
    "end": 1649861517115,
    "duration": 234,
    "pid": 7924,
    "index": 48
  },
  {
    "name": "Require(39) node_modules/egg-watcher/app.js",
    "start": 1649861517117,
    "end": 1649861517133,
    "duration": 16,
    "pid": 7924,
    "index": 49
  },
  {
    "name": "Require(40) node_modules/egg-schedule/app.js",
    "start": 1649861517164,
    "end": 1649861517193,
    "duration": 29,
    "pid": 7924,
    "index": 50
  },
  {
    "name": "Require(41) node_modules/egg-multipart/app.js",
    "start": 1649861517209,
    "end": 1649861517219,
    "duration": 10,
    "pid": 7924,
    "index": 51
  },
  {
    "name": "Require(42) node_modules/egg-logrotator/app.js",
    "start": 1649861517240,
    "end": 1649861517248,
    "duration": 8,
    "pid": 7924,
    "index": 52
  },
  {
    "name": "Require(43) node_modules/egg-static/app.js",
    "start": 1649861517250,
    "end": 1649861517257,
    "duration": 7,
    "pid": 7924,
    "index": 53
  },
  {
    "name": "Require(44) node_modules/egg-mongoose/app.js",
    "start": 1649861517295,
    "end": 1649861517302,
    "duration": 7,
    "pid": 7924,
    "index": 54
  },
  {
    "name": "Require(45) node_modules/egg-validate/app.js",
    "start": 1649861517316,
    "end": 1649861517393,
    "duration": 77,
    "pid": 7924,
    "index": 55
  },
  {
    "name": "Require(46) app.js",
    "start": 1649861517457,
    "end": 1649861531614,
    "duration": 14157,
    "pid": 7924,
    "index": 56
  },
  {
    "name": "Before Start in node_modules/egg-watcher/lib/init.js:15:14",
    "start": 1649861531736,
    "end": 1649861536453,
    "duration": 4717,
    "pid": 7924,
    "index": 57
  },
  {
    "name": "Before Start in node_modules/egg-mongoose/lib/mongoose.js:104:7",
    "start": 1649861531886,
    "end": 1649861536449,
    "duration": 4563,
    "pid": 7924,
    "index": 58
  },
  {
    "name": "Before Start in node_modules/egg-mongoose/lib/mongoose.js:52:9",
    "start": 1649861531886,
    "end": 1649861536385,
    "duration": 4499,
    "pid": 7924,
    "index": 59
  },
  {
    "name": "Load Service",
    "start": 1649861531887,
    "end": 1649861532245,
    "duration": 358,
    "pid": 7924,
    "index": 60
  },
  {
    "name": "Load \"service\" to Context",
    "start": 1649861531888,
    "end": 1649861532245,
    "duration": 357,
    "pid": 7924,
    "index": 61
  },
  {
    "name": "Load Middleware",
    "start": 1649861532245,
    "end": 1649861535704,
    "duration": 3459,
    "pid": 7924,
    "index": 62
  },
  {
    "name": "Load \"middlewares\" to Application",
    "start": 1649861532245,
    "end": 1649861535646,
    "duration": 3401,
    "pid": 7924,
    "index": 63
  },
  {
    "name": "Load Controller",
    "start": 1649861535704,
    "end": 1649861536177,
    "duration": 473,
    "pid": 7924,
    "index": 64
  },
  {
    "name": "Load \"controller\" to Application",
    "start": 1649861535704,
    "end": 1649861536177,
    "duration": 473,
    "pid": 7924,
    "index": 65
  },
  {
    "name": "Load Router",
    "start": 1649861536177,
    "end": 1649861536212,
    "duration": 35,
    "pid": 7924,
    "index": 66
  },
  {
    "name": "Require(47) app/router.js",
    "start": 1649861536179,
    "end": 1649861536206,
    "duration": 27,
    "pid": 7924,
    "index": 67
  },
  {
    "name": "Before Start in node_modules/egg-core/lib/egg.js:303:10",
    "start": 1649861536207,
    "end": 1649861536385,
    "duration": 178,
    "pid": 7924,
    "index": 68
  },
  {
    "name": "Load \"model\" to Application",
    "start": 1649861536278,
    "end": 1649861536384,
    "duration": 106,
    "pid": 7924,
    "index": 69
  },
  {
    "name": "Will Ready in app.js:willReady",
    "start": 1649861536468,
    "end": 1649861536477,
    "duration": 9,
    "pid": 7924,
    "index": 70
  }
]