[
  {
    "name": "Process Start",
    "start": 1649861512781,
    "end": 1649861514752,
    "duration": 1971,
    "pid": 7688,
    "index": 0
  },
  {
    "name": "Application Start",
    "start": 1649861514755,
    "end": 1649861536418,
    "duration": 21663,
    "pid": 7688,
    "index": 1
  },
  {
    "name": "Load Plugin",
    "start": 1649861514766,
    "end": 1649861514855,
    "duration": 89,
    "pid": 7688,
    "index": 2
  },
  {
    "name": "Load Config",
    "start": 1649861514855,
    "end": 1649861514906,
    "duration": 51,
    "pid": 7688,
    "index": 3
  },
  {
    "name": "Require(0) config/config.default.js",
    "start": 1649861514856,
    "end": 1649861514858,
    "duration": 2,
    "pid": 7688,
    "index": 4
  },
  {
    "name": "Require(1) node_modules/egg-session/config/config.default.js",
    "start": 1649861514861,
    "end": 1649861514862,
    "duration": 1,
    "pid": 7688,
    "index": 5
  },
  {
    "name": "Require(2) node_modules/egg-security/config/config.default.js",
    "start": 1649861514863,
    "end": 1649861514864,
    "duration": 1,
    "pid": 7688,
    "index": 6
  },
  {
    "name": "Require(3) node_modules/egg-jsonp/config/config.default.js",
    "start": 1649861514866,
    "end": 1649861514867,
    "duration": 1,
    "pid": 7688,
    "index": 7
  },
  {
    "name": "Require(4) node_modules/egg-onerror/config/config.default.js",
    "start": 1649861514868,
    "end": 1649861514869,
    "duration": 1,
    "pid": 7688,
    "index": 8
  },
  {
    "name": "Require(5) node_modules/egg-i18n/config/config.default.js",
    "start": 1649861514870,
    "end": 1649861514871,
    "duration": 1,
    "pid": 7688,
    "index": 9
  },
  {
    "name": "Require(6) node_modules/egg-watcher/config/config.default.js",
    "start": 1649861514873,
    "end": 1649861514874,
    "duration": 1,
    "pid": 7688,
    "index": 10
  },
  {
    "name": "Require(7) node_modules/egg-schedule/config/config.default.js",
    "start": 1649861514875,
    "end": 1649861514876,
    "duration": 1,
    "pid": 7688,
    "index": 11
  },
  {
    "name": "Require(8) node_modules/egg-multipart/config/config.default.js",
    "start": 1649861514877,
    "end": 1649861514878,
    "duration": 1,
    "pid": 7688,
    "index": 12
  },
  {
    "name": "Require(9) node_modules/egg-logrotator/config/config.default.js",
    "start": 1649861514880,
    "end": 1649861514881,
    "duration": 1,
    "pid": 7688,
    "index": 13
  },
  {
    "name": "Require(10) node_modules/egg-static/config/config.default.js",
    "start": 1649861514882,
    "end": 1649861514883,
    "duration": 1,
    "pid": 7688,
    "index": 14
  },
  {
    "name": "Require(11) node_modules/egg-view/config/config.default.js",
    "start": 1649861514884,
    "end": 1649861514885,
    "duration": 1,
    "pid": 7688,
    "index": 15
  },
  {
    "name": "Require(12) node_modules/egg-mongoose/config/config.default.js",
    "start": 1649861514887,
    "end": 1649861514888,
    "duration": 1,
    "pid": 7688,
    "index": 16
  },
  {
    "name": "Require(13) node_modules/egg-validate/config/config.default.js",
    "start": 1649861514889,
    "end": 1649861514890,
    "duration": 1,
    "pid": 7688,
    "index": 17
  },
  {
    "name": "Require(14) node_modules/egg/config/config.default.js",
    "start": 1649861514890,
    "end": 1649861514891,
    "duration": 1,
    "pid": 7688,
    "index": 18
  },
  {
    "name": "Require(15) config/config.default.js",
    "start": 1649861514893,
    "end": 1649861514894,
    "duration": 1,
    "pid": 7688,
    "index": 19
  },
  {
    "name": "Require(16) node_modules/egg-static/config/config.prod.js",
    "start": 1649861514902,
    "end": 1649861514902,
    "duration": 0,
    "pid": 7688,
    "index": 20
  },
  {
    "name": "Load extend/application.js",
    "start": 1649861514908,
    "end": 1649861515153,
    "duration": 245,
    "pid": 7688,
    "index": 21
  },
  {
    "name": "Require(17) node_modules/egg-session/app/extend/application.js",
    "start": 1649861514929,
    "end": 1649861514946,
    "duration": 17,
    "pid": 7688,
    "index": 22
  },
  {
    "name": "Require(18) node_modules/egg-security/app/extend/application.js",
    "start": 1649861514947,
    "end": 1649861514989,
    "duration": 42,
    "pid": 7688,
    "index": 23
  },
  {
    "name": "Require(19) node_modules/egg-jsonp/app/extend/application.js",
    "start": 1649861514990,
    "end": 1649861515027,
    "duration": 37,
    "pid": 7688,
    "index": 24
  },
  {
    "name": "Require(20) node_modules/egg-logrotator/app/extend/application.js",
    "start": 1649861515032,
    "end": 1649861515066,
    "duration": 34,
    "pid": 7688,
    "index": 25
  },
  {
    "name": "Require(21) node_modules/egg-view/app/extend/application.js",
    "start": 1649861515068,
    "end": 1649861515138,
    "duration": 70,
    "pid": 7688,
    "index": 26
  },
  {
    "name": "Require(22) app/extend/application.js",
    "start": 1649861515143,
    "end": 1649861515144,
    "duration": 1,
    "pid": 7688,
    "index": 27
  },
  {
    "name": "Load extend/request.js",
    "start": 1649861515153,
    "end": 1649861515347,
    "duration": 194,
    "pid": 7688,
    "index": 28
  },
  {
    "name": "Require(23) node_modules/egg/app/extend/request.js",
    "start": 1649861515215,
    "end": 1649861515278,
    "duration": 63,
    "pid": 7688,
    "index": 29
  },
  {
    "name": "Load extend/response.js",
    "start": 1649861515347,
    "end": 1649861515484,
    "duration": 137,
    "pid": 7688,
    "index": 30
  },
  {
    "name": "Require(24) node_modules/egg/app/extend/response.js",
    "start": 1649861515392,
    "end": 1649861515457,
    "duration": 65,
    "pid": 7688,
    "index": 31
  },
  {
    "name": "Load extend/context.js",
    "start": 1649861515484,
    "end": 1649861515733,
    "duration": 249,
    "pid": 7688,
    "index": 32
  },
  {
    "name": "Require(25) node_modules/egg-security/app/extend/context.js",
    "start": 1649861515487,
    "end": 1649861515556,
    "duration": 69,
    "pid": 7688,
    "index": 33
  },
  {
    "name": "Require(26) node_modules/egg-jsonp/app/extend/context.js",
    "start": 1649861515557,
    "end": 1649861515560,
    "duration": 3,
    "pid": 7688,
    "index": 34
  },
  {
    "name": "Require(27) node_modules/egg-i18n/app/extend/context.js",
    "start": 1649861515561,
    "end": 1649861515562,
    "duration": 1,
    "pid": 7688,
    "index": 35
  },
  {
    "name": "Require(28) node_modules/egg-multipart/app/extend/context.js",
    "start": 1649861515564,
    "end": 1649861515698,
    "duration": 134,
    "pid": 7688,
    "index": 36
  },
  {
    "name": "Require(29) node_modules/egg-view/app/extend/context.js",
    "start": 1649861515700,
    "end": 1649861515702,
    "duration": 2,
    "pid": 7688,
    "index": 37
  },
  {
    "name": "Require(30) node_modules/egg-mongoose/app/extend/context.js",
    "start": 1649861515703,
    "end": 1649861515704,
    "duration": 1,
    "pid": 7688,
    "index": 38
  },
  {
    "name": "Require(31) node_modules/egg-validate/app/extend/context.js",
    "start": 1649861515705,
    "end": 1649861515706,
    "duration": 1,
    "pid": 7688,
    "index": 39
  },
  {
    "name": "Require(32) node_modules/egg/app/extend/context.js",
    "start": 1649861515707,
    "end": 1649861515712,
    "duration": 5,
    "pid": 7688,
    "index": 40
  },
  {
    "name": "Load extend/helper.js",
    "start": 1649861515734,
    "end": 1649861516360,
    "duration": 626,
    "pid": 7688,
    "index": 41
  },
  {
    "name": "Require(33) node_modules/egg-security/app/extend/helper.js",
    "start": 1649861515737,
    "end": 1649861516321,
    "duration": 584,
    "pid": 7688,
    "index": 42
  },
  {
    "name": "Require(34) node_modules/egg/app/extend/helper.js",
    "start": 1649861516337,
    "end": 1649861516346,
    "duration": 9,
    "pid": 7688,
    "index": 43
  },
  {
    "name": "Load app.js",
    "start": 1649861516361,
    "end": 1649861531615,
    "duration": 15254,
    "pid": 7688,
    "index": 44
  },
  {
    "name": "Require(35) node_modules/egg-session/app.js",
    "start": 1649861516389,
    "end": 1649861516397,
    "duration": 8,
    "pid": 7688,
    "index": 45
  },
  {
    "name": "Require(36) node_modules/egg-security/app.js",
    "start": 1649861516400,
    "end": 1649861516430,
    "duration": 30,
    "pid": 7688,
    "index": 46
  },
  {
    "name": "Require(37) node_modules/egg-onerror/app.js",
    "start": 1649861516455,
    "end": 1649861516866,
    "duration": 411,
    "pid": 7688,
    "index": 47
  },
  {
    "name": "Require(38) node_modules/egg-i18n/app.js",
    "start": 1649861516881,
    "end": 1649861517115,
    "duration": 234,
    "pid": 7688,
    "index": 48
  },
  {
    "name": "Require(39) node_modules/egg-watcher/app.js",
    "start": 1649861517117,
    "end": 1649861517129,
    "duration": 12,
    "pid": 7688,
    "index": 49
  },
  {
    "name": "Require(40) node_modules/egg-schedule/app.js",
    "start": 1649861517163,
    "end": 1649861517192,
    "duration": 29,
    "pid": 7688,
    "index": 50
  },
  {
    "name": "Require(41) node_modules/egg-multipart/app.js",
    "start": 1649861517209,
    "end": 1649861517219,
    "duration": 10,
    "pid": 7688,
    "index": 51
  },
  {
    "name": "Require(42) node_modules/egg-logrotator/app.js",
    "start": 1649861517240,
    "end": 1649861517248,
    "duration": 8,
    "pid": 7688,
    "index": 52
  },
  {
    "name": "Require(43) node_modules/egg-static/app.js",
    "start": 1649861517251,
    "end": 1649861517258,
    "duration": 7,
    "pid": 7688,
    "index": 53
  },
  {
    "name": "Require(44) node_modules/egg-mongoose/app.js",
    "start": 1649861517295,
    "end": 1649861517302,
    "duration": 7,
    "pid": 7688,
    "index": 54
  },
  {
    "name": "Require(45) node_modules/egg-validate/app.js",
    "start": 1649861517316,
    "end": 1649861517393,
    "duration": 77,
    "pid": 7688,
    "index": 55
  },
  {
    "name": "Require(46) app.js",
    "start": 1649861517459,
    "end": 1649861531615,
    "duration": 14156,
    "pid": 7688,
    "index": 56
  },
  {
    "name": "Before Start in node_modules/egg-watcher/lib/init.js:15:14",
    "start": 1649861531733,
    "end": 1649861536403,
    "duration": 4670,
    "pid": 7688,
    "index": 57
  },
  {
    "name": "Before Start in node_modules/egg-mongoose/lib/mongoose.js:104:7",
    "start": 1649861531874,
    "end": 1649861536399,
    "duration": 4525,
    "pid": 7688,
    "index": 58
  },
  {
    "name": "Before Start in node_modules/egg-mongoose/lib/mongoose.js:52:9",
    "start": 1649861531875,
    "end": 1649861536353,
    "duration": 4478,
    "pid": 7688,
    "index": 59
  },
  {
    "name": "Load Service",
    "start": 1649861531875,
    "end": 1649861532242,
    "duration": 367,
    "pid": 7688,
    "index": 60
  },
  {
    "name": "Load \"service\" to Context",
    "start": 1649861531876,
    "end": 1649861532242,
    "duration": 366,
    "pid": 7688,
    "index": 61
  },
  {
    "name": "Load Middleware",
    "start": 1649861532243,
    "end": 1649861535701,
    "duration": 3458,
    "pid": 7688,
    "index": 62
  },
  {
    "name": "Load \"middlewares\" to Application",
    "start": 1649861532243,
    "end": 1649861535645,
    "duration": 3402,
    "pid": 7688,
    "index": 63
  },
  {
    "name": "Load Controller",
    "start": 1649861535701,
    "end": 1649861536177,
    "duration": 476,
    "pid": 7688,
    "index": 64
  },
  {
    "name": "Load \"controller\" to Application",
    "start": 1649861535701,
    "end": 1649861536177,
    "duration": 476,
    "pid": 7688,
    "index": 65
  },
  {
    "name": "Load Router",
    "start": 1649861536177,
    "end": 1649861536211,
    "duration": 34,
    "pid": 7688,
    "index": 66
  },
  {
    "name": "Require(47) app/router.js",
    "start": 1649861536206,
    "end": 1649861536207,
    "duration": 1,
    "pid": 7688,
    "index": 67
  },
  {
    "name": "Before Start in node_modules/egg-core/lib/egg.js:303:10",
    "start": 1649861536207,
    "end": 1649861536353,
    "duration": 146,
    "pid": 7688,
    "index": 68
  },
  {
    "name": "Load \"model\" to Application",
    "start": 1649861536283,
    "end": 1649861536352,
    "duration": 69,
    "pid": 7688,
    "index": 69
  },
  {
    "name": "Will Ready in app.js:willReady",
    "start": 1649861536403,
    "end": 1649861536408,
    "duration": 5,
    "pid": 7688,
    "index": 70
  }
]