[
  {
    "name": "Process Start",
    "start": 1649861903005,
    "end": 1649861904844,
    "duration": 1839,
    "pid": 4400,
    "index": 0
  },
  {
    "name": "Application Start",
    "start": 1649861904852,
    "end": 1649861907521,
    "duration": 2669,
    "pid": 4400,
    "index": 1
  },
  {
    "name": "Load Plugin",
    "start": 1649861904863,
    "end": 1649861904950,
    "duration": 87,
    "pid": 4400,
    "index": 2
  },
  {
    "name": "Load Config",
    "start": 1649861904950,
    "end": 1649861905012,
    "duration": 62,
    "pid": 4400,
    "index": 3
  },
  {
    "name": "Require(0) config/config.default.js",
    "start": 1649861904951,
    "end": 1649861904953,
    "duration": 2,
    "pid": 4400,
    "index": 4
  },
  {
    "name": "Require(1) node_modules/egg-session/config/config.default.js",
    "start": 1649861904956,
    "end": 1649861904957,
    "duration": 1,
    "pid": 4400,
    "index": 5
  },
  {
    "name": "Require(2) node_modules/egg-security/config/config.default.js",
    "start": 1649861904958,
    "end": 1649861904959,
    "duration": 1,
    "pid": 4400,
    "index": 6
  },
  {
    "name": "Require(3) node_modules/egg-jsonp/config/config.default.js",
    "start": 1649861904961,
    "end": 1649861904964,
    "duration": 3,
    "pid": 4400,
    "index": 7
  },
  {
    "name": "Require(4) node_modules/egg-onerror/config/config.default.js",
    "start": 1649861904965,
    "end": 1649861904969,
    "duration": 4,
    "pid": 4400,
    "index": 8
  },
  {
    "name": "Require(5) node_modules/egg-i18n/config/config.default.js",
    "start": 1649861904974,
    "end": 1649861904975,
    "duration": 1,
    "pid": 4400,
    "index": 9
  },
  {
    "name": "Require(6) node_modules/egg-watcher/config/config.default.js",
    "start": 1649861904979,
    "end": 1649861904980,
    "duration": 1,
    "pid": 4400,
    "index": 10
  },
  {
    "name": "Require(7) node_modules/egg-schedule/config/config.default.js",
    "start": 1649861904981,
    "end": 1649861904982,
    "duration": 1,
    "pid": 4400,
    "index": 11
  },
  {
    "name": "Require(8) node_modules/egg-multipart/config/config.default.js",
    "start": 1649861904984,
    "end": 1649861904985,
    "duration": 1,
    "pid": 4400,
    "index": 12
  },
  {
    "name": "Require(9) node_modules/egg-logrotator/config/config.default.js",
    "start": 1649861904987,
    "end": 1649861904988,
    "duration": 1,
    "pid": 4400,
    "index": 13
  },
  {
    "name": "Require(10) node_modules/egg-static/config/config.default.js",
    "start": 1649861904989,
    "end": 1649861904990,
    "duration": 1,
    "pid": 4400,
    "index": 14
  },
  {
    "name": "Require(11) node_modules/egg-view/config/config.default.js",
    "start": 1649861904991,
    "end": 1649861904992,
    "duration": 1,
    "pid": 4400,
    "index": 15
  },
  {
    "name": "Require(12) node_modules/egg-mongoose/config/config.default.js",
    "start": 1649861904994,
    "end": 1649861904995,
    "duration": 1,
    "pid": 4400,
    "index": 16
  },
  {
    "name": "Require(13) node_modules/egg-validate/config/config.default.js",
    "start": 1649861904996,
    "end": 1649861904997,
    "duration": 1,
    "pid": 4400,
    "index": 17
  },
  {
    "name": "Require(14) node_modules/egg/config/config.default.js",
    "start": 1649861904997,
    "end": 1649861904998,
    "duration": 1,
    "pid": 4400,
    "index": 18
  },
  {
    "name": "Require(15) config/config.default.js",
    "start": 1649861905001,
    "end": 1649861905001,
    "duration": 0,
    "pid": 4400,
    "index": 19
  },
  {
    "name": "Require(16) node_modules/egg-static/config/config.prod.js",
    "start": 1649861905008,
    "end": 1649861905008,
    "duration": 0,
    "pid": 4400,
    "index": 20
  },
  {
    "name": "Load extend/application.js",
    "start": 1649861905014,
    "end": 1649861905076,
    "duration": 62,
    "pid": 4400,
    "index": 21
  },
  {
    "name": "Require(17) node_modules/egg-session/app/extend/application.js",
    "start": 1649861905015,
    "end": 1649861905016,
    "duration": 1,
    "pid": 4400,
    "index": 22
  },
  {
    "name": "Require(18) node_modules/egg-security/app/extend/application.js",
    "start": 1649861905017,
    "end": 1649861905020,
    "duration": 3,
    "pid": 4400,
    "index": 23
  },
  {
    "name": "Require(19) node_modules/egg-jsonp/app/extend/application.js",
    "start": 1649861905021,
    "end": 1649861905025,
    "duration": 4,
    "pid": 4400,
    "index": 24
  },
  {
    "name": "Require(20) node_modules/egg-logrotator/app/extend/application.js",
    "start": 1649861905029,
    "end": 1649861905056,
    "duration": 27,
    "pid": 4400,
    "index": 25
  },
  {
    "name": "Require(21) node_modules/egg-view/app/extend/application.js",
    "start": 1649861905057,
    "end": 1649861905061,
    "duration": 4,
    "pid": 4400,
    "index": 26
  },
  {
    "name": "Require(22) app/extend/application.js",
    "start": 1649861905064,
    "end": 1649861905065,
    "duration": 1,
    "pid": 4400,
    "index": 27
  },
  {
    "name": "Load extend/request.js",
    "start": 1649861905076,
    "end": 1649861905105,
    "duration": 29,
    "pid": 4400,
    "index": 28
  },
  {
    "name": "Require(23) node_modules/egg/app/extend/request.js",
    "start": 1649861905090,
    "end": 1649861905093,
    "duration": 3,
    "pid": 4400,
    "index": 29
  },
  {
    "name": "Load extend/response.js",
    "start": 1649861905105,
    "end": 1649861905137,
    "duration": 32,
    "pid": 4400,
    "index": 30
  },
  {
    "name": "Require(24) node_modules/egg/app/extend/response.js",
    "start": 1649861905117,
    "end": 1649861905123,
    "duration": 6,
    "pid": 4400,
    "index": 31
  },
  {
    "name": "Load extend/context.js",
    "start": 1649861905137,
    "end": 1649861905373,
    "duration": 236,
    "pid": 4400,
    "index": 32
  },
  {
    "name": "Require(25) node_modules/egg-security/app/extend/context.js",
    "start": 1649861905139,
    "end": 1649861905182,
    "duration": 43,
    "pid": 4400,
    "index": 33
  },
  {
    "name": "Require(26) node_modules/egg-jsonp/app/extend/context.js",
    "start": 1649861905183,
    "end": 1649861905186,
    "duration": 3,
    "pid": 4400,
    "index": 34
  },
  {
    "name": "Require(27) node_modules/egg-i18n/app/extend/context.js",
    "start": 1649861905188,
    "end": 1649861905196,
    "duration": 8,
    "pid": 4400,
    "index": 35
  },
  {
    "name": "Require(28) node_modules/egg-multipart/app/extend/context.js",
    "start": 1649861905200,
    "end": 1649861905330,
    "duration": 130,
    "pid": 4400,
    "index": 36
  },
  {
    "name": "Require(29) node_modules/egg-view/app/extend/context.js",
    "start": 1649861905348,
    "end": 1649861905350,
    "duration": 2,
    "pid": 4400,
    "index": 37
  },
  {
    "name": "Require(30) node_modules/egg-mongoose/app/extend/context.js",
    "start": 1649861905352,
    "end": 1649861905352,
    "duration": 0,
    "pid": 4400,
    "index": 38
  },
  {
    "name": "Require(31) node_modules/egg-validate/app/extend/context.js",
    "start": 1649861905354,
    "end": 1649861905357,
    "duration": 3,
    "pid": 4400,
    "index": 39
  },
  {
    "name": "Require(32) node_modules/egg/app/extend/context.js",
    "start": 1649861905357,
    "end": 1649861905363,
    "duration": 6,
    "pid": 4400,
    "index": 40
  },
  {
    "name": "Load extend/helper.js",
    "start": 1649861905373,
    "end": 1649861905432,
    "duration": 59,
    "pid": 4400,
    "index": 41
  },
  {
    "name": "Require(33) node_modules/egg-security/app/extend/helper.js",
    "start": 1649861905374,
    "end": 1649861905414,
    "duration": 40,
    "pid": 4400,
    "index": 42
  },
  {
    "name": "Require(34) node_modules/egg/app/extend/helper.js",
    "start": 1649861905422,
    "end": 1649861905422,
    "duration": 0,
    "pid": 4400,
    "index": 43
  },
  {
    "name": "Load app.js",
    "start": 1649861905432,
    "end": 1649861906673,
    "duration": 1241,
    "pid": 4400,
    "index": 44
  },
  {
    "name": "Require(35) node_modules/egg-session/app.js",
    "start": 1649861905433,
    "end": 1649861905434,
    "duration": 1,
    "pid": 4400,
    "index": 45
  },
  {
    "name": "Require(36) node_modules/egg-security/app.js",
    "start": 1649861905435,
    "end": 1649861905439,
    "duration": 4,
    "pid": 4400,
    "index": 46
  },
  {
    "name": "Require(37) node_modules/egg-onerror/app.js",
    "start": 1649861905441,
    "end": 1649861905462,
    "duration": 21,
    "pid": 4400,
    "index": 47
  },
  {
    "name": "Require(38) node_modules/egg-i18n/app.js",
    "start": 1649861905463,
    "end": 1649861905491,
    "duration": 28,
    "pid": 4400,
    "index": 48
  },
  {
    "name": "Require(39) node_modules/egg-watcher/app.js",
    "start": 1649861905492,
    "end": 1649861905504,
    "duration": 12,
    "pid": 4400,
    "index": 49
  },
  {
    "name": "Require(40) node_modules/egg-schedule/app.js",
    "start": 1649861905505,
    "end": 1649861905509,
    "duration": 4,
    "pid": 4400,
    "index": 50
  },
  {
    "name": "Require(41) node_modules/egg-multipart/app.js",
    "start": 1649861905510,
    "end": 1649861905513,
    "duration": 3,
    "pid": 4400,
    "index": 51
  },
  {
    "name": "Require(42) node_modules/egg-logrotator/app.js",
    "start": 1649861905514,
    "end": 1649861905514,
    "duration": 0,
    "pid": 4400,
    "index": 52
  },
  {
    "name": "Require(43) node_modules/egg-static/app.js",
    "start": 1649861905515,
    "end": 1649861905516,
    "duration": 1,
    "pid": 4400,
    "index": 53
  },
  {
    "name": "Require(44) node_modules/egg-mongoose/app.js",
    "start": 1649861905518,
    "end": 1649861905519,
    "duration": 1,
    "pid": 4400,
    "index": 54
  },
  {
    "name": "Require(45) node_modules/egg-validate/app.js",
    "start": 1649861905520,
    "end": 1649861905524,
    "duration": 4,
    "pid": 4400,
    "index": 55
  },
  {
    "name": "Require(46) app.js",
    "start": 1649861905526,
    "end": 1649861906673,
    "duration": 1147,
    "pid": 4400,
    "index": 56
  },
  {
    "name": "Before Start in node_modules/egg-watcher/lib/init.js:15:14",
    "start": 1649861906699,
    "end": 1649861907501,
    "duration": 802,
    "pid": 4400,
    "index": 57
  },
  {
    "name": "Before Start in node_modules/egg-mongoose/lib/mongoose.js:104:7",
    "start": 1649861906792,
    "end": 1649861907495,
    "duration": 703,
    "pid": 4400,
    "index": 58
  },
  {
    "name": "Before Start in node_modules/egg-mongoose/lib/mongoose.js:52:9",
    "start": 1649861906792,
    "end": 1649861907458,
    "duration": 666,
    "pid": 4400,
    "index": 59
  },
  {
    "name": "Load Service",
    "start": 1649861906793,
    "end": 1649861906876,
    "duration": 83,
    "pid": 4400,
    "index": 60
  },
  {
    "name": "Load \"service\" to Context",
    "start": 1649861906793,
    "end": 1649861906876,
    "duration": 83,
    "pid": 4400,
    "index": 61
  },
  {
    "name": "Load Middleware",
    "start": 1649861906877,
    "end": 1649861907272,
    "duration": 395,
    "pid": 4400,
    "index": 62
  },
  {
    "name": "Load \"middlewares\" to Application",
    "start": 1649861906877,
    "end": 1649861907242,
    "duration": 365,
    "pid": 4400,
    "index": 63
  },
  {
    "name": "Load Controller",
    "start": 1649861907273,
    "end": 1649861907352,
    "duration": 79,
    "pid": 4400,
    "index": 64
  },
  {
    "name": "Load \"controller\" to Application",
    "start": 1649861907273,
    "end": 1649861907352,
    "duration": 79,
    "pid": 4400,
    "index": 65
  },
  {
    "name": "Load Router",
    "start": 1649861907352,
    "end": 1649861907359,
    "duration": 7,
    "pid": 4400,
    "index": 66
  },
  {
    "name": "Require(47) app/router.js",
    "start": 1649861907353,
    "end": 1649861907354,
    "duration": 1,
    "pid": 4400,
    "index": 67
  },
  {
    "name": "Before Start in node_modules/egg-core/lib/egg.js:303:10",
    "start": 1649861907354,
    "end": 1649861907458,
    "duration": 104,
    "pid": 4400,
    "index": 68
  },
  {
    "name": "Load \"model\" to Application",
    "start": 1649861907399,
    "end": 1649861907456,
    "duration": 57,
    "pid": 4400,
    "index": 69
  },
  {
    "name": "Will Ready in app.js:willReady",
    "start": 1649861907503,
    "end": 1649861907507,
    "duration": 4,
    "pid": 4400,
    "index": 70
  }
]