[
  {
    "name": "Process Start",
    "start": 1649861512682,
    "end": 1649861514723,
    "duration": 2041,
    "pid": 16852,
    "index": 0
  },
  {
    "name": "Application Start",
    "start": 1649861514729,
    "end": 1649861536458,
    "duration": 21729,
    "pid": 16852,
    "index": 1
  },
  {
    "name": "Load Plugin",
    "start": 1649861514741,
    "end": 1649861514836,
    "duration": 95,
    "pid": 16852,
    "index": 2
  },
  {
    "name": "Load Config",
    "start": 1649861514836,
    "end": 1649861514892,
    "duration": 56,
    "pid": 16852,
    "index": 3
  },
  {
    "name": "Require(0) config/config.default.js",
    "start": 1649861514838,
    "end": 1649861514839,
    "duration": 1,
    "pid": 16852,
    "index": 4
  },
  {
    "name": "Require(1) node_modules/egg-session/config/config.default.js",
    "start": 1649861514842,
    "end": 1649861514843,
    "duration": 1,
    "pid": 16852,
    "index": 5
  },
  {
    "name": "Require(2) node_modules/egg-security/config/config.default.js",
    "start": 1649861514844,
    "end": 1649861514846,
    "duration": 2,
    "pid": 16852,
    "index": 6
  },
  {
    "name": "Require(3) node_modules/egg-jsonp/config/config.default.js",
    "start": 1649861514848,
    "end": 1649861514849,
    "duration": 1,
    "pid": 16852,
    "index": 7
  },
  {
    "name": "Require(4) node_modules/egg-onerror/config/config.default.js",
    "start": 1649861514850,
    "end": 1649861514851,
    "duration": 1,
    "pid": 16852,
    "index": 8
  },
  {
    "name": "Require(5) node_modules/egg-i18n/config/config.default.js",
    "start": 1649861514853,
    "end": 1649861514854,
    "duration": 1,
    "pid": 16852,
    "index": 9
  },
  {
    "name": "Require(6) node_modules/egg-watcher/config/config.default.js",
    "start": 1649861514856,
    "end": 1649861514859,
    "duration": 3,
    "pid": 16852,
    "index": 10
  },
  {
    "name": "Require(7) node_modules/egg-schedule/config/config.default.js",
    "start": 1649861514860,
    "end": 1649861514861,
    "duration": 1,
    "pid": 16852,
    "index": 11
  },
  {
    "name": "Require(8) node_modules/egg-multipart/config/config.default.js",
    "start": 1649861514863,
    "end": 1649861514864,
    "duration": 1,
    "pid": 16852,
    "index": 12
  },
  {
    "name": "Require(9) node_modules/egg-logrotator/config/config.default.js",
    "start": 1649861514865,
    "end": 1649861514866,
    "duration": 1,
    "pid": 16852,
    "index": 13
  },
  {
    "name": "Require(10) node_modules/egg-static/config/config.default.js",
    "start": 1649861514867,
    "end": 1649861514868,
    "duration": 1,
    "pid": 16852,
    "index": 14
  },
  {
    "name": "Require(11) node_modules/egg-view/config/config.default.js",
    "start": 1649861514870,
    "end": 1649861514871,
    "duration": 1,
    "pid": 16852,
    "index": 15
  },
  {
    "name": "Require(12) node_modules/egg-mongoose/config/config.default.js",
    "start": 1649861514872,
    "end": 1649861514873,
    "duration": 1,
    "pid": 16852,
    "index": 16
  },
  {
    "name": "Require(13) node_modules/egg-validate/config/config.default.js",
    "start": 1649861514874,
    "end": 1649861514875,
    "duration": 1,
    "pid": 16852,
    "index": 17
  },
  {
    "name": "Require(14) node_modules/egg/config/config.default.js",
    "start": 1649861514876,
    "end": 1649861514876,
    "duration": 0,
    "pid": 16852,
    "index": 18
  },
  {
    "name": "Require(15) config/config.default.js",
    "start": 1649861514879,
    "end": 1649861514879,
    "duration": 0,
    "pid": 16852,
    "index": 19
  },
  {
    "name": "Require(16) node_modules/egg-static/config/config.prod.js",
    "start": 1649861514888,
    "end": 1649861514888,
    "duration": 0,
    "pid": 16852,
    "index": 20
  },
  {
    "name": "Load extend/application.js",
    "start": 1649861514894,
    "end": 1649861515157,
    "duration": 263,
    "pid": 16852,
    "index": 21
  },
  {
    "name": "Require(17) node_modules/egg-session/app/extend/application.js",
    "start": 1649861514895,
    "end": 1649861514947,
    "duration": 52,
    "pid": 16852,
    "index": 22
  },
  {
    "name": "Require(18) node_modules/egg-security/app/extend/application.js",
    "start": 1649861514948,
    "end": 1649861514990,
    "duration": 42,
    "pid": 16852,
    "index": 23
  },
  {
    "name": "Require(19) node_modules/egg-jsonp/app/extend/application.js",
    "start": 1649861514991,
    "end": 1649861515029,
    "duration": 38,
    "pid": 16852,
    "index": 24
  },
  {
    "name": "Require(20) node_modules/egg-logrotator/app/extend/application.js",
    "start": 1649861515034,
    "end": 1649861515066,
    "duration": 32,
    "pid": 16852,
    "index": 25
  },
  {
    "name": "Require(21) node_modules/egg-view/app/extend/application.js",
    "start": 1649861515067,
    "end": 1649861515139,
    "duration": 72,
    "pid": 16852,
    "index": 26
  },
  {
    "name": "Require(22) app/extend/application.js",
    "start": 1649861515144,
    "end": 1649861515147,
    "duration": 3,
    "pid": 16852,
    "index": 27
  },
  {
    "name": "Load extend/request.js",
    "start": 1649861515157,
    "end": 1649861515327,
    "duration": 170,
    "pid": 16852,
    "index": 28
  },
  {
    "name": "Require(23) node_modules/egg/app/extend/request.js",
    "start": 1649861515216,
    "end": 1649861515276,
    "duration": 60,
    "pid": 16852,
    "index": 29
  },
  {
    "name": "Load extend/response.js",
    "start": 1649861515327,
    "end": 1649861515498,
    "duration": 171,
    "pid": 16852,
    "index": 30
  },
  {
    "name": "Require(24) node_modules/egg/app/extend/response.js",
    "start": 1649861515359,
    "end": 1649861515458,
    "duration": 99,
    "pid": 16852,
    "index": 31
  },
  {
    "name": "Load extend/context.js",
    "start": 1649861515498,
    "end": 1649861515774,
    "duration": 276,
    "pid": 16852,
    "index": 32
  },
  {
    "name": "Require(25) node_modules/egg-security/app/extend/context.js",
    "start": 1649861515501,
    "end": 1649861515570,
    "duration": 69,
    "pid": 16852,
    "index": 33
  },
  {
    "name": "Require(26) node_modules/egg-jsonp/app/extend/context.js",
    "start": 1649861515571,
    "end": 1649861515575,
    "duration": 4,
    "pid": 16852,
    "index": 34
  },
  {
    "name": "Require(27) node_modules/egg-i18n/app/extend/context.js",
    "start": 1649861515576,
    "end": 1649861515578,
    "duration": 2,
    "pid": 16852,
    "index": 35
  },
  {
    "name": "Require(28) node_modules/egg-multipart/app/extend/context.js",
    "start": 1649861515580,
    "end": 1649861515749,
    "duration": 169,
    "pid": 16852,
    "index": 36
  },
  {
    "name": "Require(29) node_modules/egg-view/app/extend/context.js",
    "start": 1649861515752,
    "end": 1649861515755,
    "duration": 3,
    "pid": 16852,
    "index": 37
  },
  {
    "name": "Require(30) node_modules/egg-mongoose/app/extend/context.js",
    "start": 1649861515756,
    "end": 1649861515757,
    "duration": 1,
    "pid": 16852,
    "index": 38
  },
  {
    "name": "Require(31) node_modules/egg-validate/app/extend/context.js",
    "start": 1649861515758,
    "end": 1649861515758,
    "duration": 0,
    "pid": 16852,
    "index": 39
  },
  {
    "name": "Require(32) node_modules/egg/app/extend/context.js",
    "start": 1649861515759,
    "end": 1649861515765,
    "duration": 6,
    "pid": 16852,
    "index": 40
  },
  {
    "name": "Load extend/helper.js",
    "start": 1649861515774,
    "end": 1649861516362,
    "duration": 588,
    "pid": 16852,
    "index": 41
  },
  {
    "name": "Require(33) node_modules/egg-security/app/extend/helper.js",
    "start": 1649861515775,
    "end": 1649861516322,
    "duration": 547,
    "pid": 16852,
    "index": 42
  },
  {
    "name": "Require(34) node_modules/egg/app/extend/helper.js",
    "start": 1649861516344,
    "end": 1649861516347,
    "duration": 3,
    "pid": 16852,
    "index": 43
  },
  {
    "name": "Load app.js",
    "start": 1649861516362,
    "end": 1649861531615,
    "duration": 15253,
    "pid": 16852,
    "index": 44
  },
  {
    "name": "Require(35) node_modules/egg-session/app.js",
    "start": 1649861516389,
    "end": 1649861516397,
    "duration": 8,
    "pid": 16852,
    "index": 45
  },
  {
    "name": "Require(36) node_modules/egg-security/app.js",
    "start": 1649861516400,
    "end": 1649861516431,
    "duration": 31,
    "pid": 16852,
    "index": 46
  },
  {
    "name": "Require(37) node_modules/egg-onerror/app.js",
    "start": 1649861516455,
    "end": 1649861516866,
    "duration": 411,
    "pid": 16852,
    "index": 47
  },
  {
    "name": "Require(38) node_modules/egg-i18n/app.js",
    "start": 1649861516881,
    "end": 1649861517115,
    "duration": 234,
    "pid": 16852,
    "index": 48
  },
  {
    "name": "Require(39) node_modules/egg-watcher/app.js",
    "start": 1649861517117,
    "end": 1649861517132,
    "duration": 15,
    "pid": 16852,
    "index": 49
  },
  {
    "name": "Require(40) node_modules/egg-schedule/app.js",
    "start": 1649861517164,
    "end": 1649861517192,
    "duration": 28,
    "pid": 16852,
    "index": 50
  },
  {
    "name": "Require(41) node_modules/egg-multipart/app.js",
    "start": 1649861517210,
    "end": 1649861517219,
    "duration": 9,
    "pid": 16852,
    "index": 51
  },
  {
    "name": "Require(42) node_modules/egg-logrotator/app.js",
    "start": 1649861517240,
    "end": 1649861517249,
    "duration": 9,
    "pid": 16852,
    "index": 52
  },
  {
    "name": "Require(43) node_modules/egg-static/app.js",
    "start": 1649861517251,
    "end": 1649861517258,
    "duration": 7,
    "pid": 16852,
    "index": 53
  },
  {
    "name": "Require(44) node_modules/egg-mongoose/app.js",
    "start": 1649861517296,
    "end": 1649861517302,
    "duration": 6,
    "pid": 16852,
    "index": 54
  },
  {
    "name": "Require(45) node_modules/egg-validate/app.js",
    "start": 1649861517317,
    "end": 1649861517394,
    "duration": 77,
    "pid": 16852,
    "index": 55
  },
  {
    "name": "Require(46) app.js",
    "start": 1649861517397,
    "end": 1649861531614,
    "duration": 14217,
    "pid": 16852,
    "index": 56
  },
  {
    "name": "Before Start in node_modules/egg-watcher/lib/init.js:15:14",
    "start": 1649861531735,
    "end": 1649861536437,
    "duration": 4702,
    "pid": 16852,
    "index": 57
  },
  {
    "name": "Before Start in node_modules/egg-mongoose/lib/mongoose.js:104:7",
    "start": 1649861531875,
    "end": 1649861536433,
    "duration": 4558,
    "pid": 16852,
    "index": 58
  },
  {
    "name": "Before Start in node_modules/egg-mongoose/lib/mongoose.js:52:9",
    "start": 1649861531876,
    "end": 1649861536400,
    "duration": 4524,
    "pid": 16852,
    "index": 59
  },
  {
    "name": "Load Service",
    "start": 1649861531876,
    "end": 1649861532246,
    "duration": 370,
    "pid": 16852,
    "index": 60
  },
  {
    "name": "Load \"service\" to Context",
    "start": 1649861531876,
    "end": 1649861532246,
    "duration": 370,
    "pid": 16852,
    "index": 61
  },
  {
    "name": "Load Middleware",
    "start": 1649861532246,
    "end": 1649861535702,
    "duration": 3456,
    "pid": 16852,
    "index": 62
  },
  {
    "name": "Load \"middlewares\" to Application",
    "start": 1649861532246,
    "end": 1649861535652,
    "duration": 3406,
    "pid": 16852,
    "index": 63
  },
  {
    "name": "Load Controller",
    "start": 1649861535702,
    "end": 1649861536179,
    "duration": 477,
    "pid": 16852,
    "index": 64
  },
  {
    "name": "Load \"controller\" to Application",
    "start": 1649861535702,
    "end": 1649861536179,
    "duration": 477,
    "pid": 16852,
    "index": 65
  },
  {
    "name": "Load Router",
    "start": 1649861536179,
    "end": 1649861536213,
    "duration": 34,
    "pid": 16852,
    "index": 66
  },
  {
    "name": "Require(47) app/router.js",
    "start": 1649861536207,
    "end": 1649861536207,
    "duration": 0,
    "pid": 16852,
    "index": 67
  },
  {
    "name": "Before Start in node_modules/egg-core/lib/egg.js:303:10",
    "start": 1649861536208,
    "end": 1649861536400,
    "duration": 192,
    "pid": 16852,
    "index": 68
  },
  {
    "name": "Load \"model\" to Application",
    "start": 1649861536278,
    "end": 1649861536399,
    "duration": 121,
    "pid": 16852,
    "index": 69
  },
  {
    "name": "Will Ready in app.js:willReady",
    "start": 1649861536438,
    "end": 1649861536442,
    "duration": 4,
    "pid": 16852,
    "index": 70
  }
]