[
  {
    "name": "Process Start",
    "start": 1640176081323,
    "end": 1640176082946,
    "duration": 1623,
    "pid": 20344,
    "index": 0
  },
  {
    "name": "Application Start",
    "start": 1640176082947,
    "end": 1640176084295,
    "duration": 1348,
    "pid": 20344,
    "index": 1
  },
  {
    "name": "Load Plugin",
    "start": 1640176082954,
    "end": 1640176082986,
    "duration": 32,
    "pid": 20344,
    "index": 2
  },
  {
    "name": "Load Config",
    "start": 1640176082986,
    "end": 1640176083019,
    "duration": 33,
    "pid": 20344,
    "index": 3
  },
  {
    "name": "Require(0) config/config.default.js",
    "start": 1640176082987,
    "end": 1640176082987,
    "duration": 0,
    "pid": 20344,
    "index": 4
  },
  {
    "name": "Require(1) node_modules/egg-session/config/config.default.js",
    "start": 1640176082989,
    "end": 1640176082990,
    "duration": 1,
    "pid": 20344,
    "index": 5
  },
  {
    "name": "Require(2) node_modules/egg-security/config/config.default.js",
    "start": 1640176082990,
    "end": 1640176082991,
    "duration": 1,
    "pid": 20344,
    "index": 6
  },
  {
    "name": "Require(3) node_modules/egg-jsonp/config/config.default.js",
    "start": 1640176082993,
    "end": 1640176082993,
    "duration": 0,
    "pid": 20344,
    "index": 7
  },
  {
    "name": "Require(4) node_modules/egg-onerror/config/config.default.js",
    "start": 1640176082994,
    "end": 1640176082995,
    "duration": 1,
    "pid": 20344,
    "index": 8
  },
  {
    "name": "Require(5) node_modules/egg-i18n/config/config.default.js",
    "start": 1640176082995,
    "end": 1640176082996,
    "duration": 1,
    "pid": 20344,
    "index": 9
  },
  {
    "name": "Require(6) node_modules/egg-watcher/config/config.default.js",
    "start": 1640176082997,
    "end": 1640176082997,
    "duration": 0,
    "pid": 20344,
    "index": 10
  },
  {
    "name": "Require(7) node_modules/egg-schedule/config/config.default.js",
    "start": 1640176082998,
    "end": 1640176082999,
    "duration": 1,
    "pid": 20344,
    "index": 11
  },
  {
    "name": "Require(8) node_modules/egg-multipart/config/config.default.js",
    "start": 1640176082999,
    "end": 1640176083000,
    "duration": 1,
    "pid": 20344,
    "index": 12
  },
  {
    "name": "Require(9) node_modules/egg-development/config/config.default.js",
    "start": 1640176083001,
    "end": 1640176083002,
    "duration": 1,
    "pid": 20344,
    "index": 13
  },
  {
    "name": "Require(10) node_modules/egg-logrotator/config/config.default.js",
    "start": 1640176083002,
    "end": 1640176083003,
    "duration": 1,
    "pid": 20344,
    "index": 14
  },
  {
    "name": "Require(11) node_modules/egg-static/config/config.default.js",
    "start": 1640176083004,
    "end": 1640176083004,
    "duration": 0,
    "pid": 20344,
    "index": 15
  },
  {
    "name": "Require(12) node_modules/egg-view/config/config.default.js",
    "start": 1640176083005,
    "end": 1640176083005,
    "duration": 0,
    "pid": 20344,
    "index": 16
  },
  {
    "name": "Require(13) node_modules/egg-mongoose/config/config.default.js",
    "start": 1640176083006,
    "end": 1640176083007,
    "duration": 1,
    "pid": 20344,
    "index": 17
  },
  {
    "name": "Require(14) node_modules/egg-validate/config/config.default.js",
    "start": 1640176083007,
    "end": 1640176083008,
    "duration": 1,
    "pid": 20344,
    "index": 18
  },
  {
    "name": "Require(15) node_modules/egg/config/config.default.js",
    "start": 1640176083008,
    "end": 1640176083009,
    "duration": 1,
    "pid": 20344,
    "index": 19
  },
  {
    "name": "Require(16) config/config.default.js",
    "start": 1640176083010,
    "end": 1640176083010,
    "duration": 0,
    "pid": 20344,
    "index": 20
  },
  {
    "name": "Require(17) node_modules/egg-security/config/config.local.js",
    "start": 1640176083011,
    "end": 1640176083012,
    "duration": 1,
    "pid": 20344,
    "index": 21
  },
  {
    "name": "Require(18) node_modules/egg-watcher/config/config.local.js",
    "start": 1640176083013,
    "end": 1640176083014,
    "duration": 1,
    "pid": 20344,
    "index": 22
  },
  {
    "name": "Require(19) node_modules/egg-view/config/config.local.js",
    "start": 1640176083016,
    "end": 1640176083016,
    "duration": 0,
    "pid": 20344,
    "index": 23
  },
  {
    "name": "Require(20) node_modules/egg/config/config.local.js",
    "start": 1640176083018,
    "end": 1640176083018,
    "duration": 0,
    "pid": 20344,
    "index": 24
  },
  {
    "name": "Load extend/application.js",
    "start": 1640176083020,
    "end": 1640176083054,
    "duration": 34,
    "pid": 20344,
    "index": 25
  },
  {
    "name": "Require(21) node_modules/egg-session/app/extend/application.js",
    "start": 1640176083021,
    "end": 1640176083021,
    "duration": 0,
    "pid": 20344,
    "index": 26
  },
  {
    "name": "Require(22) node_modules/egg-security/app/extend/application.js",
    "start": 1640176083022,
    "end": 1640176083024,
    "duration": 2,
    "pid": 20344,
    "index": 27
  },
  {
    "name": "Require(23) node_modules/egg-jsonp/app/extend/application.js",
    "start": 1640176083025,
    "end": 1640176083027,
    "duration": 2,
    "pid": 20344,
    "index": 28
  },
  {
    "name": "Require(24) node_modules/egg-logrotator/app/extend/application.js",
    "start": 1640176083029,
    "end": 1640176083040,
    "duration": 11,
    "pid": 20344,
    "index": 29
  },
  {
    "name": "Require(25) node_modules/egg-view/app/extend/application.js",
    "start": 1640176083041,
    "end": 1640176083044,
    "duration": 3,
    "pid": 20344,
    "index": 30
  },
  {
    "name": "Require(26) app/extend/application.js",
    "start": 1640176083046,
    "end": 1640176083046,
    "duration": 0,
    "pid": 20344,
    "index": 31
  },
  {
    "name": "Load extend/request.js",
    "start": 1640176083054,
    "end": 1640176083067,
    "duration": 13,
    "pid": 20344,
    "index": 32
  },
  {
    "name": "Require(27) node_modules/egg/app/extend/request.js",
    "start": 1640176083059,
    "end": 1640176083061,
    "duration": 2,
    "pid": 20344,
    "index": 33
  },
  {
    "name": "Load extend/response.js",
    "start": 1640176083067,
    "end": 1640176083081,
    "duration": 14,
    "pid": 20344,
    "index": 34
  },
  {
    "name": "Require(28) node_modules/egg/app/extend/response.js",
    "start": 1640176083072,
    "end": 1640176083076,
    "duration": 4,
    "pid": 20344,
    "index": 35
  },
  {
    "name": "Load extend/context.js",
    "start": 1640176083081,
    "end": 1640176083191,
    "duration": 110,
    "pid": 20344,
    "index": 36
  },
  {
    "name": "Require(29) node_modules/egg-security/app/extend/context.js",
    "start": 1640176083082,
    "end": 1640176083107,
    "duration": 25,
    "pid": 20344,
    "index": 37
  },
  {
    "name": "Require(30) node_modules/egg-jsonp/app/extend/context.js",
    "start": 1640176083107,
    "end": 1640176083109,
    "duration": 2,
    "pid": 20344,
    "index": 38
  },
  {
    "name": "Require(31) node_modules/egg-i18n/app/extend/context.js",
    "start": 1640176083110,
    "end": 1640176083111,
    "duration": 1,
    "pid": 20344,
    "index": 39
  },
  {
    "name": "Require(32) node_modules/egg-multipart/app/extend/context.js",
    "start": 1640176083112,
    "end": 1640176083177,
    "duration": 65,
    "pid": 20344,
    "index": 40
  },
  {
    "name": "Require(33) node_modules/egg-view/app/extend/context.js",
    "start": 1640176083178,
    "end": 1640176083179,
    "duration": 1,
    "pid": 20344,
    "index": 41
  },
  {
    "name": "Require(34) node_modules/egg-mongoose/app/extend/context.js",
    "start": 1640176083180,
    "end": 1640176083180,
    "duration": 0,
    "pid": 20344,
    "index": 42
  },
  {
    "name": "Require(35) node_modules/egg-validate/app/extend/context.js",
    "start": 1640176083181,
    "end": 1640176083182,
    "duration": 1,
    "pid": 20344,
    "index": 43
  },
  {
    "name": "Require(36) node_modules/egg/app/extend/context.js",
    "start": 1640176083182,
    "end": 1640176083185,
    "duration": 3,
    "pid": 20344,
    "index": 44
  },
  {
    "name": "Load extend/helper.js",
    "start": 1640176083191,
    "end": 1640176083224,
    "duration": 33,
    "pid": 20344,
    "index": 45
  },
  {
    "name": "Require(37) node_modules/egg-security/app/extend/helper.js",
    "start": 1640176083192,
    "end": 1640176083214,
    "duration": 22,
    "pid": 20344,
    "index": 46
  },
  {
    "name": "Require(38) node_modules/egg/app/extend/helper.js",
    "start": 1640176083218,
    "end": 1640176083219,
    "duration": 1,
    "pid": 20344,
    "index": 47
  },
  {
    "name": "Load app.js",
    "start": 1640176083224,
    "end": 1640176083854,
    "duration": 630,
    "pid": 20344,
    "index": 48
  },
  {
    "name": "Require(39) node_modules/egg-session/app.js",
    "start": 1640176083224,
    "end": 1640176083225,
    "duration": 1,
    "pid": 20344,
    "index": 49
  },
  {
    "name": "Require(40) node_modules/egg-security/app.js",
    "start": 1640176083225,
    "end": 1640176083227,
    "duration": 2,
    "pid": 20344,
    "index": 50
  },
  {
    "name": "Require(41) node_modules/egg-onerror/app.js",
    "start": 1640176083228,
    "end": 1640176083239,
    "duration": 11,
    "pid": 20344,
    "index": 51
  },
  {
    "name": "Require(42) node_modules/egg-i18n/app.js",
    "start": 1640176083239,
    "end": 1640176083252,
    "duration": 13,
    "pid": 20344,
    "index": 52
  },
  {
    "name": "Require(43) node_modules/egg-watcher/app.js",
    "start": 1640176083253,
    "end": 1640176083257,
    "duration": 4,
    "pid": 20344,
    "index": 53
  },
  {
    "name": "Require(44) node_modules/egg-schedule/app.js",
    "start": 1640176083258,
    "end": 1640176083260,
    "duration": 2,
    "pid": 20344,
    "index": 54
  },
  {
    "name": "Require(45) node_modules/egg-multipart/app.js",
    "start": 1640176083261,
    "end": 1640176083261,
    "duration": 0,
    "pid": 20344,
    "index": 55
  },
  {
    "name": "Require(46) node_modules/egg-development/app.js",
    "start": 1640176083262,
    "end": 1640176083262,
    "duration": 0,
    "pid": 20344,
    "index": 56
  },
  {
    "name": "Require(47) node_modules/egg-logrotator/app.js",
    "start": 1640176083263,
    "end": 1640176083263,
    "duration": 0,
    "pid": 20344,
    "index": 57
  },
  {
    "name": "Require(48) node_modules/egg-static/app.js",
    "start": 1640176083263,
    "end": 1640176083264,
    "duration": 1,
    "pid": 20344,
    "index": 58
  },
  {
    "name": "Require(49) node_modules/egg-mongoose/app.js",
    "start": 1640176083265,
    "end": 1640176083265,
    "duration": 0,
    "pid": 20344,
    "index": 59
  },
  {
    "name": "Require(50) node_modules/egg-validate/app.js",
    "start": 1640176083265,
    "end": 1640176083267,
    "duration": 2,
    "pid": 20344,
    "index": 60
  },
  {
    "name": "Require(51) app.js",
    "start": 1640176083268,
    "end": 1640176083854,
    "duration": 586,
    "pid": 20344,
    "index": 61
  },
  {
    "name": "Before Start in node_modules/egg-watcher/lib/init.js:15:14",
    "start": 1640176083863,
    "end": 1640176084285,
    "duration": 422,
    "pid": 20344,
    "index": 62
  },
  {
    "name": "Before Start in node_modules/egg-mongoose/lib/mongoose.js:104:7",
    "start": 1640176083916,
    "end": 1640176084282,
    "duration": 366,
    "pid": 20344,
    "index": 63
  },
  {
    "name": "Before Start in node_modules/egg-mongoose/lib/mongoose.js:52:9",
    "start": 1640176083917,
    "end": 1640176084260,
    "duration": 343,
    "pid": 20344,
    "index": 64
  },
  {
    "name": "Load Service",
    "start": 1640176083917,
    "end": 1640176083950,
    "duration": 33,
    "pid": 20344,
    "index": 65
  },
  {
    "name": "Load \"service\" to Context",
    "start": 1640176083917,
    "end": 1640176083950,
    "duration": 33,
    "pid": 20344,
    "index": 66
  },
  {
    "name": "Load Middleware",
    "start": 1640176083950,
    "end": 1640176084169,
    "duration": 219,
    "pid": 20344,
    "index": 67
  },
  {
    "name": "Load \"middlewares\" to Application",
    "start": 1640176083950,
    "end": 1640176084151,
    "duration": 201,
    "pid": 20344,
    "index": 68
  },
  {
    "name": "Load Controller",
    "start": 1640176084169,
    "end": 1640176084210,
    "duration": 41,
    "pid": 20344,
    "index": 69
  },
  {
    "name": "Load \"controller\" to Application",
    "start": 1640176084169,
    "end": 1640176084210,
    "duration": 41,
    "pid": 20344,
    "index": 70
  },
  {
    "name": "Load Router",
    "start": 1640176084210,
    "end": 1640176084214,
    "duration": 4,
    "pid": 20344,
    "index": 71
  },
  {
    "name": "Require(52) app/router.js",
    "start": 1640176084211,
    "end": 1640176084211,
    "duration": 0,
    "pid": 20344,
    "index": 72
  },
  {
    "name": "Before Start in node_modules/egg-core/lib/egg.js:303:10",
    "start": 1640176084212,
    "end": 1640176084260,
    "duration": 48,
    "pid": 20344,
    "index": 73
  },
  {
    "name": "Load \"model\" to Application",
    "start": 1640176084225,
    "end": 1640176084259,
    "duration": 34,
    "pid": 20344,
    "index": 74
  },
  {
    "name": "Will Ready in app.js:willReady",
    "start": 1640176084285,
    "end": 1640176084288,
    "duration": 3,
    "pid": 20344,
    "index": 75
  }
]