[
  {
    "name": "Process Start",
    "start": 1649904248333,
    "end": 1649904250565,
    "duration": 2232,
    "pid": 9524,
    "index": 0
  },
  {
    "name": "Application Start",
    "start": 1649904250567,
    "end": 1649904271190,
    "duration": 20623,
    "pid": 9524,
    "index": 1
  },
  {
    "name": "Load Plugin",
    "start": 1649904250627,
    "end": 1649904250702,
    "duration": 75,
    "pid": 9524,
    "index": 2
  },
  {
    "name": "Load Config",
    "start": 1649904250702,
    "end": 1649904250766,
    "duration": 64,
    "pid": 9524,
    "index": 3
  },
  {
    "name": "Require(0) config/config.default.js",
    "start": 1649904250705,
    "end": 1649904250707,
    "duration": 2,
    "pid": 9524,
    "index": 4
  },
  {
    "name": "Require(1) node_modules/egg-session/config/config.default.js",
    "start": 1649904250711,
    "end": 1649904250712,
    "duration": 1,
    "pid": 9524,
    "index": 5
  },
  {
    "name": "Require(2) node_modules/egg-security/config/config.default.js",
    "start": 1649904250713,
    "end": 1649904250714,
    "duration": 1,
    "pid": 9524,
    "index": 6
  },
  {
    "name": "Require(3) node_modules/egg-jsonp/config/config.default.js",
    "start": 1649904250717,
    "end": 1649904250719,
    "duration": 2,
    "pid": 9524,
    "index": 7
  },
  {
    "name": "Require(4) node_modules/egg-onerror/config/config.default.js",
    "start": 1649904250722,
    "end": 1649904250723,
    "duration": 1,
    "pid": 9524,
    "index": 8
  },
  {
    "name": "Require(5) node_modules/egg-i18n/config/config.default.js",
    "start": 1649904250725,
    "end": 1649904250726,
    "duration": 1,
    "pid": 9524,
    "index": 9
  },
  {
    "name": "Require(6) node_modules/egg-watcher/config/config.default.js",
    "start": 1649904250727,
    "end": 1649904250728,
    "duration": 1,
    "pid": 9524,
    "index": 10
  },
  {
    "name": "Require(7) node_modules/egg-schedule/config/config.default.js",
    "start": 1649904250730,
    "end": 1649904250731,
    "duration": 1,
    "pid": 9524,
    "index": 11
  },
  {
    "name": "Require(8) node_modules/egg-multipart/config/config.default.js",
    "start": 1649904250732,
    "end": 1649904250733,
    "duration": 1,
    "pid": 9524,
    "index": 12
  },
  {
    "name": "Require(9) node_modules/egg-logrotator/config/config.default.js",
    "start": 1649904250735,
    "end": 1649904250736,
    "duration": 1,
    "pid": 9524,
    "index": 13
  },
  {
    "name": "Require(10) node_modules/egg-static/config/config.default.js",
    "start": 1649904250738,
    "end": 1649904250741,
    "duration": 3,
    "pid": 9524,
    "index": 14
  },
  {
    "name": "Require(11) node_modules/egg-view/config/config.default.js",
    "start": 1649904250742,
    "end": 1649904250743,
    "duration": 1,
    "pid": 9524,
    "index": 15
  },
  {
    "name": "Require(12) node_modules/egg-mongoose/config/config.default.js",
    "start": 1649904250744,
    "end": 1649904250745,
    "duration": 1,
    "pid": 9524,
    "index": 16
  },
  {
    "name": "Require(13) node_modules/egg-validate/config/config.default.js",
    "start": 1649904250747,
    "end": 1649904250748,
    "duration": 1,
    "pid": 9524,
    "index": 17
  },
  {
    "name": "Require(14) node_modules/egg/config/config.default.js",
    "start": 1649904250748,
    "end": 1649904250750,
    "duration": 2,
    "pid": 9524,
    "index": 18
  },
  {
    "name": "Require(15) config/config.default.js",
    "start": 1649904250753,
    "end": 1649904250753,
    "duration": 0,
    "pid": 9524,
    "index": 19
  },
  {
    "name": "Require(16) node_modules/egg-static/config/config.prod.js",
    "start": 1649904250762,
    "end": 1649904250762,
    "duration": 0,
    "pid": 9524,
    "index": 20
  },
  {
    "name": "Load extend/application.js",
    "start": 1649904250769,
    "end": 1649904251080,
    "duration": 311,
    "pid": 9524,
    "index": 21
  },
  {
    "name": "Require(17) node_modules/egg-session/app/extend/application.js",
    "start": 1649904250772,
    "end": 1649904250865,
    "duration": 93,
    "pid": 9524,
    "index": 22
  },
  {
    "name": "Require(18) node_modules/egg-security/app/extend/application.js",
    "start": 1649904250885,
    "end": 1649904250911,
    "duration": 26,
    "pid": 9524,
    "index": 23
  },
  {
    "name": "Require(19) node_modules/egg-jsonp/app/extend/application.js",
    "start": 1649904250912,
    "end": 1649904250964,
    "duration": 52,
    "pid": 9524,
    "index": 24
  },
  {
    "name": "Require(20) node_modules/egg-logrotator/app/extend/application.js",
    "start": 1649904250967,
    "end": 1649904251001,
    "duration": 34,
    "pid": 9524,
    "index": 25
  },
  {
    "name": "Require(21) node_modules/egg-view/app/extend/application.js",
    "start": 1649904251004,
    "end": 1649904251048,
    "duration": 44,
    "pid": 9524,
    "index": 26
  },
  {
    "name": "Require(22) app/extend/application.js",
    "start": 1649904251052,
    "end": 1649904251054,
    "duration": 2,
    "pid": 9524,
    "index": 27
  },
  {
    "name": "Load extend/request.js",
    "start": 1649904251080,
    "end": 1649904251125,
    "duration": 45,
    "pid": 9524,
    "index": 28
  },
  {
    "name": "Require(23) node_modules/egg/app/extend/request.js",
    "start": 1649904251096,
    "end": 1649904251112,
    "duration": 16,
    "pid": 9524,
    "index": 29
  },
  {
    "name": "Load extend/response.js",
    "start": 1649904251125,
    "end": 1649904251211,
    "duration": 86,
    "pid": 9524,
    "index": 30
  },
  {
    "name": "Require(24) node_modules/egg/app/extend/response.js",
    "start": 1649904251140,
    "end": 1649904251188,
    "duration": 48,
    "pid": 9524,
    "index": 31
  },
  {
    "name": "Load extend/context.js",
    "start": 1649904251211,
    "end": 1649904251524,
    "duration": 313,
    "pid": 9524,
    "index": 32
  },
  {
    "name": "Require(25) node_modules/egg-security/app/extend/context.js",
    "start": 1649904251214,
    "end": 1649904251275,
    "duration": 61,
    "pid": 9524,
    "index": 33
  },
  {
    "name": "Require(26) node_modules/egg-jsonp/app/extend/context.js",
    "start": 1649904251277,
    "end": 1649904251280,
    "duration": 3,
    "pid": 9524,
    "index": 34
  },
  {
    "name": "Require(27) node_modules/egg-i18n/app/extend/context.js",
    "start": 1649904251282,
    "end": 1649904251283,
    "duration": 1,
    "pid": 9524,
    "index": 35
  },
  {
    "name": "Require(28) node_modules/egg-multipart/app/extend/context.js",
    "start": 1649904251287,
    "end": 1649904251506,
    "duration": 219,
    "pid": 9524,
    "index": 36
  },
  {
    "name": "Require(29) node_modules/egg-view/app/extend/context.js",
    "start": 1649904251508,
    "end": 1649904251510,
    "duration": 2,
    "pid": 9524,
    "index": 37
  },
  {
    "name": "Require(30) node_modules/egg-mongoose/app/extend/context.js",
    "start": 1649904251511,
    "end": 1649904251512,
    "duration": 1,
    "pid": 9524,
    "index": 38
  },
  {
    "name": "Require(31) node_modules/egg-validate/app/extend/context.js",
    "start": 1649904251512,
    "end": 1649904251513,
    "duration": 1,
    "pid": 9524,
    "index": 39
  },
  {
    "name": "Require(32) node_modules/egg/app/extend/context.js",
    "start": 1649904251514,
    "end": 1649904251517,
    "duration": 3,
    "pid": 9524,
    "index": 40
  },
  {
    "name": "Load extend/helper.js",
    "start": 1649904251524,
    "end": 1649904252082,
    "duration": 558,
    "pid": 9524,
    "index": 41
  },
  {
    "name": "Require(33) node_modules/egg-security/app/extend/helper.js",
    "start": 1649904251525,
    "end": 1649904252003,
    "duration": 478,
    "pid": 9524,
    "index": 42
  },
  {
    "name": "Require(34) node_modules/egg/app/extend/helper.js",
    "start": 1649904252059,
    "end": 1649904252065,
    "duration": 6,
    "pid": 9524,
    "index": 43
  },
  {
    "name": "Load app.js",
    "start": 1649904252082,
    "end": 1649904266381,
    "duration": 14299,
    "pid": 9524,
    "index": 44
  },
  {
    "name": "Require(35) node_modules/egg-session/app.js",
    "start": 1649904252123,
    "end": 1649904252130,
    "duration": 7,
    "pid": 9524,
    "index": 45
  },
  {
    "name": "Require(36) node_modules/egg-security/app.js",
    "start": 1649904252132,
    "end": 1649904252222,
    "duration": 90,
    "pid": 9524,
    "index": 46
  },
  {
    "name": "Require(37) node_modules/egg-onerror/app.js",
    "start": 1649904252242,
    "end": 1649904252557,
    "duration": 315,
    "pid": 9524,
    "index": 47
  },
  {
    "name": "Require(38) node_modules/egg-i18n/app.js",
    "start": 1649904252558,
    "end": 1649904252872,
    "duration": 314,
    "pid": 9524,
    "index": 48
  },
  {
    "name": "Require(39) node_modules/egg-watcher/app.js",
    "start": 1649904252874,
    "end": 1649904252885,
    "duration": 11,
    "pid": 9524,
    "index": 49
  },
  {
    "name": "Require(40) node_modules/egg-schedule/app.js",
    "start": 1649904252886,
    "end": 1649904252918,
    "duration": 32,
    "pid": 9524,
    "index": 50
  },
  {
    "name": "Require(41) node_modules/egg-multipart/app.js",
    "start": 1649904252919,
    "end": 1649904252931,
    "duration": 12,
    "pid": 9524,
    "index": 51
  },
  {
    "name": "Require(42) node_modules/egg-logrotator/app.js",
    "start": 1649904252932,
    "end": 1649904252940,
    "duration": 8,
    "pid": 9524,
    "index": 52
  },
  {
    "name": "Require(43) node_modules/egg-static/app.js",
    "start": 1649904252941,
    "end": 1649904252947,
    "duration": 6,
    "pid": 9524,
    "index": 53
  },
  {
    "name": "Require(44) node_modules/egg-mongoose/app.js",
    "start": 1649904252952,
    "end": 1649904252958,
    "duration": 6,
    "pid": 9524,
    "index": 54
  },
  {
    "name": "Require(45) node_modules/egg-validate/app.js",
    "start": 1649904252959,
    "end": 1649904253078,
    "duration": 119,
    "pid": 9524,
    "index": 55
  },
  {
    "name": "Require(46) app.js",
    "start": 1649904253095,
    "end": 1649904266381,
    "duration": 13286,
    "pid": 9524,
    "index": 56
  },
  {
    "name": "Before Start in node_modules/egg-watcher/lib/init.js:15:14",
    "start": 1649904266429,
    "end": 1649904271170,
    "duration": 4741,
    "pid": 9524,
    "index": 57
  },
  {
    "name": "Before Start in node_modules/egg-mongoose/lib/mongoose.js:104:7",
    "start": 1649904266625,
    "end": 1649904271162,
    "duration": 4537,
    "pid": 9524,
    "index": 58
  },
  {
    "name": "Before Start in node_modules/egg-mongoose/lib/mongoose.js:52:9",
    "start": 1649904266625,
    "end": 1649904271105,
    "duration": 4480,
    "pid": 9524,
    "index": 59
  },
  {
    "name": "Load Service",
    "start": 1649904266626,
    "end": 1649904266900,
    "duration": 274,
    "pid": 9524,
    "index": 60
  },
  {
    "name": "Load \"service\" to Context",
    "start": 1649904266626,
    "end": 1649904266900,
    "duration": 274,
    "pid": 9524,
    "index": 61
  },
  {
    "name": "Load Middleware",
    "start": 1649904266900,
    "end": 1649904270461,
    "duration": 3561,
    "pid": 9524,
    "index": 62
  },
  {
    "name": "Load \"middlewares\" to Application",
    "start": 1649904266901,
    "end": 1649904270422,
    "duration": 3521,
    "pid": 9524,
    "index": 63
  },
  {
    "name": "Load Controller",
    "start": 1649904270461,
    "end": 1649904270920,
    "duration": 459,
    "pid": 9524,
    "index": 64
  },
  {
    "name": "Load \"controller\" to Application",
    "start": 1649904270461,
    "end": 1649904270920,
    "duration": 459,
    "pid": 9524,
    "index": 65
  },
  {
    "name": "Load Router",
    "start": 1649904270921,
    "end": 1649904270929,
    "duration": 8,
    "pid": 9524,
    "index": 66
  },
  {
    "name": "Require(47) app/router.js",
    "start": 1649904270922,
    "end": 1649904270924,
    "duration": 2,
    "pid": 9524,
    "index": 67
  },
  {
    "name": "Before Start in node_modules/egg-core/lib/egg.js:303:10",
    "start": 1649904270925,
    "end": 1649904271105,
    "duration": 180,
    "pid": 9524,
    "index": 68
  },
  {
    "name": "Load \"model\" to Application",
    "start": 1649904271021,
    "end": 1649904271100,
    "duration": 79,
    "pid": 9524,
    "index": 69
  },
  {
    "name": "Will Ready in app.js:willReady",
    "start": 1649904271170,
    "end": 1649904271176,
    "duration": 6,
    "pid": 9524,
    "index": 70
  }
]