[
  {
    "name": "Process Start",
    "start": 1649862670259,
    "end": 1649862672202,
    "duration": 1943,
    "pid": 8308,
    "index": 0
  },
  {
    "name": "Application Start",
    "start": 1649862672204,
    "end": 1649862684384,
    "duration": 12180,
    "pid": 8308,
    "index": 1
  },
  {
    "name": "Load Plugin",
    "start": 1649862672219,
    "end": 1649862672326,
    "duration": 107,
    "pid": 8308,
    "index": 2
  },
  {
    "name": "Load Config",
    "start": 1649862672326,
    "end": 1649862672388,
    "duration": 62,
    "pid": 8308,
    "index": 3
  },
  {
    "name": "Require(0) config/config.default.js",
    "start": 1649862672329,
    "end": 1649862672330,
    "duration": 1,
    "pid": 8308,
    "index": 4
  },
  {
    "name": "Require(1) node_modules/egg-session/config/config.default.js",
    "start": 1649862672333,
    "end": 1649862672334,
    "duration": 1,
    "pid": 8308,
    "index": 5
  },
  {
    "name": "Require(2) node_modules/egg-security/config/config.default.js",
    "start": 1649862672335,
    "end": 1649862672336,
    "duration": 1,
    "pid": 8308,
    "index": 6
  },
  {
    "name": "Require(3) node_modules/egg-jsonp/config/config.default.js",
    "start": 1649862672340,
    "end": 1649862672341,
    "duration": 1,
    "pid": 8308,
    "index": 7
  },
  {
    "name": "Require(4) node_modules/egg-onerror/config/config.default.js",
    "start": 1649862672342,
    "end": 1649862672345,
    "duration": 3,
    "pid": 8308,
    "index": 8
  },
  {
    "name": "Require(5) node_modules/egg-i18n/config/config.default.js",
    "start": 1649862672346,
    "end": 1649862672348,
    "duration": 2,
    "pid": 8308,
    "index": 9
  },
  {
    "name": "Require(6) node_modules/egg-watcher/config/config.default.js",
    "start": 1649862672349,
    "end": 1649862672350,
    "duration": 1,
    "pid": 8308,
    "index": 10
  },
  {
    "name": "Require(7) node_modules/egg-schedule/config/config.default.js",
    "start": 1649862672352,
    "end": 1649862672353,
    "duration": 1,
    "pid": 8308,
    "index": 11
  },
  {
    "name": "Require(8) node_modules/egg-multipart/config/config.default.js",
    "start": 1649862672354,
    "end": 1649862672355,
    "duration": 1,
    "pid": 8308,
    "index": 12
  },
  {
    "name": "Require(9) node_modules/egg-logrotator/config/config.default.js",
    "start": 1649862672361,
    "end": 1649862672363,
    "duration": 2,
    "pid": 8308,
    "index": 13
  },
  {
    "name": "Require(10) node_modules/egg-static/config/config.default.js",
    "start": 1649862672364,
    "end": 1649862672365,
    "duration": 1,
    "pid": 8308,
    "index": 14
  },
  {
    "name": "Require(11) node_modules/egg-view/config/config.default.js",
    "start": 1649862672366,
    "end": 1649862672367,
    "duration": 1,
    "pid": 8308,
    "index": 15
  },
  {
    "name": "Require(12) node_modules/egg-mongoose/config/config.default.js",
    "start": 1649862672369,
    "end": 1649862672370,
    "duration": 1,
    "pid": 8308,
    "index": 16
  },
  {
    "name": "Require(13) node_modules/egg-validate/config/config.default.js",
    "start": 1649862672371,
    "end": 1649862672372,
    "duration": 1,
    "pid": 8308,
    "index": 17
  },
  {
    "name": "Require(14) node_modules/egg/config/config.default.js",
    "start": 1649862672373,
    "end": 1649862672374,
    "duration": 1,
    "pid": 8308,
    "index": 18
  },
  {
    "name": "Require(15) config/config.default.js",
    "start": 1649862672376,
    "end": 1649862672376,
    "duration": 0,
    "pid": 8308,
    "index": 19
  },
  {
    "name": "Require(16) node_modules/egg-static/config/config.prod.js",
    "start": 1649862672383,
    "end": 1649862672384,
    "duration": 1,
    "pid": 8308,
    "index": 20
  },
  {
    "name": "Load extend/application.js",
    "start": 1649862672391,
    "end": 1649862672447,
    "duration": 56,
    "pid": 8308,
    "index": 21
  },
  {
    "name": "Require(17) node_modules/egg-session/app/extend/application.js",
    "start": 1649862672392,
    "end": 1649862672393,
    "duration": 1,
    "pid": 8308,
    "index": 22
  },
  {
    "name": "Require(18) node_modules/egg-security/app/extend/application.js",
    "start": 1649862672394,
    "end": 1649862672397,
    "duration": 3,
    "pid": 8308,
    "index": 23
  },
  {
    "name": "Require(19) node_modules/egg-jsonp/app/extend/application.js",
    "start": 1649862672398,
    "end": 1649862672402,
    "duration": 4,
    "pid": 8308,
    "index": 24
  },
  {
    "name": "Require(20) node_modules/egg-logrotator/app/extend/application.js",
    "start": 1649862672406,
    "end": 1649862672424,
    "duration": 18,
    "pid": 8308,
    "index": 25
  },
  {
    "name": "Require(21) node_modules/egg-view/app/extend/application.js",
    "start": 1649862672426,
    "end": 1649862672429,
    "duration": 3,
    "pid": 8308,
    "index": 26
  },
  {
    "name": "Require(22) app/extend/application.js",
    "start": 1649862672432,
    "end": 1649862672436,
    "duration": 4,
    "pid": 8308,
    "index": 27
  },
  {
    "name": "Load extend/request.js",
    "start": 1649862672447,
    "end": 1649862672467,
    "duration": 20,
    "pid": 8308,
    "index": 28
  },
  {
    "name": "Require(23) node_modules/egg/app/extend/request.js",
    "start": 1649862672455,
    "end": 1649862672458,
    "duration": 3,
    "pid": 8308,
    "index": 29
  },
  {
    "name": "Load extend/response.js",
    "start": 1649862672467,
    "end": 1649862672544,
    "duration": 77,
    "pid": 8308,
    "index": 30
  },
  {
    "name": "Require(24) node_modules/egg/app/extend/response.js",
    "start": 1649862672476,
    "end": 1649862672529,
    "duration": 53,
    "pid": 8308,
    "index": 31
  },
  {
    "name": "Load extend/context.js",
    "start": 1649862672544,
    "end": 1649862672798,
    "duration": 254,
    "pid": 8308,
    "index": 32
  },
  {
    "name": "Require(25) node_modules/egg-security/app/extend/context.js",
    "start": 1649862672546,
    "end": 1649862672603,
    "duration": 57,
    "pid": 8308,
    "index": 33
  },
  {
    "name": "Require(26) node_modules/egg-jsonp/app/extend/context.js",
    "start": 1649862672604,
    "end": 1649862672611,
    "duration": 7,
    "pid": 8308,
    "index": 34
  },
  {
    "name": "Require(27) node_modules/egg-i18n/app/extend/context.js",
    "start": 1649862672613,
    "end": 1649862672614,
    "duration": 1,
    "pid": 8308,
    "index": 35
  },
  {
    "name": "Require(28) node_modules/egg-multipart/app/extend/context.js",
    "start": 1649862672617,
    "end": 1649862672771,
    "duration": 154,
    "pid": 8308,
    "index": 36
  },
  {
    "name": "Require(29) node_modules/egg-view/app/extend/context.js",
    "start": 1649862672772,
    "end": 1649862672774,
    "duration": 2,
    "pid": 8308,
    "index": 37
  },
  {
    "name": "Require(30) node_modules/egg-mongoose/app/extend/context.js",
    "start": 1649862672775,
    "end": 1649862672776,
    "duration": 1,
    "pid": 8308,
    "index": 38
  },
  {
    "name": "Require(31) node_modules/egg-validate/app/extend/context.js",
    "start": 1649862672777,
    "end": 1649862672778,
    "duration": 1,
    "pid": 8308,
    "index": 39
  },
  {
    "name": "Require(32) node_modules/egg/app/extend/context.js",
    "start": 1649862672779,
    "end": 1649862672787,
    "duration": 8,
    "pid": 8308,
    "index": 40
  },
  {
    "name": "Load extend/helper.js",
    "start": 1649862672799,
    "end": 1649862673393,
    "duration": 594,
    "pid": 8308,
    "index": 41
  },
  {
    "name": "Require(33) node_modules/egg-security/app/extend/helper.js",
    "start": 1649862672800,
    "end": 1649862673323,
    "duration": 523,
    "pid": 8308,
    "index": 42
  },
  {
    "name": "Require(34) node_modules/egg/app/extend/helper.js",
    "start": 1649862673377,
    "end": 1649862673378,
    "duration": 1,
    "pid": 8308,
    "index": 43
  },
  {
    "name": "Load app.js",
    "start": 1649862673394,
    "end": 1649862682052,
    "duration": 8658,
    "pid": 8308,
    "index": 44
  },
  {
    "name": "Require(35) node_modules/egg-session/app.js",
    "start": 1649862673424,
    "end": 1649862673425,
    "duration": 1,
    "pid": 8308,
    "index": 45
  },
  {
    "name": "Require(36) node_modules/egg-security/app.js",
    "start": 1649862673470,
    "end": 1649862673474,
    "duration": 4,
    "pid": 8308,
    "index": 46
  },
  {
    "name": "Require(37) node_modules/egg-onerror/app.js",
    "start": 1649862673493,
    "end": 1649862673645,
    "duration": 152,
    "pid": 8308,
    "index": 47
  },
  {
    "name": "Require(38) node_modules/egg-i18n/app.js",
    "start": 1649862673646,
    "end": 1649862673938,
    "duration": 292,
    "pid": 8308,
    "index": 48
  },
  {
    "name": "Require(39) node_modules/egg-watcher/app.js",
    "start": 1649862673940,
    "end": 1649862673965,
    "duration": 25,
    "pid": 8308,
    "index": 49
  },
  {
    "name": "Require(40) node_modules/egg-schedule/app.js",
    "start": 1649862673970,
    "end": 1649862673984,
    "duration": 14,
    "pid": 8308,
    "index": 50
  },
  {
    "name": "Require(41) node_modules/egg-multipart/app.js",
    "start": 1649862674003,
    "end": 1649862674006,
    "duration": 3,
    "pid": 8308,
    "index": 51
  },
  {
    "name": "Require(42) node_modules/egg-logrotator/app.js",
    "start": 1649862674008,
    "end": 1649862674009,
    "duration": 1,
    "pid": 8308,
    "index": 52
  },
  {
    "name": "Require(43) node_modules/egg-static/app.js",
    "start": 1649862674011,
    "end": 1649862674011,
    "duration": 0,
    "pid": 8308,
    "index": 53
  },
  {
    "name": "Require(44) node_modules/egg-mongoose/app.js",
    "start": 1649862674016,
    "end": 1649862674017,
    "duration": 1,
    "pid": 8308,
    "index": 54
  },
  {
    "name": "Require(45) node_modules/egg-validate/app.js",
    "start": 1649862674018,
    "end": 1649862674070,
    "duration": 52,
    "pid": 8308,
    "index": 55
  },
  {
    "name": "Require(46) app.js",
    "start": 1649862674076,
    "end": 1649862682052,
    "duration": 7976,
    "pid": 8308,
    "index": 56
  },
  {
    "name": "Before Start in node_modules/egg-watcher/lib/init.js:15:14",
    "start": 1649862682073,
    "end": 1649862684359,
    "duration": 2286,
    "pid": 8308,
    "index": 57
  },
  {
    "name": "Before Start in node_modules/egg-mongoose/lib/mongoose.js:104:7",
    "start": 1649862682180,
    "end": 1649862684355,
    "duration": 2175,
    "pid": 8308,
    "index": 58
  },
  {
    "name": "Before Start in node_modules/egg-mongoose/lib/mongoose.js:52:9",
    "start": 1649862682180,
    "end": 1649862684305,
    "duration": 2125,
    "pid": 8308,
    "index": 59
  },
  {
    "name": "Load Service",
    "start": 1649862682180,
    "end": 1649862682598,
    "duration": 418,
    "pid": 8308,
    "index": 60
  },
  {
    "name": "Load \"service\" to Context",
    "start": 1649862682181,
    "end": 1649862682598,
    "duration": 417,
    "pid": 8308,
    "index": 61
  },
  {
    "name": "Load Middleware",
    "start": 1649862682598,
    "end": 1649862683852,
    "duration": 1254,
    "pid": 8308,
    "index": 62
  },
  {
    "name": "Load \"middlewares\" to Application",
    "start": 1649862682598,
    "end": 1649862683823,
    "duration": 1225,
    "pid": 8308,
    "index": 63
  },
  {
    "name": "Load Controller",
    "start": 1649862683852,
    "end": 1649862684145,
    "duration": 293,
    "pid": 8308,
    "index": 64
  },
  {
    "name": "Load \"controller\" to Application",
    "start": 1649862683852,
    "end": 1649862684145,
    "duration": 293,
    "pid": 8308,
    "index": 65
  },
  {
    "name": "Load Router",
    "start": 1649862684146,
    "end": 1649862684166,
    "duration": 20,
    "pid": 8308,
    "index": 66
  },
  {
    "name": "Require(47) app/router.js",
    "start": 1649862684156,
    "end": 1649862684157,
    "duration": 1,
    "pid": 8308,
    "index": 67
  },
  {
    "name": "Before Start in node_modules/egg-core/lib/egg.js:303:10",
    "start": 1649862684159,
    "end": 1649862684305,
    "duration": 146,
    "pid": 8308,
    "index": 68
  },
  {
    "name": "Load \"model\" to Application",
    "start": 1649862684224,
    "end": 1649862684303,
    "duration": 79,
    "pid": 8308,
    "index": 69
  },
  {
    "name": "Will Ready in app.js:willReady",
    "start": 1649862684360,
    "end": 1649862684366,
    "duration": 6,
    "pid": 8308,
    "index": 70
  }
]