[
  {
    "name": "Process Start",
    "start": 1649862670279,
    "end": 1649862672280,
    "duration": 2001,
    "pid": 8820,
    "index": 0
  },
  {
    "name": "Application Start",
    "start": 1649862672282,
    "end": 1649862684394,
    "duration": 12112,
    "pid": 8820,
    "index": 1
  },
  {
    "name": "Load Plugin",
    "start": 1649862672295,
    "end": 1649862672384,
    "duration": 89,
    "pid": 8820,
    "index": 2
  },
  {
    "name": "Load Config",
    "start": 1649862672384,
    "end": 1649862672436,
    "duration": 52,
    "pid": 8820,
    "index": 3
  },
  {
    "name": "Require(0) config/config.default.js",
    "start": 1649862672386,
    "end": 1649862672387,
    "duration": 1,
    "pid": 8820,
    "index": 4
  },
  {
    "name": "Require(1) node_modules/egg-session/config/config.default.js",
    "start": 1649862672390,
    "end": 1649862672391,
    "duration": 1,
    "pid": 8820,
    "index": 5
  },
  {
    "name": "Require(2) node_modules/egg-security/config/config.default.js",
    "start": 1649862672392,
    "end": 1649862672393,
    "duration": 1,
    "pid": 8820,
    "index": 6
  },
  {
    "name": "Require(3) node_modules/egg-jsonp/config/config.default.js",
    "start": 1649862672396,
    "end": 1649862672397,
    "duration": 1,
    "pid": 8820,
    "index": 7
  },
  {
    "name": "Require(4) node_modules/egg-onerror/config/config.default.js",
    "start": 1649862672398,
    "end": 1649862672399,
    "duration": 1,
    "pid": 8820,
    "index": 8
  },
  {
    "name": "Require(5) node_modules/egg-i18n/config/config.default.js",
    "start": 1649862672400,
    "end": 1649862672401,
    "duration": 1,
    "pid": 8820,
    "index": 9
  },
  {
    "name": "Require(6) node_modules/egg-watcher/config/config.default.js",
    "start": 1649862672403,
    "end": 1649862672404,
    "duration": 1,
    "pid": 8820,
    "index": 10
  },
  {
    "name": "Require(7) node_modules/egg-schedule/config/config.default.js",
    "start": 1649862672405,
    "end": 1649862672406,
    "duration": 1,
    "pid": 8820,
    "index": 11
  },
  {
    "name": "Require(8) node_modules/egg-multipart/config/config.default.js",
    "start": 1649862672408,
    "end": 1649862672409,
    "duration": 1,
    "pid": 8820,
    "index": 12
  },
  {
    "name": "Require(9) node_modules/egg-logrotator/config/config.default.js",
    "start": 1649862672410,
    "end": 1649862672411,
    "duration": 1,
    "pid": 8820,
    "index": 13
  },
  {
    "name": "Require(10) node_modules/egg-static/config/config.default.js",
    "start": 1649862672412,
    "end": 1649862672413,
    "duration": 1,
    "pid": 8820,
    "index": 14
  },
  {
    "name": "Require(11) node_modules/egg-view/config/config.default.js",
    "start": 1649862672414,
    "end": 1649862672415,
    "duration": 1,
    "pid": 8820,
    "index": 15
  },
  {
    "name": "Require(12) node_modules/egg-mongoose/config/config.default.js",
    "start": 1649862672417,
    "end": 1649862672418,
    "duration": 1,
    "pid": 8820,
    "index": 16
  },
  {
    "name": "Require(13) node_modules/egg-validate/config/config.default.js",
    "start": 1649862672419,
    "end": 1649862672420,
    "duration": 1,
    "pid": 8820,
    "index": 17
  },
  {
    "name": "Require(14) node_modules/egg/config/config.default.js",
    "start": 1649862672421,
    "end": 1649862672422,
    "duration": 1,
    "pid": 8820,
    "index": 18
  },
  {
    "name": "Require(15) config/config.default.js",
    "start": 1649862672424,
    "end": 1649862672424,
    "duration": 0,
    "pid": 8820,
    "index": 19
  },
  {
    "name": "Require(16) node_modules/egg-static/config/config.prod.js",
    "start": 1649862672432,
    "end": 1649862672432,
    "duration": 0,
    "pid": 8820,
    "index": 20
  },
  {
    "name": "Load extend/application.js",
    "start": 1649862672439,
    "end": 1649862672486,
    "duration": 47,
    "pid": 8820,
    "index": 21
  },
  {
    "name": "Require(17) node_modules/egg-session/app/extend/application.js",
    "start": 1649862672440,
    "end": 1649862672441,
    "duration": 1,
    "pid": 8820,
    "index": 22
  },
  {
    "name": "Require(18) node_modules/egg-security/app/extend/application.js",
    "start": 1649862672442,
    "end": 1649862672445,
    "duration": 3,
    "pid": 8820,
    "index": 23
  },
  {
    "name": "Require(19) node_modules/egg-jsonp/app/extend/application.js",
    "start": 1649862672446,
    "end": 1649862672450,
    "duration": 4,
    "pid": 8820,
    "index": 24
  },
  {
    "name": "Require(20) node_modules/egg-logrotator/app/extend/application.js",
    "start": 1649862672454,
    "end": 1649862672471,
    "duration": 17,
    "pid": 8820,
    "index": 25
  },
  {
    "name": "Require(21) node_modules/egg-view/app/extend/application.js",
    "start": 1649862672472,
    "end": 1649862672475,
    "duration": 3,
    "pid": 8820,
    "index": 26
  },
  {
    "name": "Require(22) app/extend/application.js",
    "start": 1649862672477,
    "end": 1649862672477,
    "duration": 0,
    "pid": 8820,
    "index": 27
  },
  {
    "name": "Load extend/request.js",
    "start": 1649862672486,
    "end": 1649862672501,
    "duration": 15,
    "pid": 8820,
    "index": 28
  },
  {
    "name": "Require(23) node_modules/egg/app/extend/request.js",
    "start": 1649862672492,
    "end": 1649862672494,
    "duration": 2,
    "pid": 8820,
    "index": 29
  },
  {
    "name": "Load extend/response.js",
    "start": 1649862672501,
    "end": 1649862672543,
    "duration": 42,
    "pid": 8820,
    "index": 30
  },
  {
    "name": "Require(24) node_modules/egg/app/extend/response.js",
    "start": 1649862672506,
    "end": 1649862672529,
    "duration": 23,
    "pid": 8820,
    "index": 31
  },
  {
    "name": "Load extend/context.js",
    "start": 1649862672543,
    "end": 1649862672794,
    "duration": 251,
    "pid": 8820,
    "index": 32
  },
  {
    "name": "Require(25) node_modules/egg-security/app/extend/context.js",
    "start": 1649862672545,
    "end": 1649862672592,
    "duration": 47,
    "pid": 8820,
    "index": 33
  },
  {
    "name": "Require(26) node_modules/egg-jsonp/app/extend/context.js",
    "start": 1649862672593,
    "end": 1649862672596,
    "duration": 3,
    "pid": 8820,
    "index": 34
  },
  {
    "name": "Require(27) node_modules/egg-i18n/app/extend/context.js",
    "start": 1649862672598,
    "end": 1649862672599,
    "duration": 1,
    "pid": 8820,
    "index": 35
  },
  {
    "name": "Require(28) node_modules/egg-multipart/app/extend/context.js",
    "start": 1649862672603,
    "end": 1649862672750,
    "duration": 147,
    "pid": 8820,
    "index": 36
  },
  {
    "name": "Require(29) node_modules/egg-view/app/extend/context.js",
    "start": 1649862672753,
    "end": 1649862672755,
    "duration": 2,
    "pid": 8820,
    "index": 37
  },
  {
    "name": "Require(30) node_modules/egg-mongoose/app/extend/context.js",
    "start": 1649862672756,
    "end": 1649862672757,
    "duration": 1,
    "pid": 8820,
    "index": 38
  },
  {
    "name": "Require(31) node_modules/egg-validate/app/extend/context.js",
    "start": 1649862672758,
    "end": 1649862672759,
    "duration": 1,
    "pid": 8820,
    "index": 39
  },
  {
    "name": "Require(32) node_modules/egg/app/extend/context.js",
    "start": 1649862672759,
    "end": 1649862672765,
    "duration": 6,
    "pid": 8820,
    "index": 40
  },
  {
    "name": "Load extend/helper.js",
    "start": 1649862672794,
    "end": 1649862673394,
    "duration": 600,
    "pid": 8820,
    "index": 41
  },
  {
    "name": "Require(33) node_modules/egg-security/app/extend/helper.js",
    "start": 1649862672796,
    "end": 1649862673325,
    "duration": 529,
    "pid": 8820,
    "index": 42
  },
  {
    "name": "Require(34) node_modules/egg/app/extend/helper.js",
    "start": 1649862673378,
    "end": 1649862673379,
    "duration": 1,
    "pid": 8820,
    "index": 43
  },
  {
    "name": "Load app.js",
    "start": 1649862673394,
    "end": 1649862682053,
    "duration": 8659,
    "pid": 8820,
    "index": 44
  },
  {
    "name": "Require(35) node_modules/egg-session/app.js",
    "start": 1649862673424,
    "end": 1649862673425,
    "duration": 1,
    "pid": 8820,
    "index": 45
  },
  {
    "name": "Require(36) node_modules/egg-security/app.js",
    "start": 1649862673468,
    "end": 1649862673472,
    "duration": 4,
    "pid": 8820,
    "index": 46
  },
  {
    "name": "Require(37) node_modules/egg-onerror/app.js",
    "start": 1649862673491,
    "end": 1649862673646,
    "duration": 155,
    "pid": 8820,
    "index": 47
  },
  {
    "name": "Require(38) node_modules/egg-i18n/app.js",
    "start": 1649862673656,
    "end": 1649862673936,
    "duration": 280,
    "pid": 8820,
    "index": 48
  },
  {
    "name": "Require(39) node_modules/egg-watcher/app.js",
    "start": 1649862673939,
    "end": 1649862673961,
    "duration": 22,
    "pid": 8820,
    "index": 49
  },
  {
    "name": "Require(40) node_modules/egg-schedule/app.js",
    "start": 1649862673971,
    "end": 1649862673984,
    "duration": 13,
    "pid": 8820,
    "index": 50
  },
  {
    "name": "Require(41) node_modules/egg-multipart/app.js",
    "start": 1649862674003,
    "end": 1649862674006,
    "duration": 3,
    "pid": 8820,
    "index": 51
  },
  {
    "name": "Require(42) node_modules/egg-logrotator/app.js",
    "start": 1649862674008,
    "end": 1649862674008,
    "duration": 0,
    "pid": 8820,
    "index": 52
  },
  {
    "name": "Require(43) node_modules/egg-static/app.js",
    "start": 1649862674010,
    "end": 1649862674011,
    "duration": 1,
    "pid": 8820,
    "index": 53
  },
  {
    "name": "Require(44) node_modules/egg-mongoose/app.js",
    "start": 1649862674014,
    "end": 1649862674015,
    "duration": 1,
    "pid": 8820,
    "index": 54
  },
  {
    "name": "Require(45) node_modules/egg-validate/app.js",
    "start": 1649862674016,
    "end": 1649862674071,
    "duration": 55,
    "pid": 8820,
    "index": 55
  },
  {
    "name": "Require(46) app.js",
    "start": 1649862674092,
    "end": 1649862682053,
    "duration": 7961,
    "pid": 8820,
    "index": 56
  },
  {
    "name": "Before Start in node_modules/egg-watcher/lib/init.js:15:14",
    "start": 1649862682073,
    "end": 1649862684369,
    "duration": 2296,
    "pid": 8820,
    "index": 57
  },
  {
    "name": "Before Start in node_modules/egg-mongoose/lib/mongoose.js:104:7",
    "start": 1649862682180,
    "end": 1649862684359,
    "duration": 2179,
    "pid": 8820,
    "index": 58
  },
  {
    "name": "Before Start in node_modules/egg-mongoose/lib/mongoose.js:52:9",
    "start": 1649862682181,
    "end": 1649862684296,
    "duration": 2115,
    "pid": 8820,
    "index": 59
  },
  {
    "name": "Load Service",
    "start": 1649862682181,
    "end": 1649862682589,
    "duration": 408,
    "pid": 8820,
    "index": 60
  },
  {
    "name": "Load \"service\" to Context",
    "start": 1649862682181,
    "end": 1649862682589,
    "duration": 408,
    "pid": 8820,
    "index": 61
  },
  {
    "name": "Load Middleware",
    "start": 1649862682589,
    "end": 1649862683858,
    "duration": 1269,
    "pid": 8820,
    "index": 62
  },
  {
    "name": "Load \"middlewares\" to Application",
    "start": 1649862682590,
    "end": 1649862683824,
    "duration": 1234,
    "pid": 8820,
    "index": 63
  },
  {
    "name": "Load Controller",
    "start": 1649862683858,
    "end": 1649862684160,
    "duration": 302,
    "pid": 8820,
    "index": 64
  },
  {
    "name": "Load \"controller\" to Application",
    "start": 1649862683858,
    "end": 1649862684160,
    "duration": 302,
    "pid": 8820,
    "index": 65
  },
  {
    "name": "Load Router",
    "start": 1649862684163,
    "end": 1649862684192,
    "duration": 29,
    "pid": 8820,
    "index": 66
  },
  {
    "name": "Require(47) app/router.js",
    "start": 1649862684166,
    "end": 1649862684173,
    "duration": 7,
    "pid": 8820,
    "index": 67
  },
  {
    "name": "Before Start in node_modules/egg-core/lib/egg.js:303:10",
    "start": 1649862684182,
    "end": 1649862684296,
    "duration": 114,
    "pid": 8820,
    "index": 68
  },
  {
    "name": "Load \"model\" to Application",
    "start": 1649862684239,
    "end": 1649862684295,
    "duration": 56,
    "pid": 8820,
    "index": 69
  },
  {
    "name": "Will Ready in app.js:willReady",
    "start": 1649862684370,
    "end": 1649862684377,
    "duration": 7,
    "pid": 8820,
    "index": 70
  }
]