[
  {
    "name": "Process Start",
    "start": 1649862173199,
    "end": 1649862175020,
    "duration": 1821,
    "pid": 20548,
    "index": 0
  },
  {
    "name": "Application Start",
    "start": 1649862175022,
    "end": 1649862183252,
    "duration": 8230,
    "pid": 20548,
    "index": 1
  },
  {
    "name": "Load Plugin",
    "start": 1649862175033,
    "end": 1649862175120,
    "duration": 87,
    "pid": 20548,
    "index": 2
  },
  {
    "name": "Load Config",
    "start": 1649862175120,
    "end": 1649862175179,
    "duration": 59,
    "pid": 20548,
    "index": 3
  },
  {
    "name": "Require(0) config/config.default.js",
    "start": 1649862175122,
    "end": 1649862175123,
    "duration": 1,
    "pid": 20548,
    "index": 4
  },
  {
    "name": "Require(1) node_modules/egg-session/config/config.default.js",
    "start": 1649862175126,
    "end": 1649862175127,
    "duration": 1,
    "pid": 20548,
    "index": 5
  },
  {
    "name": "Require(2) node_modules/egg-security/config/config.default.js",
    "start": 1649862175128,
    "end": 1649862175129,
    "duration": 1,
    "pid": 20548,
    "index": 6
  },
  {
    "name": "Require(3) node_modules/egg-jsonp/config/config.default.js",
    "start": 1649862175132,
    "end": 1649862175133,
    "duration": 1,
    "pid": 20548,
    "index": 7
  },
  {
    "name": "Require(4) node_modules/egg-onerror/config/config.default.js",
    "start": 1649862175134,
    "end": 1649862175135,
    "duration": 1,
    "pid": 20548,
    "index": 8
  },
  {
    "name": "Require(5) node_modules/egg-i18n/config/config.default.js",
    "start": 1649862175136,
    "end": 1649862175137,
    "duration": 1,
    "pid": 20548,
    "index": 9
  },
  {
    "name": "Require(6) node_modules/egg-watcher/config/config.default.js",
    "start": 1649862175139,
    "end": 1649862175140,
    "duration": 1,
    "pid": 20548,
    "index": 10
  },
  {
    "name": "Require(7) node_modules/egg-schedule/config/config.default.js",
    "start": 1649862175141,
    "end": 1649862175142,
    "duration": 1,
    "pid": 20548,
    "index": 11
  },
  {
    "name": "Require(8) node_modules/egg-multipart/config/config.default.js",
    "start": 1649862175144,
    "end": 1649862175145,
    "duration": 1,
    "pid": 20548,
    "index": 12
  },
  {
    "name": "Require(9) node_modules/egg-logrotator/config/config.default.js",
    "start": 1649862175146,
    "end": 1649862175147,
    "duration": 1,
    "pid": 20548,
    "index": 13
  },
  {
    "name": "Require(10) node_modules/egg-static/config/config.default.js",
    "start": 1649862175148,
    "end": 1649862175155,
    "duration": 7,
    "pid": 20548,
    "index": 14
  },
  {
    "name": "Require(11) node_modules/egg-view/config/config.default.js",
    "start": 1649862175156,
    "end": 1649862175157,
    "duration": 1,
    "pid": 20548,
    "index": 15
  },
  {
    "name": "Require(12) node_modules/egg-mongoose/config/config.default.js",
    "start": 1649862175159,
    "end": 1649862175159,
    "duration": 0,
    "pid": 20548,
    "index": 16
  },
  {
    "name": "Require(13) node_modules/egg-validate/config/config.default.js",
    "start": 1649862175161,
    "end": 1649862175162,
    "duration": 1,
    "pid": 20548,
    "index": 17
  },
  {
    "name": "Require(14) node_modules/egg/config/config.default.js",
    "start": 1649862175162,
    "end": 1649862175163,
    "duration": 1,
    "pid": 20548,
    "index": 18
  },
  {
    "name": "Require(15) config/config.default.js",
    "start": 1649862175166,
    "end": 1649862175166,
    "duration": 0,
    "pid": 20548,
    "index": 19
  },
  {
    "name": "Require(16) node_modules/egg-static/config/config.prod.js",
    "start": 1649862175173,
    "end": 1649862175173,
    "duration": 0,
    "pid": 20548,
    "index": 20
  },
  {
    "name": "Load extend/application.js",
    "start": 1649862175181,
    "end": 1649862175238,
    "duration": 57,
    "pid": 20548,
    "index": 21
  },
  {
    "name": "Require(17) node_modules/egg-session/app/extend/application.js",
    "start": 1649862175183,
    "end": 1649862175184,
    "duration": 1,
    "pid": 20548,
    "index": 22
  },
  {
    "name": "Require(18) node_modules/egg-security/app/extend/application.js",
    "start": 1649862175185,
    "end": 1649862175188,
    "duration": 3,
    "pid": 20548,
    "index": 23
  },
  {
    "name": "Require(19) node_modules/egg-jsonp/app/extend/application.js",
    "start": 1649862175189,
    "end": 1649862175195,
    "duration": 6,
    "pid": 20548,
    "index": 24
  },
  {
    "name": "Require(20) node_modules/egg-logrotator/app/extend/application.js",
    "start": 1649862175199,
    "end": 1649862175220,
    "duration": 21,
    "pid": 20548,
    "index": 25
  },
  {
    "name": "Require(21) node_modules/egg-view/app/extend/application.js",
    "start": 1649862175221,
    "end": 1649862175225,
    "duration": 4,
    "pid": 20548,
    "index": 26
  },
  {
    "name": "Require(22) app/extend/application.js",
    "start": 1649862175228,
    "end": 1649862175229,
    "duration": 1,
    "pid": 20548,
    "index": 27
  },
  {
    "name": "Load extend/request.js",
    "start": 1649862175238,
    "end": 1649862175264,
    "duration": 26,
    "pid": 20548,
    "index": 28
  },
  {
    "name": "Require(23) node_modules/egg/app/extend/request.js",
    "start": 1649862175248,
    "end": 1649862175252,
    "duration": 4,
    "pid": 20548,
    "index": 29
  },
  {
    "name": "Load extend/response.js",
    "start": 1649862175264,
    "end": 1649862175288,
    "duration": 24,
    "pid": 20548,
    "index": 30
  },
  {
    "name": "Require(24) node_modules/egg/app/extend/response.js",
    "start": 1649862175273,
    "end": 1649862175278,
    "duration": 5,
    "pid": 20548,
    "index": 31
  },
  {
    "name": "Load extend/context.js",
    "start": 1649862175288,
    "end": 1649862175491,
    "duration": 203,
    "pid": 20548,
    "index": 32
  },
  {
    "name": "Require(25) node_modules/egg-security/app/extend/context.js",
    "start": 1649862175290,
    "end": 1649862175330,
    "duration": 40,
    "pid": 20548,
    "index": 33
  },
  {
    "name": "Require(26) node_modules/egg-jsonp/app/extend/context.js",
    "start": 1649862175331,
    "end": 1649862175336,
    "duration": 5,
    "pid": 20548,
    "index": 34
  },
  {
    "name": "Require(27) node_modules/egg-i18n/app/extend/context.js",
    "start": 1649862175338,
    "end": 1649862175339,
    "duration": 1,
    "pid": 20548,
    "index": 35
  },
  {
    "name": "Require(28) node_modules/egg-multipart/app/extend/context.js",
    "start": 1649862175341,
    "end": 1649862175463,
    "duration": 122,
    "pid": 20548,
    "index": 36
  },
  {
    "name": "Require(29) node_modules/egg-view/app/extend/context.js",
    "start": 1649862175464,
    "end": 1649862175467,
    "duration": 3,
    "pid": 20548,
    "index": 37
  },
  {
    "name": "Require(30) node_modules/egg-mongoose/app/extend/context.js",
    "start": 1649862175468,
    "end": 1649862175469,
    "duration": 1,
    "pid": 20548,
    "index": 38
  },
  {
    "name": "Require(31) node_modules/egg-validate/app/extend/context.js",
    "start": 1649862175470,
    "end": 1649862175470,
    "duration": 0,
    "pid": 20548,
    "index": 39
  },
  {
    "name": "Require(32) node_modules/egg/app/extend/context.js",
    "start": 1649862175471,
    "end": 1649862175479,
    "duration": 8,
    "pid": 20548,
    "index": 40
  },
  {
    "name": "Load extend/helper.js",
    "start": 1649862175492,
    "end": 1649862175556,
    "duration": 64,
    "pid": 20548,
    "index": 41
  },
  {
    "name": "Require(33) node_modules/egg-security/app/extend/helper.js",
    "start": 1649862175493,
    "end": 1649862175538,
    "duration": 45,
    "pid": 20548,
    "index": 42
  },
  {
    "name": "Require(34) node_modules/egg/app/extend/helper.js",
    "start": 1649862175546,
    "end": 1649862175547,
    "duration": 1,
    "pid": 20548,
    "index": 43
  },
  {
    "name": "Load app.js",
    "start": 1649862175557,
    "end": 1649862180252,
    "duration": 4695,
    "pid": 20548,
    "index": 44
  },
  {
    "name": "Require(35) node_modules/egg-session/app.js",
    "start": 1649862175558,
    "end": 1649862175558,
    "duration": 0,
    "pid": 20548,
    "index": 45
  },
  {
    "name": "Require(36) node_modules/egg-security/app.js",
    "start": 1649862175559,
    "end": 1649862175564,
    "duration": 5,
    "pid": 20548,
    "index": 46
  },
  {
    "name": "Require(37) node_modules/egg-onerror/app.js",
    "start": 1649862175567,
    "end": 1649862175587,
    "duration": 20,
    "pid": 20548,
    "index": 47
  },
  {
    "name": "Require(38) node_modules/egg-i18n/app.js",
    "start": 1649862175588,
    "end": 1649862175617,
    "duration": 29,
    "pid": 20548,
    "index": 48
  },
  {
    "name": "Require(39) node_modules/egg-watcher/app.js",
    "start": 1649862175618,
    "end": 1649862175628,
    "duration": 10,
    "pid": 20548,
    "index": 49
  },
  {
    "name": "Require(40) node_modules/egg-schedule/app.js",
    "start": 1649862175629,
    "end": 1649862175633,
    "duration": 4,
    "pid": 20548,
    "index": 50
  },
  {
    "name": "Require(41) node_modules/egg-multipart/app.js",
    "start": 1649862175634,
    "end": 1649862175636,
    "duration": 2,
    "pid": 20548,
    "index": 51
  },
  {
    "name": "Require(42) node_modules/egg-logrotator/app.js",
    "start": 1649862175637,
    "end": 1649862175638,
    "duration": 1,
    "pid": 20548,
    "index": 52
  },
  {
    "name": "Require(43) node_modules/egg-static/app.js",
    "start": 1649862175639,
    "end": 1649862175639,
    "duration": 0,
    "pid": 20548,
    "index": 53
  },
  {
    "name": "Require(44) node_modules/egg-mongoose/app.js",
    "start": 1649862175641,
    "end": 1649862175642,
    "duration": 1,
    "pid": 20548,
    "index": 54
  },
  {
    "name": "Require(45) node_modules/egg-validate/app.js",
    "start": 1649862175644,
    "end": 1649862175647,
    "duration": 3,
    "pid": 20548,
    "index": 55
  },
  {
    "name": "Require(46) app.js",
    "start": 1649862175661,
    "end": 1649862180251,
    "duration": 4590,
    "pid": 20548,
    "index": 56
  },
  {
    "name": "Before Start in node_modules/egg-watcher/lib/init.js:15:14",
    "start": 1649862180325,
    "end": 1649862183235,
    "duration": 2910,
    "pid": 20548,
    "index": 57
  },
  {
    "name": "Before Start in node_modules/egg-mongoose/lib/mongoose.js:104:7",
    "start": 1649862180661,
    "end": 1649862183230,
    "duration": 2569,
    "pid": 20548,
    "index": 58
  },
  {
    "name": "Before Start in node_modules/egg-mongoose/lib/mongoose.js:52:9",
    "start": 1649862180663,
    "end": 1649862183188,
    "duration": 2525,
    "pid": 20548,
    "index": 59
  },
  {
    "name": "Load Service",
    "start": 1649862180664,
    "end": 1649862181061,
    "duration": 397,
    "pid": 20548,
    "index": 60
  },
  {
    "name": "Load \"service\" to Context",
    "start": 1649862180666,
    "end": 1649862181061,
    "duration": 395,
    "pid": 20548,
    "index": 61
  },
  {
    "name": "Load Middleware",
    "start": 1649862181061,
    "end": 1649862182836,
    "duration": 1775,
    "pid": 20548,
    "index": 62
  },
  {
    "name": "Load \"middlewares\" to Application",
    "start": 1649862181062,
    "end": 1649862182750,
    "duration": 1688,
    "pid": 20548,
    "index": 63
  },
  {
    "name": "Load Controller",
    "start": 1649862182836,
    "end": 1649862183076,
    "duration": 240,
    "pid": 20548,
    "index": 64
  },
  {
    "name": "Load \"controller\" to Application",
    "start": 1649862182836,
    "end": 1649862183076,
    "duration": 240,
    "pid": 20548,
    "index": 65
  },
  {
    "name": "Load Router",
    "start": 1649862183076,
    "end": 1649862183083,
    "duration": 7,
    "pid": 20548,
    "index": 66
  },
  {
    "name": "Require(47) app/router.js",
    "start": 1649862183077,
    "end": 1649862183078,
    "duration": 1,
    "pid": 20548,
    "index": 67
  },
  {
    "name": "Before Start in node_modules/egg-core/lib/egg.js:303:10",
    "start": 1649862183079,
    "end": 1649862183188,
    "duration": 109,
    "pid": 20548,
    "index": 68
  },
  {
    "name": "Load \"model\" to Application",
    "start": 1649862183112,
    "end": 1649862183187,
    "duration": 75,
    "pid": 20548,
    "index": 69
  },
  {
    "name": "Will Ready in app.js:willReady",
    "start": 1649862183237,
    "end": 1649862183241,
    "duration": 4,
    "pid": 20548,
    "index": 70
  }
]