[
  {
    "name": "Process Start",
    "start": 1649862670222,
    "end": 1649862672157,
    "duration": 1935,
    "pid": 21444,
    "index": 0
  },
  {
    "name": "Application Start",
    "start": 1649862672159,
    "end": 1649862684333,
    "duration": 12174,
    "pid": 21444,
    "index": 1
  },
  {
    "name": "Load Plugin",
    "start": 1649862672171,
    "end": 1649862672291,
    "duration": 120,
    "pid": 21444,
    "index": 2
  },
  {
    "name": "Load Config",
    "start": 1649862672291,
    "end": 1649862672353,
    "duration": 62,
    "pid": 21444,
    "index": 3
  },
  {
    "name": "Require(0) config/config.default.js",
    "start": 1649862672293,
    "end": 1649862672294,
    "duration": 1,
    "pid": 21444,
    "index": 4
  },
  {
    "name": "Require(1) node_modules/egg-session/config/config.default.js",
    "start": 1649862672297,
    "end": 1649862672298,
    "duration": 1,
    "pid": 21444,
    "index": 5
  },
  {
    "name": "Require(2) node_modules/egg-security/config/config.default.js",
    "start": 1649862672300,
    "end": 1649862672301,
    "duration": 1,
    "pid": 21444,
    "index": 6
  },
  {
    "name": "Require(3) node_modules/egg-jsonp/config/config.default.js",
    "start": 1649862672303,
    "end": 1649862672304,
    "duration": 1,
    "pid": 21444,
    "index": 7
  },
  {
    "name": "Require(4) node_modules/egg-onerror/config/config.default.js",
    "start": 1649862672305,
    "end": 1649862672306,
    "duration": 1,
    "pid": 21444,
    "index": 8
  },
  {
    "name": "Require(5) node_modules/egg-i18n/config/config.default.js",
    "start": 1649862672307,
    "end": 1649862672308,
    "duration": 1,
    "pid": 21444,
    "index": 9
  },
  {
    "name": "Require(6) node_modules/egg-watcher/config/config.default.js",
    "start": 1649862672310,
    "end": 1649862672320,
    "duration": 10,
    "pid": 21444,
    "index": 10
  },
  {
    "name": "Require(7) node_modules/egg-schedule/config/config.default.js",
    "start": 1649862672321,
    "end": 1649862672322,
    "duration": 1,
    "pid": 21444,
    "index": 11
  },
  {
    "name": "Require(8) node_modules/egg-multipart/config/config.default.js",
    "start": 1649862672323,
    "end": 1649862672324,
    "duration": 1,
    "pid": 21444,
    "index": 12
  },
  {
    "name": "Require(9) node_modules/egg-logrotator/config/config.default.js",
    "start": 1649862672326,
    "end": 1649862672327,
    "duration": 1,
    "pid": 21444,
    "index": 13
  },
  {
    "name": "Require(10) node_modules/egg-static/config/config.default.js",
    "start": 1649862672328,
    "end": 1649862672329,
    "duration": 1,
    "pid": 21444,
    "index": 14
  },
  {
    "name": "Require(11) node_modules/egg-view/config/config.default.js",
    "start": 1649862672330,
    "end": 1649862672331,
    "duration": 1,
    "pid": 21444,
    "index": 15
  },
  {
    "name": "Require(12) node_modules/egg-mongoose/config/config.default.js",
    "start": 1649862672333,
    "end": 1649862672334,
    "duration": 1,
    "pid": 21444,
    "index": 16
  },
  {
    "name": "Require(13) node_modules/egg-validate/config/config.default.js",
    "start": 1649862672335,
    "end": 1649862672336,
    "duration": 1,
    "pid": 21444,
    "index": 17
  },
  {
    "name": "Require(14) node_modules/egg/config/config.default.js",
    "start": 1649862672337,
    "end": 1649862672338,
    "duration": 1,
    "pid": 21444,
    "index": 18
  },
  {
    "name": "Require(15) config/config.default.js",
    "start": 1649862672340,
    "end": 1649862672340,
    "duration": 0,
    "pid": 21444,
    "index": 19
  },
  {
    "name": "Require(16) node_modules/egg-static/config/config.prod.js",
    "start": 1649862672349,
    "end": 1649862672349,
    "duration": 0,
    "pid": 21444,
    "index": 20
  },
  {
    "name": "Load extend/application.js",
    "start": 1649862672355,
    "end": 1649862672409,
    "duration": 54,
    "pid": 21444,
    "index": 21
  },
  {
    "name": "Require(17) node_modules/egg-session/app/extend/application.js",
    "start": 1649862672357,
    "end": 1649862672358,
    "duration": 1,
    "pid": 21444,
    "index": 22
  },
  {
    "name": "Require(18) node_modules/egg-security/app/extend/application.js",
    "start": 1649862672359,
    "end": 1649862672362,
    "duration": 3,
    "pid": 21444,
    "index": 23
  },
  {
    "name": "Require(19) node_modules/egg-jsonp/app/extend/application.js",
    "start": 1649862672363,
    "end": 1649862672368,
    "duration": 5,
    "pid": 21444,
    "index": 24
  },
  {
    "name": "Require(20) node_modules/egg-logrotator/app/extend/application.js",
    "start": 1649862672373,
    "end": 1649862672391,
    "duration": 18,
    "pid": 21444,
    "index": 25
  },
  {
    "name": "Require(21) node_modules/egg-view/app/extend/application.js",
    "start": 1649862672393,
    "end": 1649862672396,
    "duration": 3,
    "pid": 21444,
    "index": 26
  },
  {
    "name": "Require(22) app/extend/application.js",
    "start": 1649862672399,
    "end": 1649862672400,
    "duration": 1,
    "pid": 21444,
    "index": 27
  },
  {
    "name": "Load extend/request.js",
    "start": 1649862672409,
    "end": 1649862672433,
    "duration": 24,
    "pid": 21444,
    "index": 28
  },
  {
    "name": "Require(23) node_modules/egg/app/extend/request.js",
    "start": 1649862672418,
    "end": 1649862672421,
    "duration": 3,
    "pid": 21444,
    "index": 29
  },
  {
    "name": "Load extend/response.js",
    "start": 1649862672433,
    "end": 1649862672546,
    "duration": 113,
    "pid": 21444,
    "index": 30
  },
  {
    "name": "Require(24) node_modules/egg/app/extend/response.js",
    "start": 1649862672441,
    "end": 1649862672530,
    "duration": 89,
    "pid": 21444,
    "index": 31
  },
  {
    "name": "Load extend/context.js",
    "start": 1649862672546,
    "end": 1649862672816,
    "duration": 270,
    "pid": 21444,
    "index": 32
  },
  {
    "name": "Require(25) node_modules/egg-security/app/extend/context.js",
    "start": 1649862672547,
    "end": 1649862672608,
    "duration": 61,
    "pid": 21444,
    "index": 33
  },
  {
    "name": "Require(26) node_modules/egg-jsonp/app/extend/context.js",
    "start": 1649862672610,
    "end": 1649862672613,
    "duration": 3,
    "pid": 21444,
    "index": 34
  },
  {
    "name": "Require(27) node_modules/egg-i18n/app/extend/context.js",
    "start": 1649862672615,
    "end": 1649862672616,
    "duration": 1,
    "pid": 21444,
    "index": 35
  },
  {
    "name": "Require(28) node_modules/egg-multipart/app/extend/context.js",
    "start": 1649862672618,
    "end": 1649862672790,
    "duration": 172,
    "pid": 21444,
    "index": 36
  },
  {
    "name": "Require(29) node_modules/egg-view/app/extend/context.js",
    "start": 1649862672791,
    "end": 1649862672794,
    "duration": 3,
    "pid": 21444,
    "index": 37
  },
  {
    "name": "Require(30) node_modules/egg-mongoose/app/extend/context.js",
    "start": 1649862672795,
    "end": 1649862672796,
    "duration": 1,
    "pid": 21444,
    "index": 38
  },
  {
    "name": "Require(31) node_modules/egg-validate/app/extend/context.js",
    "start": 1649862672797,
    "end": 1649862672798,
    "duration": 1,
    "pid": 21444,
    "index": 39
  },
  {
    "name": "Require(32) node_modules/egg/app/extend/context.js",
    "start": 1649862672799,
    "end": 1649862672805,
    "duration": 6,
    "pid": 21444,
    "index": 40
  },
  {
    "name": "Load extend/helper.js",
    "start": 1649862672816,
    "end": 1649862673393,
    "duration": 577,
    "pid": 21444,
    "index": 41
  },
  {
    "name": "Require(33) node_modules/egg-security/app/extend/helper.js",
    "start": 1649862672817,
    "end": 1649862673326,
    "duration": 509,
    "pid": 21444,
    "index": 42
  },
  {
    "name": "Require(34) node_modules/egg/app/extend/helper.js",
    "start": 1649862673378,
    "end": 1649862673379,
    "duration": 1,
    "pid": 21444,
    "index": 43
  },
  {
    "name": "Load app.js",
    "start": 1649862673393,
    "end": 1649862682053,
    "duration": 8660,
    "pid": 21444,
    "index": 44
  },
  {
    "name": "Require(35) node_modules/egg-session/app.js",
    "start": 1649862673424,
    "end": 1649862673426,
    "duration": 2,
    "pid": 21444,
    "index": 45
  },
  {
    "name": "Require(36) node_modules/egg-security/app.js",
    "start": 1649862673458,
    "end": 1649862673471,
    "duration": 13,
    "pid": 21444,
    "index": 46
  },
  {
    "name": "Require(37) node_modules/egg-onerror/app.js",
    "start": 1649862673491,
    "end": 1649862673646,
    "duration": 155,
    "pid": 21444,
    "index": 47
  },
  {
    "name": "Require(38) node_modules/egg-i18n/app.js",
    "start": 1649862673647,
    "end": 1649862673939,
    "duration": 292,
    "pid": 21444,
    "index": 48
  },
  {
    "name": "Require(39) node_modules/egg-watcher/app.js",
    "start": 1649862673942,
    "end": 1649862673965,
    "duration": 23,
    "pid": 21444,
    "index": 49
  },
  {
    "name": "Require(40) node_modules/egg-schedule/app.js",
    "start": 1649862673970,
    "end": 1649862673984,
    "duration": 14,
    "pid": 21444,
    "index": 50
  },
  {
    "name": "Require(41) node_modules/egg-multipart/app.js",
    "start": 1649862674004,
    "end": 1649862674007,
    "duration": 3,
    "pid": 21444,
    "index": 51
  },
  {
    "name": "Require(42) node_modules/egg-logrotator/app.js",
    "start": 1649862674010,
    "end": 1649862674011,
    "duration": 1,
    "pid": 21444,
    "index": 52
  },
  {
    "name": "Require(43) node_modules/egg-static/app.js",
    "start": 1649862674012,
    "end": 1649862674013,
    "duration": 1,
    "pid": 21444,
    "index": 53
  },
  {
    "name": "Require(44) node_modules/egg-mongoose/app.js",
    "start": 1649862674017,
    "end": 1649862674017,
    "duration": 0,
    "pid": 21444,
    "index": 54
  },
  {
    "name": "Require(45) node_modules/egg-validate/app.js",
    "start": 1649862674018,
    "end": 1649862674071,
    "duration": 53,
    "pid": 21444,
    "index": 55
  },
  {
    "name": "Require(46) app.js",
    "start": 1649862674091,
    "end": 1649862682053,
    "duration": 7962,
    "pid": 21444,
    "index": 56
  },
  {
    "name": "Before Start in node_modules/egg-watcher/lib/init.js:15:14",
    "start": 1649862682073,
    "end": 1649862684313,
    "duration": 2240,
    "pid": 21444,
    "index": 57
  },
  {
    "name": "Before Start in node_modules/egg-mongoose/lib/mongoose.js:104:7",
    "start": 1649862682180,
    "end": 1649862684299,
    "duration": 2119,
    "pid": 21444,
    "index": 58
  },
  {
    "name": "Before Start in node_modules/egg-mongoose/lib/mongoose.js:52:9",
    "start": 1649862682180,
    "end": 1649862684263,
    "duration": 2083,
    "pid": 21444,
    "index": 59
  },
  {
    "name": "Load Service",
    "start": 1649862682181,
    "end": 1649862682584,
    "duration": 403,
    "pid": 21444,
    "index": 60
  },
  {
    "name": "Load \"service\" to Context",
    "start": 1649862682181,
    "end": 1649862682584,
    "duration": 403,
    "pid": 21444,
    "index": 61
  },
  {
    "name": "Load Middleware",
    "start": 1649862682584,
    "end": 1649862683859,
    "duration": 1275,
    "pid": 21444,
    "index": 62
  },
  {
    "name": "Load \"middlewares\" to Application",
    "start": 1649862682585,
    "end": 1649862683824,
    "duration": 1239,
    "pid": 21444,
    "index": 63
  },
  {
    "name": "Load Controller",
    "start": 1649862683860,
    "end": 1649862684146,
    "duration": 286,
    "pid": 21444,
    "index": 64
  },
  {
    "name": "Load \"controller\" to Application",
    "start": 1649862683860,
    "end": 1649862684146,
    "duration": 286,
    "pid": 21444,
    "index": 65
  },
  {
    "name": "Load Router",
    "start": 1649862684146,
    "end": 1649862684163,
    "duration": 17,
    "pid": 21444,
    "index": 66
  },
  {
    "name": "Require(47) app/router.js",
    "start": 1649862684153,
    "end": 1649862684155,
    "duration": 2,
    "pid": 21444,
    "index": 67
  },
  {
    "name": "Before Start in node_modules/egg-core/lib/egg.js:303:10",
    "start": 1649862684156,
    "end": 1649862684263,
    "duration": 107,
    "pid": 21444,
    "index": 68
  },
  {
    "name": "Load \"model\" to Application",
    "start": 1649862684205,
    "end": 1649862684260,
    "duration": 55,
    "pid": 21444,
    "index": 69
  },
  {
    "name": "Will Ready in app.js:willReady",
    "start": 1649862684315,
    "end": 1649862684321,
    "duration": 6,
    "pid": 21444,
    "index": 70
  }
]