[
  {
    "name": "Process Start",
    "start": 1649862173158,
    "end": 1649862175021,
    "duration": 1863,
    "pid": 7612,
    "index": 0
  },
  {
    "name": "Application Start",
    "start": 1649862175023,
    "end": 1649862183252,
    "duration": 8229,
    "pid": 7612,
    "index": 1
  },
  {
    "name": "Load Plugin",
    "start": 1649862175038,
    "end": 1649862175122,
    "duration": 84,
    "pid": 7612,
    "index": 2
  },
  {
    "name": "Load Config",
    "start": 1649862175122,
    "end": 1649862175184,
    "duration": 62,
    "pid": 7612,
    "index": 3
  },
  {
    "name": "Require(0) config/config.default.js",
    "start": 1649862175124,
    "end": 1649862175125,
    "duration": 1,
    "pid": 7612,
    "index": 4
  },
  {
    "name": "Require(1) node_modules/egg-session/config/config.default.js",
    "start": 1649862175128,
    "end": 1649862175129,
    "duration": 1,
    "pid": 7612,
    "index": 5
  },
  {
    "name": "Require(2) node_modules/egg-security/config/config.default.js",
    "start": 1649862175130,
    "end": 1649862175131,
    "duration": 1,
    "pid": 7612,
    "index": 6
  },
  {
    "name": "Require(3) node_modules/egg-jsonp/config/config.default.js",
    "start": 1649862175136,
    "end": 1649862175137,
    "duration": 1,
    "pid": 7612,
    "index": 7
  },
  {
    "name": "Require(4) node_modules/egg-onerror/config/config.default.js",
    "start": 1649862175139,
    "end": 1649862175140,
    "duration": 1,
    "pid": 7612,
    "index": 8
  },
  {
    "name": "Require(5) node_modules/egg-i18n/config/config.default.js",
    "start": 1649862175141,
    "end": 1649862175142,
    "duration": 1,
    "pid": 7612,
    "index": 9
  },
  {
    "name": "Require(6) node_modules/egg-watcher/config/config.default.js",
    "start": 1649862175144,
    "end": 1649862175145,
    "duration": 1,
    "pid": 7612,
    "index": 10
  },
  {
    "name": "Require(7) node_modules/egg-schedule/config/config.default.js",
    "start": 1649862175147,
    "end": 1649862175147,
    "duration": 0,
    "pid": 7612,
    "index": 11
  },
  {
    "name": "Require(8) node_modules/egg-multipart/config/config.default.js",
    "start": 1649862175149,
    "end": 1649862175150,
    "duration": 1,
    "pid": 7612,
    "index": 12
  },
  {
    "name": "Require(9) node_modules/egg-logrotator/config/config.default.js",
    "start": 1649862175151,
    "end": 1649862175152,
    "duration": 1,
    "pid": 7612,
    "index": 13
  },
  {
    "name": "Require(10) node_modules/egg-static/config/config.default.js",
    "start": 1649862175153,
    "end": 1649862175162,
    "duration": 9,
    "pid": 7612,
    "index": 14
  },
  {
    "name": "Require(11) node_modules/egg-view/config/config.default.js",
    "start": 1649862175163,
    "end": 1649862175164,
    "duration": 1,
    "pid": 7612,
    "index": 15
  },
  {
    "name": "Require(12) node_modules/egg-mongoose/config/config.default.js",
    "start": 1649862175165,
    "end": 1649862175167,
    "duration": 2,
    "pid": 7612,
    "index": 16
  },
  {
    "name": "Require(13) node_modules/egg-validate/config/config.default.js",
    "start": 1649862175168,
    "end": 1649862175169,
    "duration": 1,
    "pid": 7612,
    "index": 17
  },
  {
    "name": "Require(14) node_modules/egg/config/config.default.js",
    "start": 1649862175170,
    "end": 1649862175171,
    "duration": 1,
    "pid": 7612,
    "index": 18
  },
  {
    "name": "Require(15) config/config.default.js",
    "start": 1649862175173,
    "end": 1649862175173,
    "duration": 0,
    "pid": 7612,
    "index": 19
  },
  {
    "name": "Require(16) node_modules/egg-static/config/config.prod.js",
    "start": 1649862175180,
    "end": 1649862175181,
    "duration": 1,
    "pid": 7612,
    "index": 20
  },
  {
    "name": "Load extend/application.js",
    "start": 1649862175187,
    "end": 1649862175246,
    "duration": 59,
    "pid": 7612,
    "index": 21
  },
  {
    "name": "Require(17) node_modules/egg-session/app/extend/application.js",
    "start": 1649862175188,
    "end": 1649862175189,
    "duration": 1,
    "pid": 7612,
    "index": 22
  },
  {
    "name": "Require(18) node_modules/egg-security/app/extend/application.js",
    "start": 1649862175190,
    "end": 1649862175193,
    "duration": 3,
    "pid": 7612,
    "index": 23
  },
  {
    "name": "Require(19) node_modules/egg-jsonp/app/extend/application.js",
    "start": 1649862175194,
    "end": 1649862175203,
    "duration": 9,
    "pid": 7612,
    "index": 24
  },
  {
    "name": "Require(20) node_modules/egg-logrotator/app/extend/application.js",
    "start": 1649862175207,
    "end": 1649862175227,
    "duration": 20,
    "pid": 7612,
    "index": 25
  },
  {
    "name": "Require(21) node_modules/egg-view/app/extend/application.js",
    "start": 1649862175229,
    "end": 1649862175232,
    "duration": 3,
    "pid": 7612,
    "index": 26
  },
  {
    "name": "Require(22) app/extend/application.js",
    "start": 1649862175235,
    "end": 1649862175236,
    "duration": 1,
    "pid": 7612,
    "index": 27
  },
  {
    "name": "Load extend/request.js",
    "start": 1649862175246,
    "end": 1649862175268,
    "duration": 22,
    "pid": 7612,
    "index": 28
  },
  {
    "name": "Require(23) node_modules/egg/app/extend/request.js",
    "start": 1649862175255,
    "end": 1649862175257,
    "duration": 2,
    "pid": 7612,
    "index": 29
  },
  {
    "name": "Load extend/response.js",
    "start": 1649862175268,
    "end": 1649862175300,
    "duration": 32,
    "pid": 7612,
    "index": 30
  },
  {
    "name": "Require(24) node_modules/egg/app/extend/response.js",
    "start": 1649862175282,
    "end": 1649862175288,
    "duration": 6,
    "pid": 7612,
    "index": 31
  },
  {
    "name": "Load extend/context.js",
    "start": 1649862175300,
    "end": 1649862175548,
    "duration": 248,
    "pid": 7612,
    "index": 32
  },
  {
    "name": "Require(25) node_modules/egg-security/app/extend/context.js",
    "start": 1649862175302,
    "end": 1649862175348,
    "duration": 46,
    "pid": 7612,
    "index": 33
  },
  {
    "name": "Require(26) node_modules/egg-jsonp/app/extend/context.js",
    "start": 1649862175349,
    "end": 1649862175354,
    "duration": 5,
    "pid": 7612,
    "index": 34
  },
  {
    "name": "Require(27) node_modules/egg-i18n/app/extend/context.js",
    "start": 1649862175355,
    "end": 1649862175356,
    "duration": 1,
    "pid": 7612,
    "index": 35
  },
  {
    "name": "Require(28) node_modules/egg-multipart/app/extend/context.js",
    "start": 1649862175359,
    "end": 1649862175520,
    "duration": 161,
    "pid": 7612,
    "index": 36
  },
  {
    "name": "Require(29) node_modules/egg-view/app/extend/context.js",
    "start": 1649862175522,
    "end": 1649862175524,
    "duration": 2,
    "pid": 7612,
    "index": 37
  },
  {
    "name": "Require(30) node_modules/egg-mongoose/app/extend/context.js",
    "start": 1649862175525,
    "end": 1649862175526,
    "duration": 1,
    "pid": 7612,
    "index": 38
  },
  {
    "name": "Require(31) node_modules/egg-validate/app/extend/context.js",
    "start": 1649862175527,
    "end": 1649862175528,
    "duration": 1,
    "pid": 7612,
    "index": 39
  },
  {
    "name": "Require(32) node_modules/egg/app/extend/context.js",
    "start": 1649862175529,
    "end": 1649862175538,
    "duration": 9,
    "pid": 7612,
    "index": 40
  },
  {
    "name": "Load extend/helper.js",
    "start": 1649862175548,
    "end": 1649862175617,
    "duration": 69,
    "pid": 7612,
    "index": 41
  },
  {
    "name": "Require(33) node_modules/egg-security/app/extend/helper.js",
    "start": 1649862175550,
    "end": 1649862175597,
    "duration": 47,
    "pid": 7612,
    "index": 42
  },
  {
    "name": "Require(34) node_modules/egg/app/extend/helper.js",
    "start": 1649862175605,
    "end": 1649862175605,
    "duration": 0,
    "pid": 7612,
    "index": 43
  },
  {
    "name": "Load app.js",
    "start": 1649862175617,
    "end": 1649862180253,
    "duration": 4636,
    "pid": 7612,
    "index": 44
  },
  {
    "name": "Require(35) node_modules/egg-session/app.js",
    "start": 1649862175618,
    "end": 1649862175619,
    "duration": 1,
    "pid": 7612,
    "index": 45
  },
  {
    "name": "Require(36) node_modules/egg-security/app.js",
    "start": 1649862175620,
    "end": 1649862175624,
    "duration": 4,
    "pid": 7612,
    "index": 46
  },
  {
    "name": "Require(37) node_modules/egg-onerror/app.js",
    "start": 1649862175626,
    "end": 1649862175649,
    "duration": 23,
    "pid": 7612,
    "index": 47
  },
  {
    "name": "Require(38) node_modules/egg-i18n/app.js",
    "start": 1649862175650,
    "end": 1649862175679,
    "duration": 29,
    "pid": 7612,
    "index": 48
  },
  {
    "name": "Require(39) node_modules/egg-watcher/app.js",
    "start": 1649862175681,
    "end": 1649862175690,
    "duration": 9,
    "pid": 7612,
    "index": 49
  },
  {
    "name": "Require(40) node_modules/egg-schedule/app.js",
    "start": 1649862175691,
    "end": 1649862175698,
    "duration": 7,
    "pid": 7612,
    "index": 50
  },
  {
    "name": "Require(41) node_modules/egg-multipart/app.js",
    "start": 1649862175699,
    "end": 1649862175700,
    "duration": 1,
    "pid": 7612,
    "index": 51
  },
  {
    "name": "Require(42) node_modules/egg-logrotator/app.js",
    "start": 1649862175702,
    "end": 1649862175702,
    "duration": 0,
    "pid": 7612,
    "index": 52
  },
  {
    "name": "Require(43) node_modules/egg-static/app.js",
    "start": 1649862175703,
    "end": 1649862175705,
    "duration": 2,
    "pid": 7612,
    "index": 53
  },
  {
    "name": "Require(44) node_modules/egg-mongoose/app.js",
    "start": 1649862175709,
    "end": 1649862175709,
    "duration": 0,
    "pid": 7612,
    "index": 54
  },
  {
    "name": "Require(45) node_modules/egg-validate/app.js",
    "start": 1649862175710,
    "end": 1649862175714,
    "duration": 4,
    "pid": 7612,
    "index": 55
  },
  {
    "name": "Require(46) app.js",
    "start": 1649862175717,
    "end": 1649862180252,
    "duration": 4535,
    "pid": 7612,
    "index": 56
  },
  {
    "name": "Before Start in node_modules/egg-watcher/lib/init.js:15:14",
    "start": 1649862180323,
    "end": 1649862183234,
    "duration": 2911,
    "pid": 7612,
    "index": 57
  },
  {
    "name": "Before Start in node_modules/egg-mongoose/lib/mongoose.js:104:7",
    "start": 1649862180607,
    "end": 1649862183228,
    "duration": 2621,
    "pid": 7612,
    "index": 58
  },
  {
    "name": "Before Start in node_modules/egg-mongoose/lib/mongoose.js:52:9",
    "start": 1649862180608,
    "end": 1649862183187,
    "duration": 2579,
    "pid": 7612,
    "index": 59
  },
  {
    "name": "Load Service",
    "start": 1649862180610,
    "end": 1649862181063,
    "duration": 453,
    "pid": 7612,
    "index": 60
  },
  {
    "name": "Load \"service\" to Context",
    "start": 1649862180611,
    "end": 1649862181063,
    "duration": 452,
    "pid": 7612,
    "index": 61
  },
  {
    "name": "Load Middleware",
    "start": 1649862181063,
    "end": 1649862182837,
    "duration": 1774,
    "pid": 7612,
    "index": 62
  },
  {
    "name": "Load \"middlewares\" to Application",
    "start": 1649862181064,
    "end": 1649862182749,
    "duration": 1685,
    "pid": 7612,
    "index": 63
  },
  {
    "name": "Load Controller",
    "start": 1649862182837,
    "end": 1649862183076,
    "duration": 239,
    "pid": 7612,
    "index": 64
  },
  {
    "name": "Load \"controller\" to Application",
    "start": 1649862182837,
    "end": 1649862183076,
    "duration": 239,
    "pid": 7612,
    "index": 65
  },
  {
    "name": "Load Router",
    "start": 1649862183076,
    "end": 1649862183082,
    "duration": 6,
    "pid": 7612,
    "index": 66
  },
  {
    "name": "Require(47) app/router.js",
    "start": 1649862183077,
    "end": 1649862183078,
    "duration": 1,
    "pid": 7612,
    "index": 67
  },
  {
    "name": "Before Start in node_modules/egg-core/lib/egg.js:303:10",
    "start": 1649862183079,
    "end": 1649862183187,
    "duration": 108,
    "pid": 7612,
    "index": 68
  },
  {
    "name": "Load \"model\" to Application",
    "start": 1649862183116,
    "end": 1649862183186,
    "duration": 70,
    "pid": 7612,
    "index": 69
  },
  {
    "name": "Will Ready in app.js:willReady",
    "start": 1649862183235,
    "end": 1649862183241,
    "duration": 6,
    "pid": 7612,
    "index": 70
  }
]