[
  {
    "name": "Process Start",
    "start": 1649904248361,
    "end": 1649904250732,
    "duration": 2371,
    "pid": 6584,
    "index": 0
  },
  {
    "name": "Application Start",
    "start": 1649904250735,
    "end": 1649904271125,
    "duration": 20390,
    "pid": 6584,
    "index": 1
  },
  {
    "name": "Load Plugin",
    "start": 1649904250749,
    "end": 1649904250889,
    "duration": 140,
    "pid": 6584,
    "index": 2
  },
  {
    "name": "Load Config",
    "start": 1649904250889,
    "end": 1649904250964,
    "duration": 75,
    "pid": 6584,
    "index": 3
  },
  {
    "name": "Require(0) config/config.default.js",
    "start": 1649904250891,
    "end": 1649904250892,
    "duration": 1,
    "pid": 6584,
    "index": 4
  },
  {
    "name": "Require(1) node_modules/egg-session/config/config.default.js",
    "start": 1649904250895,
    "end": 1649904250900,
    "duration": 5,
    "pid": 6584,
    "index": 5
  },
  {
    "name": "Require(2) node_modules/egg-security/config/config.default.js",
    "start": 1649904250903,
    "end": 1649904250905,
    "duration": 2,
    "pid": 6584,
    "index": 6
  },
  {
    "name": "Require(3) node_modules/egg-jsonp/config/config.default.js",
    "start": 1649904250907,
    "end": 1649904250911,
    "duration": 4,
    "pid": 6584,
    "index": 7
  },
  {
    "name": "Require(4) node_modules/egg-onerror/config/config.default.js",
    "start": 1649904250913,
    "end": 1649904250914,
    "duration": 1,
    "pid": 6584,
    "index": 8
  },
  {
    "name": "Require(5) node_modules/egg-i18n/config/config.default.js",
    "start": 1649904250915,
    "end": 1649904250916,
    "duration": 1,
    "pid": 6584,
    "index": 9
  },
  {
    "name": "Require(6) node_modules/egg-watcher/config/config.default.js",
    "start": 1649904250920,
    "end": 1649904250921,
    "duration": 1,
    "pid": 6584,
    "index": 10
  },
  {
    "name": "Require(7) node_modules/egg-schedule/config/config.default.js",
    "start": 1649904250923,
    "end": 1649904250924,
    "duration": 1,
    "pid": 6584,
    "index": 11
  },
  {
    "name": "Require(8) node_modules/egg-multipart/config/config.default.js",
    "start": 1649904250925,
    "end": 1649904250926,
    "duration": 1,
    "pid": 6584,
    "index": 12
  },
  {
    "name": "Require(9) node_modules/egg-logrotator/config/config.default.js",
    "start": 1649904250929,
    "end": 1649904250930,
    "duration": 1,
    "pid": 6584,
    "index": 13
  },
  {
    "name": "Require(10) node_modules/egg-static/config/config.default.js",
    "start": 1649904250931,
    "end": 1649904250932,
    "duration": 1,
    "pid": 6584,
    "index": 14
  },
  {
    "name": "Require(11) node_modules/egg-view/config/config.default.js",
    "start": 1649904250934,
    "end": 1649904250935,
    "duration": 1,
    "pid": 6584,
    "index": 15
  },
  {
    "name": "Require(12) node_modules/egg-mongoose/config/config.default.js",
    "start": 1649904250936,
    "end": 1649904250937,
    "duration": 1,
    "pid": 6584,
    "index": 16
  },
  {
    "name": "Require(13) node_modules/egg-validate/config/config.default.js",
    "start": 1649904250939,
    "end": 1649904250939,
    "duration": 0,
    "pid": 6584,
    "index": 17
  },
  {
    "name": "Require(14) node_modules/egg/config/config.default.js",
    "start": 1649904250940,
    "end": 1649904250941,
    "duration": 1,
    "pid": 6584,
    "index": 18
  },
  {
    "name": "Require(15) config/config.default.js",
    "start": 1649904250953,
    "end": 1649904250953,
    "duration": 0,
    "pid": 6584,
    "index": 19
  },
  {
    "name": "Require(16) node_modules/egg-static/config/config.prod.js",
    "start": 1649904250960,
    "end": 1649904250961,
    "duration": 1,
    "pid": 6584,
    "index": 20
  },
  {
    "name": "Load extend/application.js",
    "start": 1649904250967,
    "end": 1649904251066,
    "duration": 99,
    "pid": 6584,
    "index": 21
  },
  {
    "name": "Require(17) node_modules/egg-session/app/extend/application.js",
    "start": 1649904250969,
    "end": 1649904250970,
    "duration": 1,
    "pid": 6584,
    "index": 22
  },
  {
    "name": "Require(18) node_modules/egg-security/app/extend/application.js",
    "start": 1649904250971,
    "end": 1649904250974,
    "duration": 3,
    "pid": 6584,
    "index": 23
  },
  {
    "name": "Require(19) node_modules/egg-jsonp/app/extend/application.js",
    "start": 1649904250975,
    "end": 1649904250979,
    "duration": 4,
    "pid": 6584,
    "index": 24
  },
  {
    "name": "Require(20) node_modules/egg-logrotator/app/extend/application.js",
    "start": 1649904250993,
    "end": 1649904251013,
    "duration": 20,
    "pid": 6584,
    "index": 25
  },
  {
    "name": "Require(21) node_modules/egg-view/app/extend/application.js",
    "start": 1649904251014,
    "end": 1649904251049,
    "duration": 35,
    "pid": 6584,
    "index": 26
  },
  {
    "name": "Require(22) app/extend/application.js",
    "start": 1649904251056,
    "end": 1649904251057,
    "duration": 1,
    "pid": 6584,
    "index": 27
  },
  {
    "name": "Load extend/request.js",
    "start": 1649904251066,
    "end": 1649904251131,
    "duration": 65,
    "pid": 6584,
    "index": 28
  },
  {
    "name": "Require(23) node_modules/egg/app/extend/request.js",
    "start": 1649904251094,
    "end": 1649904251112,
    "duration": 18,
    "pid": 6584,
    "index": 29
  },
  {
    "name": "Load extend/response.js",
    "start": 1649904251131,
    "end": 1649904251205,
    "duration": 74,
    "pid": 6584,
    "index": 30
  },
  {
    "name": "Require(24) node_modules/egg/app/extend/response.js",
    "start": 1649904251142,
    "end": 1649904251186,
    "duration": 44,
    "pid": 6584,
    "index": 31
  },
  {
    "name": "Load extend/context.js",
    "start": 1649904251205,
    "end": 1649904251514,
    "duration": 309,
    "pid": 6584,
    "index": 32
  },
  {
    "name": "Require(25) node_modules/egg-security/app/extend/context.js",
    "start": 1649904251206,
    "end": 1649904251274,
    "duration": 68,
    "pid": 6584,
    "index": 33
  },
  {
    "name": "Require(26) node_modules/egg-jsonp/app/extend/context.js",
    "start": 1649904251275,
    "end": 1649904251279,
    "duration": 4,
    "pid": 6584,
    "index": 34
  },
  {
    "name": "Require(27) node_modules/egg-i18n/app/extend/context.js",
    "start": 1649904251281,
    "end": 1649904251282,
    "duration": 1,
    "pid": 6584,
    "index": 35
  },
  {
    "name": "Require(28) node_modules/egg-multipart/app/extend/context.js",
    "start": 1649904251286,
    "end": 1649904251491,
    "duration": 205,
    "pid": 6584,
    "index": 36
  },
  {
    "name": "Require(29) node_modules/egg-view/app/extend/context.js",
    "start": 1649904251493,
    "end": 1649904251495,
    "duration": 2,
    "pid": 6584,
    "index": 37
  },
  {
    "name": "Require(30) node_modules/egg-mongoose/app/extend/context.js",
    "start": 1649904251496,
    "end": 1649904251497,
    "duration": 1,
    "pid": 6584,
    "index": 38
  },
  {
    "name": "Require(31) node_modules/egg-validate/app/extend/context.js",
    "start": 1649904251498,
    "end": 1649904251499,
    "duration": 1,
    "pid": 6584,
    "index": 39
  },
  {
    "name": "Require(32) node_modules/egg/app/extend/context.js",
    "start": 1649904251500,
    "end": 1649904251506,
    "duration": 6,
    "pid": 6584,
    "index": 40
  },
  {
    "name": "Load extend/helper.js",
    "start": 1649904251514,
    "end": 1649904252078,
    "duration": 564,
    "pid": 6584,
    "index": 41
  },
  {
    "name": "Require(33) node_modules/egg-security/app/extend/helper.js",
    "start": 1649904251515,
    "end": 1649904252003,
    "duration": 488,
    "pid": 6584,
    "index": 42
  },
  {
    "name": "Require(34) node_modules/egg/app/extend/helper.js",
    "start": 1649904252059,
    "end": 1649904252064,
    "duration": 5,
    "pid": 6584,
    "index": 43
  },
  {
    "name": "Load app.js",
    "start": 1649904252078,
    "end": 1649904266380,
    "duration": 14302,
    "pid": 6584,
    "index": 44
  },
  {
    "name": "Require(35) node_modules/egg-session/app.js",
    "start": 1649904252079,
    "end": 1649904252129,
    "duration": 50,
    "pid": 6584,
    "index": 45
  },
  {
    "name": "Require(36) node_modules/egg-security/app.js",
    "start": 1649904252131,
    "end": 1649904252222,
    "duration": 91,
    "pid": 6584,
    "index": 46
  },
  {
    "name": "Require(37) node_modules/egg-onerror/app.js",
    "start": 1649904252240,
    "end": 1649904252557,
    "duration": 317,
    "pid": 6584,
    "index": 47
  },
  {
    "name": "Require(38) node_modules/egg-i18n/app.js",
    "start": 1649904252558,
    "end": 1649904252871,
    "duration": 313,
    "pid": 6584,
    "index": 48
  },
  {
    "name": "Require(39) node_modules/egg-watcher/app.js",
    "start": 1649904252873,
    "end": 1649904252888,
    "duration": 15,
    "pid": 6584,
    "index": 49
  },
  {
    "name": "Require(40) node_modules/egg-schedule/app.js",
    "start": 1649904252897,
    "end": 1649904252918,
    "duration": 21,
    "pid": 6584,
    "index": 50
  },
  {
    "name": "Require(41) node_modules/egg-multipart/app.js",
    "start": 1649904252920,
    "end": 1649904252930,
    "duration": 10,
    "pid": 6584,
    "index": 51
  },
  {
    "name": "Require(42) node_modules/egg-logrotator/app.js",
    "start": 1649904252932,
    "end": 1649904252939,
    "duration": 7,
    "pid": 6584,
    "index": 52
  },
  {
    "name": "Require(43) node_modules/egg-static/app.js",
    "start": 1649904252940,
    "end": 1649904252946,
    "duration": 6,
    "pid": 6584,
    "index": 53
  },
  {
    "name": "Require(44) node_modules/egg-mongoose/app.js",
    "start": 1649904252951,
    "end": 1649904252957,
    "duration": 6,
    "pid": 6584,
    "index": 54
  },
  {
    "name": "Require(45) node_modules/egg-validate/app.js",
    "start": 1649904252958,
    "end": 1649904253077,
    "duration": 119,
    "pid": 6584,
    "index": 55
  },
  {
    "name": "Require(46) app.js",
    "start": 1649904253092,
    "end": 1649904266380,
    "duration": 13288,
    "pid": 6584,
    "index": 56
  },
  {
    "name": "Before Start in node_modules/egg-watcher/lib/init.js:15:14",
    "start": 1649904266432,
    "end": 1649904271107,
    "duration": 4675,
    "pid": 6584,
    "index": 57
  },
  {
    "name": "Before Start in node_modules/egg-mongoose/lib/mongoose.js:104:7",
    "start": 1649904266622,
    "end": 1649904271102,
    "duration": 4480,
    "pid": 6584,
    "index": 58
  },
  {
    "name": "Before Start in node_modules/egg-mongoose/lib/mongoose.js:52:9",
    "start": 1649904266623,
    "end": 1649904271038,
    "duration": 4415,
    "pid": 6584,
    "index": 59
  },
  {
    "name": "Load Service",
    "start": 1649904266624,
    "end": 1649904266895,
    "duration": 271,
    "pid": 6584,
    "index": 60
  },
  {
    "name": "Load \"service\" to Context",
    "start": 1649904266624,
    "end": 1649904266895,
    "duration": 271,
    "pid": 6584,
    "index": 61
  },
  {
    "name": "Load Middleware",
    "start": 1649904266895,
    "end": 1649904270465,
    "duration": 3570,
    "pid": 6584,
    "index": 62
  },
  {
    "name": "Load \"middlewares\" to Application",
    "start": 1649904266896,
    "end": 1649904270420,
    "duration": 3524,
    "pid": 6584,
    "index": 63
  },
  {
    "name": "Load Controller",
    "start": 1649904270466,
    "end": 1649904270920,
    "duration": 454,
    "pid": 6584,
    "index": 64
  },
  {
    "name": "Load \"controller\" to Application",
    "start": 1649904270466,
    "end": 1649904270920,
    "duration": 454,
    "pid": 6584,
    "index": 65
  },
  {
    "name": "Load Router",
    "start": 1649904270920,
    "end": 1649904270927,
    "duration": 7,
    "pid": 6584,
    "index": 66
  },
  {
    "name": "Require(47) app/router.js",
    "start": 1649904270921,
    "end": 1649904270922,
    "duration": 1,
    "pid": 6584,
    "index": 67
  },
  {
    "name": "Before Start in node_modules/egg-core/lib/egg.js:303:10",
    "start": 1649904270923,
    "end": 1649904271038,
    "duration": 115,
    "pid": 6584,
    "index": 68
  },
  {
    "name": "Load \"model\" to Application",
    "start": 1649904270972,
    "end": 1649904271038,
    "duration": 66,
    "pid": 6584,
    "index": 69
  },
  {
    "name": "Will Ready in app.js:willReady",
    "start": 1649904271107,
    "end": 1649904271114,
    "duration": 7,
    "pid": 6584,
    "index": 70
  }
]