[
  {
    "name": "Process Start",
    "start": 1649904248260,
    "end": 1649904250590,
    "duration": 2330,
    "pid": 18684,
    "index": 0
  },
  {
    "name": "Application Start",
    "start": 1649904250594,
    "end": 1649904271131,
    "duration": 20537,
    "pid": 18684,
    "index": 1
  },
  {
    "name": "Load Plugin",
    "start": 1649904250612,
    "end": 1649904250728,
    "duration": 116,
    "pid": 18684,
    "index": 2
  },
  {
    "name": "Load Config",
    "start": 1649904250728,
    "end": 1649904250850,
    "duration": 122,
    "pid": 18684,
    "index": 3
  },
  {
    "name": "Require(0) config/config.default.js",
    "start": 1649904250729,
    "end": 1649904250731,
    "duration": 2,
    "pid": 18684,
    "index": 4
  },
  {
    "name": "Require(1) node_modules/egg-session/config/config.default.js",
    "start": 1649904250734,
    "end": 1649904250757,
    "duration": 23,
    "pid": 18684,
    "index": 5
  },
  {
    "name": "Require(2) node_modules/egg-security/config/config.default.js",
    "start": 1649904250758,
    "end": 1649904250759,
    "duration": 1,
    "pid": 18684,
    "index": 6
  },
  {
    "name": "Require(3) node_modules/egg-jsonp/config/config.default.js",
    "start": 1649904250762,
    "end": 1649904250763,
    "duration": 1,
    "pid": 18684,
    "index": 7
  },
  {
    "name": "Require(4) node_modules/egg-onerror/config/config.default.js",
    "start": 1649904250764,
    "end": 1649904250765,
    "duration": 1,
    "pid": 18684,
    "index": 8
  },
  {
    "name": "Require(5) node_modules/egg-i18n/config/config.default.js",
    "start": 1649904250766,
    "end": 1649904250768,
    "duration": 2,
    "pid": 18684,
    "index": 9
  },
  {
    "name": "Require(6) node_modules/egg-watcher/config/config.default.js",
    "start": 1649904250773,
    "end": 1649904250774,
    "duration": 1,
    "pid": 18684,
    "index": 10
  },
  {
    "name": "Require(7) node_modules/egg-schedule/config/config.default.js",
    "start": 1649904250775,
    "end": 1649904250777,
    "duration": 2,
    "pid": 18684,
    "index": 11
  },
  {
    "name": "Require(8) node_modules/egg-multipart/config/config.default.js",
    "start": 1649904250785,
    "end": 1649904250787,
    "duration": 2,
    "pid": 18684,
    "index": 12
  },
  {
    "name": "Require(9) node_modules/egg-logrotator/config/config.default.js",
    "start": 1649904250789,
    "end": 1649904250791,
    "duration": 2,
    "pid": 18684,
    "index": 13
  },
  {
    "name": "Require(10) node_modules/egg-static/config/config.default.js",
    "start": 1649904250794,
    "end": 1649904250796,
    "duration": 2,
    "pid": 18684,
    "index": 14
  },
  {
    "name": "Require(11) node_modules/egg-view/config/config.default.js",
    "start": 1649904250797,
    "end": 1649904250798,
    "duration": 1,
    "pid": 18684,
    "index": 15
  },
  {
    "name": "Require(12) node_modules/egg-mongoose/config/config.default.js",
    "start": 1649904250807,
    "end": 1649904250808,
    "duration": 1,
    "pid": 18684,
    "index": 16
  },
  {
    "name": "Require(13) node_modules/egg-validate/config/config.default.js",
    "start": 1649904250809,
    "end": 1649904250810,
    "duration": 1,
    "pid": 18684,
    "index": 17
  },
  {
    "name": "Require(14) node_modules/egg/config/config.default.js",
    "start": 1649904250813,
    "end": 1649904250823,
    "duration": 10,
    "pid": 18684,
    "index": 18
  },
  {
    "name": "Require(15) config/config.default.js",
    "start": 1649904250830,
    "end": 1649904250830,
    "duration": 0,
    "pid": 18684,
    "index": 19
  },
  {
    "name": "Require(16) node_modules/egg-static/config/config.prod.js",
    "start": 1649904250844,
    "end": 1649904250845,
    "duration": 1,
    "pid": 18684,
    "index": 20
  },
  {
    "name": "Load extend/application.js",
    "start": 1649904250855,
    "end": 1649904251074,
    "duration": 219,
    "pid": 18684,
    "index": 21
  },
  {
    "name": "Require(17) node_modules/egg-session/app/extend/application.js",
    "start": 1649904250859,
    "end": 1649904250861,
    "duration": 2,
    "pid": 18684,
    "index": 22
  },
  {
    "name": "Require(18) node_modules/egg-security/app/extend/application.js",
    "start": 1649904250863,
    "end": 1649904250916,
    "duration": 53,
    "pid": 18684,
    "index": 23
  },
  {
    "name": "Require(19) node_modules/egg-jsonp/app/extend/application.js",
    "start": 1649904250934,
    "end": 1649904250959,
    "duration": 25,
    "pid": 18684,
    "index": 24
  },
  {
    "name": "Require(20) node_modules/egg-logrotator/app/extend/application.js",
    "start": 1649904250964,
    "end": 1649904251002,
    "duration": 38,
    "pid": 18684,
    "index": 25
  },
  {
    "name": "Require(21) node_modules/egg-view/app/extend/application.js",
    "start": 1649904251004,
    "end": 1649904251049,
    "duration": 45,
    "pid": 18684,
    "index": 26
  },
  {
    "name": "Require(22) app/extend/application.js",
    "start": 1649904251057,
    "end": 1649904251065,
    "duration": 8,
    "pid": 18684,
    "index": 27
  },
  {
    "name": "Load extend/request.js",
    "start": 1649904251074,
    "end": 1649904251137,
    "duration": 63,
    "pid": 18684,
    "index": 28
  },
  {
    "name": "Require(23) node_modules/egg/app/extend/request.js",
    "start": 1649904251096,
    "end": 1649904251113,
    "duration": 17,
    "pid": 18684,
    "index": 29
  },
  {
    "name": "Load extend/response.js",
    "start": 1649904251137,
    "end": 1649904251206,
    "duration": 69,
    "pid": 18684,
    "index": 30
  },
  {
    "name": "Require(24) node_modules/egg/app/extend/response.js",
    "start": 1649904251146,
    "end": 1649904251186,
    "duration": 40,
    "pid": 18684,
    "index": 31
  },
  {
    "name": "Load extend/context.js",
    "start": 1649904251206,
    "end": 1649904251506,
    "duration": 300,
    "pid": 18684,
    "index": 32
  },
  {
    "name": "Require(25) node_modules/egg-security/app/extend/context.js",
    "start": 1649904251210,
    "end": 1649904251269,
    "duration": 59,
    "pid": 18684,
    "index": 33
  },
  {
    "name": "Require(26) node_modules/egg-jsonp/app/extend/context.js",
    "start": 1649904251269,
    "end": 1649904251273,
    "duration": 4,
    "pid": 18684,
    "index": 34
  },
  {
    "name": "Require(27) node_modules/egg-i18n/app/extend/context.js",
    "start": 1649904251275,
    "end": 1649904251276,
    "duration": 1,
    "pid": 18684,
    "index": 35
  },
  {
    "name": "Require(28) node_modules/egg-multipart/app/extend/context.js",
    "start": 1649904251288,
    "end": 1649904251476,
    "duration": 188,
    "pid": 18684,
    "index": 36
  },
  {
    "name": "Require(29) node_modules/egg-view/app/extend/context.js",
    "start": 1649904251478,
    "end": 1649904251480,
    "duration": 2,
    "pid": 18684,
    "index": 37
  },
  {
    "name": "Require(30) node_modules/egg-mongoose/app/extend/context.js",
    "start": 1649904251481,
    "end": 1649904251482,
    "duration": 1,
    "pid": 18684,
    "index": 38
  },
  {
    "name": "Require(31) node_modules/egg-validate/app/extend/context.js",
    "start": 1649904251483,
    "end": 1649904251484,
    "duration": 1,
    "pid": 18684,
    "index": 39
  },
  {
    "name": "Require(32) node_modules/egg/app/extend/context.js",
    "start": 1649904251488,
    "end": 1649904251493,
    "duration": 5,
    "pid": 18684,
    "index": 40
  },
  {
    "name": "Load extend/helper.js",
    "start": 1649904251506,
    "end": 1649904252079,
    "duration": 573,
    "pid": 18684,
    "index": 41
  },
  {
    "name": "Require(33) node_modules/egg-security/app/extend/helper.js",
    "start": 1649904251507,
    "end": 1649904252003,
    "duration": 496,
    "pid": 18684,
    "index": 42
  },
  {
    "name": "Require(34) node_modules/egg/app/extend/helper.js",
    "start": 1649904252059,
    "end": 1649904252065,
    "duration": 6,
    "pid": 18684,
    "index": 43
  },
  {
    "name": "Load app.js",
    "start": 1649904252080,
    "end": 1649904266381,
    "duration": 14301,
    "pid": 18684,
    "index": 44
  },
  {
    "name": "Require(35) node_modules/egg-session/app.js",
    "start": 1649904252122,
    "end": 1649904252129,
    "duration": 7,
    "pid": 18684,
    "index": 45
  },
  {
    "name": "Require(36) node_modules/egg-security/app.js",
    "start": 1649904252132,
    "end": 1649904252220,
    "duration": 88,
    "pid": 18684,
    "index": 46
  },
  {
    "name": "Require(37) node_modules/egg-onerror/app.js",
    "start": 1649904252241,
    "end": 1649904252557,
    "duration": 316,
    "pid": 18684,
    "index": 47
  },
  {
    "name": "Require(38) node_modules/egg-i18n/app.js",
    "start": 1649904252559,
    "end": 1649904252872,
    "duration": 313,
    "pid": 18684,
    "index": 48
  },
  {
    "name": "Require(39) node_modules/egg-watcher/app.js",
    "start": 1649904252873,
    "end": 1649904252888,
    "duration": 15,
    "pid": 18684,
    "index": 49
  },
  {
    "name": "Require(40) node_modules/egg-schedule/app.js",
    "start": 1649904252898,
    "end": 1649904252918,
    "duration": 20,
    "pid": 18684,
    "index": 50
  },
  {
    "name": "Require(41) node_modules/egg-multipart/app.js",
    "start": 1649904252920,
    "end": 1649904252930,
    "duration": 10,
    "pid": 18684,
    "index": 51
  },
  {
    "name": "Require(42) node_modules/egg-logrotator/app.js",
    "start": 1649904252932,
    "end": 1649904252939,
    "duration": 7,
    "pid": 18684,
    "index": 52
  },
  {
    "name": "Require(43) node_modules/egg-static/app.js",
    "start": 1649904252941,
    "end": 1649904252947,
    "duration": 6,
    "pid": 18684,
    "index": 53
  },
  {
    "name": "Require(44) node_modules/egg-mongoose/app.js",
    "start": 1649904252952,
    "end": 1649904252957,
    "duration": 5,
    "pid": 18684,
    "index": 54
  },
  {
    "name": "Require(45) node_modules/egg-validate/app.js",
    "start": 1649904252959,
    "end": 1649904253079,
    "duration": 120,
    "pid": 18684,
    "index": 55
  },
  {
    "name": "Require(46) app.js",
    "start": 1649904253091,
    "end": 1649904266381,
    "duration": 13290,
    "pid": 18684,
    "index": 56
  },
  {
    "name": "Before Start in node_modules/egg-watcher/lib/init.js:15:14",
    "start": 1649904266424,
    "end": 1649904271097,
    "duration": 4673,
    "pid": 18684,
    "index": 57
  },
  {
    "name": "Before Start in node_modules/egg-mongoose/lib/mongoose.js:104:7",
    "start": 1649904266623,
    "end": 1649904271093,
    "duration": 4470,
    "pid": 18684,
    "index": 58
  },
  {
    "name": "Before Start in node_modules/egg-mongoose/lib/mongoose.js:52:9",
    "start": 1649904266623,
    "end": 1649904271051,
    "duration": 4428,
    "pid": 18684,
    "index": 59
  },
  {
    "name": "Load Service",
    "start": 1649904266624,
    "end": 1649904266899,
    "duration": 275,
    "pid": 18684,
    "index": 60
  },
  {
    "name": "Load \"service\" to Context",
    "start": 1649904266624,
    "end": 1649904266899,
    "duration": 275,
    "pid": 18684,
    "index": 61
  },
  {
    "name": "Load Middleware",
    "start": 1649904266899,
    "end": 1649904270470,
    "duration": 3571,
    "pid": 18684,
    "index": 62
  },
  {
    "name": "Load \"middlewares\" to Application",
    "start": 1649904266900,
    "end": 1649904270423,
    "duration": 3523,
    "pid": 18684,
    "index": 63
  },
  {
    "name": "Load Controller",
    "start": 1649904270470,
    "end": 1649904270920,
    "duration": 450,
    "pid": 18684,
    "index": 64
  },
  {
    "name": "Load \"controller\" to Application",
    "start": 1649904270470,
    "end": 1649904270920,
    "duration": 450,
    "pid": 18684,
    "index": 65
  },
  {
    "name": "Load Router",
    "start": 1649904270921,
    "end": 1649904270928,
    "duration": 7,
    "pid": 18684,
    "index": 66
  },
  {
    "name": "Require(47) app/router.js",
    "start": 1649904270922,
    "end": 1649904270923,
    "duration": 1,
    "pid": 18684,
    "index": 67
  },
  {
    "name": "Before Start in node_modules/egg-core/lib/egg.js:303:10",
    "start": 1649904270924,
    "end": 1649904271051,
    "duration": 127,
    "pid": 18684,
    "index": 68
  },
  {
    "name": "Load \"model\" to Application",
    "start": 1649904270971,
    "end": 1649904271050,
    "duration": 79,
    "pid": 18684,
    "index": 69
  },
  {
    "name": "Will Ready in app.js:willReady",
    "start": 1649904271098,
    "end": 1649904271104,
    "duration": 6,
    "pid": 18684,
    "index": 70
  }
]