[
  {
    "name": "Process Start",
    "start": 1649861539573,
    "end": 1649861541403,
    "duration": 1830,
    "pid": 13980,
    "index": 0
  },
  {
    "name": "Application Start",
    "start": 1649861541405,
    "end": 1649861545951,
    "duration": 4546,
    "pid": 13980,
    "index": 1
  },
  {
    "name": "Load Plugin",
    "start": 1649861541421,
    "end": 1649861541505,
    "duration": 84,
    "pid": 13980,
    "index": 2
  },
  {
    "name": "Load Config",
    "start": 1649861541505,
    "end": 1649861541558,
    "duration": 53,
    "pid": 13980,
    "index": 3
  },
  {
    "name": "Require(0) config/config.default.js",
    "start": 1649861541507,
    "end": 1649861541508,
    "duration": 1,
    "pid": 13980,
    "index": 4
  },
  {
    "name": "Require(1) node_modules/egg-session/config/config.default.js",
    "start": 1649861541511,
    "end": 1649861541512,
    "duration": 1,
    "pid": 13980,
    "index": 5
  },
  {
    "name": "Require(2) node_modules/egg-security/config/config.default.js",
    "start": 1649861541513,
    "end": 1649861541514,
    "duration": 1,
    "pid": 13980,
    "index": 6
  },
  {
    "name": "Require(3) node_modules/egg-jsonp/config/config.default.js",
    "start": 1649861541517,
    "end": 1649861541518,
    "duration": 1,
    "pid": 13980,
    "index": 7
  },
  {
    "name": "Require(4) node_modules/egg-onerror/config/config.default.js",
    "start": 1649861541519,
    "end": 1649861541521,
    "duration": 2,
    "pid": 13980,
    "index": 8
  },
  {
    "name": "Require(5) node_modules/egg-i18n/config/config.default.js",
    "start": 1649861541522,
    "end": 1649861541523,
    "duration": 1,
    "pid": 13980,
    "index": 9
  },
  {
    "name": "Require(6) node_modules/egg-watcher/config/config.default.js",
    "start": 1649861541525,
    "end": 1649861541526,
    "duration": 1,
    "pid": 13980,
    "index": 10
  },
  {
    "name": "Require(7) node_modules/egg-schedule/config/config.default.js",
    "start": 1649861541528,
    "end": 1649861541529,
    "duration": 1,
    "pid": 13980,
    "index": 11
  },
  {
    "name": "Require(8) node_modules/egg-multipart/config/config.default.js",
    "start": 1649861541530,
    "end": 1649861541531,
    "duration": 1,
    "pid": 13980,
    "index": 12
  },
  {
    "name": "Require(9) node_modules/egg-logrotator/config/config.default.js",
    "start": 1649861541532,
    "end": 1649861541533,
    "duration": 1,
    "pid": 13980,
    "index": 13
  },
  {
    "name": "Require(10) node_modules/egg-static/config/config.default.js",
    "start": 1649861541535,
    "end": 1649861541536,
    "duration": 1,
    "pid": 13980,
    "index": 14
  },
  {
    "name": "Require(11) node_modules/egg-view/config/config.default.js",
    "start": 1649861541537,
    "end": 1649861541538,
    "duration": 1,
    "pid": 13980,
    "index": 15
  },
  {
    "name": "Require(12) node_modules/egg-mongoose/config/config.default.js",
    "start": 1649861541540,
    "end": 1649861541541,
    "duration": 1,
    "pid": 13980,
    "index": 16
  },
  {
    "name": "Require(13) node_modules/egg-validate/config/config.default.js",
    "start": 1649861541542,
    "end": 1649861541543,
    "duration": 1,
    "pid": 13980,
    "index": 17
  },
  {
    "name": "Require(14) node_modules/egg/config/config.default.js",
    "start": 1649861541543,
    "end": 1649861541544,
    "duration": 1,
    "pid": 13980,
    "index": 18
  },
  {
    "name": "Require(15) config/config.default.js",
    "start": 1649861541547,
    "end": 1649861541547,
    "duration": 0,
    "pid": 13980,
    "index": 19
  },
  {
    "name": "Require(16) node_modules/egg-static/config/config.prod.js",
    "start": 1649861541553,
    "end": 1649861541554,
    "duration": 1,
    "pid": 13980,
    "index": 20
  },
  {
    "name": "Load extend/application.js",
    "start": 1649861541561,
    "end": 1649861541617,
    "duration": 56,
    "pid": 13980,
    "index": 21
  },
  {
    "name": "Require(17) node_modules/egg-session/app/extend/application.js",
    "start": 1649861541562,
    "end": 1649861541563,
    "duration": 1,
    "pid": 13980,
    "index": 22
  },
  {
    "name": "Require(18) node_modules/egg-security/app/extend/application.js",
    "start": 1649861541565,
    "end": 1649861541568,
    "duration": 3,
    "pid": 13980,
    "index": 23
  },
  {
    "name": "Require(19) node_modules/egg-jsonp/app/extend/application.js",
    "start": 1649861541569,
    "end": 1649861541573,
    "duration": 4,
    "pid": 13980,
    "index": 24
  },
  {
    "name": "Require(20) node_modules/egg-logrotator/app/extend/application.js",
    "start": 1649861541577,
    "end": 1649861541596,
    "duration": 19,
    "pid": 13980,
    "index": 25
  },
  {
    "name": "Require(21) node_modules/egg-view/app/extend/application.js",
    "start": 1649861541598,
    "end": 1649861541602,
    "duration": 4,
    "pid": 13980,
    "index": 26
  },
  {
    "name": "Require(22) app/extend/application.js",
    "start": 1649861541607,
    "end": 1649861541608,
    "duration": 1,
    "pid": 13980,
    "index": 27
  },
  {
    "name": "Load extend/request.js",
    "start": 1649861541617,
    "end": 1649861541642,
    "duration": 25,
    "pid": 13980,
    "index": 28
  },
  {
    "name": "Require(23) node_modules/egg/app/extend/request.js",
    "start": 1649861541626,
    "end": 1649861541632,
    "duration": 6,
    "pid": 13980,
    "index": 29
  },
  {
    "name": "Load extend/response.js",
    "start": 1649861541642,
    "end": 1649861541669,
    "duration": 27,
    "pid": 13980,
    "index": 30
  },
  {
    "name": "Require(24) node_modules/egg/app/extend/response.js",
    "start": 1649861541652,
    "end": 1649861541658,
    "duration": 6,
    "pid": 13980,
    "index": 31
  },
  {
    "name": "Load extend/context.js",
    "start": 1649861541669,
    "end": 1649861541891,
    "duration": 222,
    "pid": 13980,
    "index": 32
  },
  {
    "name": "Require(25) node_modules/egg-security/app/extend/context.js",
    "start": 1649861541670,
    "end": 1649861541710,
    "duration": 40,
    "pid": 13980,
    "index": 33
  },
  {
    "name": "Require(26) node_modules/egg-jsonp/app/extend/context.js",
    "start": 1649861541712,
    "end": 1649861541716,
    "duration": 4,
    "pid": 13980,
    "index": 34
  },
  {
    "name": "Require(27) node_modules/egg-i18n/app/extend/context.js",
    "start": 1649861541721,
    "end": 1649861541722,
    "duration": 1,
    "pid": 13980,
    "index": 35
  },
  {
    "name": "Require(28) node_modules/egg-multipart/app/extend/context.js",
    "start": 1649861541725,
    "end": 1649861541862,
    "duration": 137,
    "pid": 13980,
    "index": 36
  },
  {
    "name": "Require(29) node_modules/egg-view/app/extend/context.js",
    "start": 1649861541864,
    "end": 1649861541866,
    "duration": 2,
    "pid": 13980,
    "index": 37
  },
  {
    "name": "Require(30) node_modules/egg-mongoose/app/extend/context.js",
    "start": 1649861541868,
    "end": 1649861541869,
    "duration": 1,
    "pid": 13980,
    "index": 38
  },
  {
    "name": "Require(31) node_modules/egg-validate/app/extend/context.js",
    "start": 1649861541870,
    "end": 1649861541871,
    "duration": 1,
    "pid": 13980,
    "index": 39
  },
  {
    "name": "Require(32) node_modules/egg/app/extend/context.js",
    "start": 1649861541871,
    "end": 1649861541878,
    "duration": 7,
    "pid": 13980,
    "index": 40
  },
  {
    "name": "Load extend/helper.js",
    "start": 1649861541892,
    "end": 1649861541950,
    "duration": 58,
    "pid": 13980,
    "index": 41
  },
  {
    "name": "Require(33) node_modules/egg-security/app/extend/helper.js",
    "start": 1649861541893,
    "end": 1649861541930,
    "duration": 37,
    "pid": 13980,
    "index": 42
  },
  {
    "name": "Require(34) node_modules/egg/app/extend/helper.js",
    "start": 1649861541939,
    "end": 1649861541940,
    "duration": 1,
    "pid": 13980,
    "index": 43
  },
  {
    "name": "Load app.js",
    "start": 1649861541950,
    "end": 1649861543927,
    "duration": 1977,
    "pid": 13980,
    "index": 44
  },
  {
    "name": "Require(35) node_modules/egg-session/app.js",
    "start": 1649861541951,
    "end": 1649861541951,
    "duration": 0,
    "pid": 13980,
    "index": 45
  },
  {
    "name": "Require(36) node_modules/egg-security/app.js",
    "start": 1649861541952,
    "end": 1649861541957,
    "duration": 5,
    "pid": 13980,
    "index": 46
  },
  {
    "name": "Require(37) node_modules/egg-onerror/app.js",
    "start": 1649861541959,
    "end": 1649861541978,
    "duration": 19,
    "pid": 13980,
    "index": 47
  },
  {
    "name": "Require(38) node_modules/egg-i18n/app.js",
    "start": 1649861541979,
    "end": 1649861542010,
    "duration": 31,
    "pid": 13980,
    "index": 48
  },
  {
    "name": "Require(39) node_modules/egg-watcher/app.js",
    "start": 1649861542011,
    "end": 1649861542019,
    "duration": 8,
    "pid": 13980,
    "index": 49
  },
  {
    "name": "Require(40) node_modules/egg-schedule/app.js",
    "start": 1649861542020,
    "end": 1649861542025,
    "duration": 5,
    "pid": 13980,
    "index": 50
  },
  {
    "name": "Require(41) node_modules/egg-multipart/app.js",
    "start": 1649861542026,
    "end": 1649861542028,
    "duration": 2,
    "pid": 13980,
    "index": 51
  },
  {
    "name": "Require(42) node_modules/egg-logrotator/app.js",
    "start": 1649861542029,
    "end": 1649861542029,
    "duration": 0,
    "pid": 13980,
    "index": 52
  },
  {
    "name": "Require(43) node_modules/egg-static/app.js",
    "start": 1649861542030,
    "end": 1649861542031,
    "duration": 1,
    "pid": 13980,
    "index": 53
  },
  {
    "name": "Require(44) node_modules/egg-mongoose/app.js",
    "start": 1649861542033,
    "end": 1649861542033,
    "duration": 0,
    "pid": 13980,
    "index": 54
  },
  {
    "name": "Require(45) node_modules/egg-validate/app.js",
    "start": 1649861542035,
    "end": 1649861542038,
    "duration": 3,
    "pid": 13980,
    "index": 55
  },
  {
    "name": "Require(46) app.js",
    "start": 1649861542040,
    "end": 1649861543926,
    "duration": 1886,
    "pid": 13980,
    "index": 56
  },
  {
    "name": "Before Start in node_modules/egg-watcher/lib/init.js:15:14",
    "start": 1649861543973,
    "end": 1649861545909,
    "duration": 1936,
    "pid": 13980,
    "index": 57
  },
  {
    "name": "Before Start in node_modules/egg-mongoose/lib/mongoose.js:104:7",
    "start": 1649861544177,
    "end": 1649861545898,
    "duration": 1721,
    "pid": 13980,
    "index": 58
  },
  {
    "name": "Before Start in node_modules/egg-mongoose/lib/mongoose.js:52:9",
    "start": 1649861544178,
    "end": 1649861545827,
    "duration": 1649,
    "pid": 13980,
    "index": 59
  },
  {
    "name": "Load Service",
    "start": 1649861544179,
    "end": 1649861544368,
    "duration": 189,
    "pid": 13980,
    "index": 60
  },
  {
    "name": "Load \"service\" to Context",
    "start": 1649861544180,
    "end": 1649861544368,
    "duration": 188,
    "pid": 13980,
    "index": 61
  },
  {
    "name": "Load Middleware",
    "start": 1649861544369,
    "end": 1649861545389,
    "duration": 1020,
    "pid": 13980,
    "index": 62
  },
  {
    "name": "Load \"middlewares\" to Application",
    "start": 1649861544370,
    "end": 1649861545277,
    "duration": 907,
    "pid": 13980,
    "index": 63
  },
  {
    "name": "Load Controller",
    "start": 1649861545389,
    "end": 1649861545620,
    "duration": 231,
    "pid": 13980,
    "index": 64
  },
  {
    "name": "Load \"controller\" to Application",
    "start": 1649861545390,
    "end": 1649861545620,
    "duration": 230,
    "pid": 13980,
    "index": 65
  },
  {
    "name": "Load Router",
    "start": 1649861545621,
    "end": 1649861545634,
    "duration": 13,
    "pid": 13980,
    "index": 66
  },
  {
    "name": "Require(47) app/router.js",
    "start": 1649861545624,
    "end": 1649861545625,
    "duration": 1,
    "pid": 13980,
    "index": 67
  },
  {
    "name": "Before Start in node_modules/egg-core/lib/egg.js:303:10",
    "start": 1649861545626,
    "end": 1649861545827,
    "duration": 201,
    "pid": 13980,
    "index": 68
  },
  {
    "name": "Load \"model\" to Application",
    "start": 1649861545714,
    "end": 1649861545825,
    "duration": 111,
    "pid": 13980,
    "index": 69
  },
  {
    "name": "Will Ready in app.js:willReady",
    "start": 1649861545911,
    "end": 1649861545920,
    "duration": 9,
    "pid": 13980,
    "index": 70
  }
]