[
  {
    "name": "Process Start",
    "start": 1649862670237,
    "end": 1649862672228,
    "duration": 1991,
    "pid": 19468,
    "index": 0
  },
  {
    "name": "Application Start",
    "start": 1649862672230,
    "end": 1649862684355,
    "duration": 12125,
    "pid": 19468,
    "index": 1
  },
  {
    "name": "Load Plugin",
    "start": 1649862672245,
    "end": 1649862672320,
    "duration": 75,
    "pid": 19468,
    "index": 2
  },
  {
    "name": "Load Config",
    "start": 1649862672321,
    "end": 1649862672384,
    "duration": 63,
    "pid": 19468,
    "index": 3
  },
  {
    "name": "Require(0) config/config.default.js",
    "start": 1649862672322,
    "end": 1649862672323,
    "duration": 1,
    "pid": 19468,
    "index": 4
  },
  {
    "name": "Require(1) node_modules/egg-session/config/config.default.js",
    "start": 1649862672327,
    "end": 1649862672328,
    "duration": 1,
    "pid": 19468,
    "index": 5
  },
  {
    "name": "Require(2) node_modules/egg-security/config/config.default.js",
    "start": 1649862672334,
    "end": 1649862672336,
    "duration": 2,
    "pid": 19468,
    "index": 6
  },
  {
    "name": "Require(3) node_modules/egg-jsonp/config/config.default.js",
    "start": 1649862672338,
    "end": 1649862672339,
    "duration": 1,
    "pid": 19468,
    "index": 7
  },
  {
    "name": "Require(4) node_modules/egg-onerror/config/config.default.js",
    "start": 1649862672340,
    "end": 1649862672341,
    "duration": 1,
    "pid": 19468,
    "index": 8
  },
  {
    "name": "Require(5) node_modules/egg-i18n/config/config.default.js",
    "start": 1649862672342,
    "end": 1649862672343,
    "duration": 1,
    "pid": 19468,
    "index": 9
  },
  {
    "name": "Require(6) node_modules/egg-watcher/config/config.default.js",
    "start": 1649862672345,
    "end": 1649862672347,
    "duration": 2,
    "pid": 19468,
    "index": 10
  },
  {
    "name": "Require(7) node_modules/egg-schedule/config/config.default.js",
    "start": 1649862672348,
    "end": 1649862672349,
    "duration": 1,
    "pid": 19468,
    "index": 11
  },
  {
    "name": "Require(8) node_modules/egg-multipart/config/config.default.js",
    "start": 1649862672350,
    "end": 1649862672352,
    "duration": 2,
    "pid": 19468,
    "index": 12
  },
  {
    "name": "Require(9) node_modules/egg-logrotator/config/config.default.js",
    "start": 1649862672353,
    "end": 1649862672354,
    "duration": 1,
    "pid": 19468,
    "index": 13
  },
  {
    "name": "Require(10) node_modules/egg-static/config/config.default.js",
    "start": 1649862672356,
    "end": 1649862672357,
    "duration": 1,
    "pid": 19468,
    "index": 14
  },
  {
    "name": "Require(11) node_modules/egg-view/config/config.default.js",
    "start": 1649862672358,
    "end": 1649862672359,
    "duration": 1,
    "pid": 19468,
    "index": 15
  },
  {
    "name": "Require(12) node_modules/egg-mongoose/config/config.default.js",
    "start": 1649862672360,
    "end": 1649862672361,
    "duration": 1,
    "pid": 19468,
    "index": 16
  },
  {
    "name": "Require(13) node_modules/egg-validate/config/config.default.js",
    "start": 1649862672362,
    "end": 1649862672363,
    "duration": 1,
    "pid": 19468,
    "index": 17
  },
  {
    "name": "Require(14) node_modules/egg/config/config.default.js",
    "start": 1649862672364,
    "end": 1649862672365,
    "duration": 1,
    "pid": 19468,
    "index": 18
  },
  {
    "name": "Require(15) config/config.default.js",
    "start": 1649862672367,
    "end": 1649862672367,
    "duration": 0,
    "pid": 19468,
    "index": 19
  },
  {
    "name": "Require(16) node_modules/egg-static/config/config.prod.js",
    "start": 1649862672380,
    "end": 1649862672380,
    "duration": 0,
    "pid": 19468,
    "index": 20
  },
  {
    "name": "Load extend/application.js",
    "start": 1649862672386,
    "end": 1649862672438,
    "duration": 52,
    "pid": 19468,
    "index": 21
  },
  {
    "name": "Require(17) node_modules/egg-session/app/extend/application.js",
    "start": 1649862672388,
    "end": 1649862672389,
    "duration": 1,
    "pid": 19468,
    "index": 22
  },
  {
    "name": "Require(18) node_modules/egg-security/app/extend/application.js",
    "start": 1649862672390,
    "end": 1649862672393,
    "duration": 3,
    "pid": 19468,
    "index": 23
  },
  {
    "name": "Require(19) node_modules/egg-jsonp/app/extend/application.js",
    "start": 1649862672394,
    "end": 1649862672397,
    "duration": 3,
    "pid": 19468,
    "index": 24
  },
  {
    "name": "Require(20) node_modules/egg-logrotator/app/extend/application.js",
    "start": 1649862672401,
    "end": 1649862672419,
    "duration": 18,
    "pid": 19468,
    "index": 25
  },
  {
    "name": "Require(21) node_modules/egg-view/app/extend/application.js",
    "start": 1649862672421,
    "end": 1649862672424,
    "duration": 3,
    "pid": 19468,
    "index": 26
  },
  {
    "name": "Require(22) app/extend/application.js",
    "start": 1649862672427,
    "end": 1649862672428,
    "duration": 1,
    "pid": 19468,
    "index": 27
  },
  {
    "name": "Load extend/request.js",
    "start": 1649862672438,
    "end": 1649862672460,
    "duration": 22,
    "pid": 19468,
    "index": 28
  },
  {
    "name": "Require(23) node_modules/egg/app/extend/request.js",
    "start": 1649862672448,
    "end": 1649862672450,
    "duration": 2,
    "pid": 19468,
    "index": 29
  },
  {
    "name": "Load extend/response.js",
    "start": 1649862672460,
    "end": 1649862672546,
    "duration": 86,
    "pid": 19468,
    "index": 30
  },
  {
    "name": "Require(24) node_modules/egg/app/extend/response.js",
    "start": 1649862672468,
    "end": 1649862672530,
    "duration": 62,
    "pid": 19468,
    "index": 31
  },
  {
    "name": "Load extend/context.js",
    "start": 1649862672546,
    "end": 1649862672825,
    "duration": 279,
    "pid": 19468,
    "index": 32
  },
  {
    "name": "Require(25) node_modules/egg-security/app/extend/context.js",
    "start": 1649862672548,
    "end": 1649862672607,
    "duration": 59,
    "pid": 19468,
    "index": 33
  },
  {
    "name": "Require(26) node_modules/egg-jsonp/app/extend/context.js",
    "start": 1649862672608,
    "end": 1649862672611,
    "duration": 3,
    "pid": 19468,
    "index": 34
  },
  {
    "name": "Require(27) node_modules/egg-i18n/app/extend/context.js",
    "start": 1649862672613,
    "end": 1649862672614,
    "duration": 1,
    "pid": 19468,
    "index": 35
  },
  {
    "name": "Require(28) node_modules/egg-multipart/app/extend/context.js",
    "start": 1649862672617,
    "end": 1649862672801,
    "duration": 184,
    "pid": 19468,
    "index": 36
  },
  {
    "name": "Require(29) node_modules/egg-view/app/extend/context.js",
    "start": 1649862672803,
    "end": 1649862672806,
    "duration": 3,
    "pid": 19468,
    "index": 37
  },
  {
    "name": "Require(30) node_modules/egg-mongoose/app/extend/context.js",
    "start": 1649862672807,
    "end": 1649862672808,
    "duration": 1,
    "pid": 19468,
    "index": 38
  },
  {
    "name": "Require(31) node_modules/egg-validate/app/extend/context.js",
    "start": 1649862672809,
    "end": 1649862672810,
    "duration": 1,
    "pid": 19468,
    "index": 39
  },
  {
    "name": "Require(32) node_modules/egg/app/extend/context.js",
    "start": 1649862672811,
    "end": 1649862672815,
    "duration": 4,
    "pid": 19468,
    "index": 40
  },
  {
    "name": "Load extend/helper.js",
    "start": 1649862672825,
    "end": 1649862673394,
    "duration": 569,
    "pid": 19468,
    "index": 41
  },
  {
    "name": "Require(33) node_modules/egg-security/app/extend/helper.js",
    "start": 1649862672827,
    "end": 1649862673324,
    "duration": 497,
    "pid": 19468,
    "index": 42
  },
  {
    "name": "Require(34) node_modules/egg/app/extend/helper.js",
    "start": 1649862673378,
    "end": 1649862673379,
    "duration": 1,
    "pid": 19468,
    "index": 43
  },
  {
    "name": "Load app.js",
    "start": 1649862673394,
    "end": 1649862682053,
    "duration": 8659,
    "pid": 19468,
    "index": 44
  },
  {
    "name": "Require(35) node_modules/egg-session/app.js",
    "start": 1649862673424,
    "end": 1649862673426,
    "duration": 2,
    "pid": 19468,
    "index": 45
  },
  {
    "name": "Require(36) node_modules/egg-security/app.js",
    "start": 1649862673456,
    "end": 1649862673468,
    "duration": 12,
    "pid": 19468,
    "index": 46
  },
  {
    "name": "Require(37) node_modules/egg-onerror/app.js",
    "start": 1649862673491,
    "end": 1649862673646,
    "duration": 155,
    "pid": 19468,
    "index": 47
  },
  {
    "name": "Require(38) node_modules/egg-i18n/app.js",
    "start": 1649862673656,
    "end": 1649862673940,
    "duration": 284,
    "pid": 19468,
    "index": 48
  },
  {
    "name": "Require(39) node_modules/egg-watcher/app.js",
    "start": 1649862673942,
    "end": 1649862673966,
    "duration": 24,
    "pid": 19468,
    "index": 49
  },
  {
    "name": "Require(40) node_modules/egg-schedule/app.js",
    "start": 1649862673971,
    "end": 1649862673984,
    "duration": 13,
    "pid": 19468,
    "index": 50
  },
  {
    "name": "Require(41) node_modules/egg-multipart/app.js",
    "start": 1649862674003,
    "end": 1649862674007,
    "duration": 4,
    "pid": 19468,
    "index": 51
  },
  {
    "name": "Require(42) node_modules/egg-logrotator/app.js",
    "start": 1649862674008,
    "end": 1649862674009,
    "duration": 1,
    "pid": 19468,
    "index": 52
  },
  {
    "name": "Require(43) node_modules/egg-static/app.js",
    "start": 1649862674011,
    "end": 1649862674011,
    "duration": 0,
    "pid": 19468,
    "index": 53
  },
  {
    "name": "Require(44) node_modules/egg-mongoose/app.js",
    "start": 1649862674016,
    "end": 1649862674017,
    "duration": 1,
    "pid": 19468,
    "index": 54
  },
  {
    "name": "Require(45) node_modules/egg-validate/app.js",
    "start": 1649862674018,
    "end": 1649862674071,
    "duration": 53,
    "pid": 19468,
    "index": 55
  },
  {
    "name": "Require(46) app.js",
    "start": 1649862674092,
    "end": 1649862682053,
    "duration": 7961,
    "pid": 19468,
    "index": 56
  },
  {
    "name": "Before Start in node_modules/egg-watcher/lib/init.js:15:14",
    "start": 1649862682073,
    "end": 1649862684322,
    "duration": 2249,
    "pid": 19468,
    "index": 57
  },
  {
    "name": "Before Start in node_modules/egg-mongoose/lib/mongoose.js:104:7",
    "start": 1649862682190,
    "end": 1649862684308,
    "duration": 2118,
    "pid": 19468,
    "index": 58
  },
  {
    "name": "Before Start in node_modules/egg-mongoose/lib/mongoose.js:52:9",
    "start": 1649862682190,
    "end": 1649862684270,
    "duration": 2080,
    "pid": 19468,
    "index": 59
  },
  {
    "name": "Load Service",
    "start": 1649862682191,
    "end": 1649862682588,
    "duration": 397,
    "pid": 19468,
    "index": 60
  },
  {
    "name": "Load \"service\" to Context",
    "start": 1649862682191,
    "end": 1649862682588,
    "duration": 397,
    "pid": 19468,
    "index": 61
  },
  {
    "name": "Load Middleware",
    "start": 1649862682588,
    "end": 1649862683859,
    "duration": 1271,
    "pid": 19468,
    "index": 62
  },
  {
    "name": "Load \"middlewares\" to Application",
    "start": 1649862682589,
    "end": 1649862683824,
    "duration": 1235,
    "pid": 19468,
    "index": 63
  },
  {
    "name": "Load Controller",
    "start": 1649862683860,
    "end": 1649862684144,
    "duration": 284,
    "pid": 19468,
    "index": 64
  },
  {
    "name": "Load \"controller\" to Application",
    "start": 1649862683860,
    "end": 1649862684144,
    "duration": 284,
    "pid": 19468,
    "index": 65
  },
  {
    "name": "Load Router",
    "start": 1649862684144,
    "end": 1649862684157,
    "duration": 13,
    "pid": 19468,
    "index": 66
  },
  {
    "name": "Require(47) app/router.js",
    "start": 1649862684146,
    "end": 1649862684147,
    "duration": 1,
    "pid": 19468,
    "index": 67
  },
  {
    "name": "Before Start in node_modules/egg-core/lib/egg.js:303:10",
    "start": 1649862684149,
    "end": 1649862684270,
    "duration": 121,
    "pid": 19468,
    "index": 68
  },
  {
    "name": "Load \"model\" to Application",
    "start": 1649862684205,
    "end": 1649862684269,
    "duration": 64,
    "pid": 19468,
    "index": 69
  },
  {
    "name": "Will Ready in app.js:willReady",
    "start": 1649862684328,
    "end": 1649862684340,
    "duration": 12,
    "pid": 19468,
    "index": 70
  }
]