[
  {
    "name": "Process Start",
    "start": 1649861623026,
    "end": 1649861627366,
    "duration": 4340,
    "pid": 5840,
    "index": 0
  },
  {
    "name": "Application Start",
    "start": 1649861627369,
    "end": 1649861633681,
    "duration": 6312,
    "pid": 5840,
    "index": 1
  },
  {
    "name": "Load Plugin",
    "start": 1649861627395,
    "end": 1649861627581,
    "duration": 186,
    "pid": 5840,
    "index": 2
  },
  {
    "name": "Load Config",
    "start": 1649861627581,
    "end": 1649861627682,
    "duration": 101,
    "pid": 5840,
    "index": 3
  },
  {
    "name": "Require(0) config/config.default.js",
    "start": 1649861627584,
    "end": 1649861627586,
    "duration": 2,
    "pid": 5840,
    "index": 4
  },
  {
    "name": "Require(1) node_modules/egg-session/config/config.default.js",
    "start": 1649861627592,
    "end": 1649861627594,
    "duration": 2,
    "pid": 5840,
    "index": 5
  },
  {
    "name": "Require(2) node_modules/egg-security/config/config.default.js",
    "start": 1649861627596,
    "end": 1649861627598,
    "duration": 2,
    "pid": 5840,
    "index": 6
  },
  {
    "name": "Require(3) node_modules/egg-jsonp/config/config.default.js",
    "start": 1649861627602,
    "end": 1649861627604,
    "duration": 2,
    "pid": 5840,
    "index": 7
  },
  {
    "name": "Require(4) node_modules/egg-onerror/config/config.default.js",
    "start": 1649861627607,
    "end": 1649861627608,
    "duration": 1,
    "pid": 5840,
    "index": 8
  },
  {
    "name": "Require(5) node_modules/egg-i18n/config/config.default.js",
    "start": 1649861627611,
    "end": 1649861627612,
    "duration": 1,
    "pid": 5840,
    "index": 9
  },
  {
    "name": "Require(6) node_modules/egg-watcher/config/config.default.js",
    "start": 1649861627615,
    "end": 1649861627617,
    "duration": 2,
    "pid": 5840,
    "index": 10
  },
  {
    "name": "Require(7) node_modules/egg-schedule/config/config.default.js",
    "start": 1649861627620,
    "end": 1649861627622,
    "duration": 2,
    "pid": 5840,
    "index": 11
  },
  {
    "name": "Require(8) node_modules/egg-multipart/config/config.default.js",
    "start": 1649861627624,
    "end": 1649861627626,
    "duration": 2,
    "pid": 5840,
    "index": 12
  },
  {
    "name": "Require(9) node_modules/egg-logrotator/config/config.default.js",
    "start": 1649861627629,
    "end": 1649861627630,
    "duration": 1,
    "pid": 5840,
    "index": 13
  },
  {
    "name": "Require(10) node_modules/egg-static/config/config.default.js",
    "start": 1649861627632,
    "end": 1649861627634,
    "duration": 2,
    "pid": 5840,
    "index": 14
  },
  {
    "name": "Require(11) node_modules/egg-view/config/config.default.js",
    "start": 1649861627637,
    "end": 1649861627638,
    "duration": 1,
    "pid": 5840,
    "index": 15
  },
  {
    "name": "Require(12) node_modules/egg-mongoose/config/config.default.js",
    "start": 1649861627641,
    "end": 1649861627645,
    "duration": 4,
    "pid": 5840,
    "index": 16
  },
  {
    "name": "Require(13) node_modules/egg-validate/config/config.default.js",
    "start": 1649861627647,
    "end": 1649861627649,
    "duration": 2,
    "pid": 5840,
    "index": 17
  },
  {
    "name": "Require(14) node_modules/egg/config/config.default.js",
    "start": 1649861627652,
    "end": 1649861627654,
    "duration": 2,
    "pid": 5840,
    "index": 18
  },
  {
    "name": "Require(15) config/config.default.js",
    "start": 1649861627658,
    "end": 1649861627658,
    "duration": 0,
    "pid": 5840,
    "index": 19
  },
  {
    "name": "Require(16) node_modules/egg-static/config/config.prod.js",
    "start": 1649861627671,
    "end": 1649861627676,
    "duration": 5,
    "pid": 5840,
    "index": 20
  },
  {
    "name": "Load extend/application.js",
    "start": 1649861627688,
    "end": 1649861627844,
    "duration": 156,
    "pid": 5840,
    "index": 21
  },
  {
    "name": "Require(17) node_modules/egg-session/app/extend/application.js",
    "start": 1649861627691,
    "end": 1649861627693,
    "duration": 2,
    "pid": 5840,
    "index": 22
  },
  {
    "name": "Require(18) node_modules/egg-security/app/extend/application.js",
    "start": 1649861627695,
    "end": 1649861627705,
    "duration": 10,
    "pid": 5840,
    "index": 23
  },
  {
    "name": "Require(19) node_modules/egg-jsonp/app/extend/application.js",
    "start": 1649861627708,
    "end": 1649861627725,
    "duration": 17,
    "pid": 5840,
    "index": 24
  },
  {
    "name": "Require(20) node_modules/egg-logrotator/app/extend/application.js",
    "start": 1649861627759,
    "end": 1649861627797,
    "duration": 38,
    "pid": 5840,
    "index": 25
  },
  {
    "name": "Require(21) node_modules/egg-view/app/extend/application.js",
    "start": 1649861627800,
    "end": 1649861627807,
    "duration": 7,
    "pid": 5840,
    "index": 26
  },
  {
    "name": "Require(22) app/extend/application.js",
    "start": 1649861627813,
    "end": 1649861627815,
    "duration": 2,
    "pid": 5840,
    "index": 27
  },
  {
    "name": "Load extend/request.js",
    "start": 1649861627844,
    "end": 1649861627920,
    "duration": 76,
    "pid": 5840,
    "index": 28
  },
  {
    "name": "Require(23) node_modules/egg/app/extend/request.js",
    "start": 1649861627892,
    "end": 1649861627898,
    "duration": 6,
    "pid": 5840,
    "index": 29
  },
  {
    "name": "Load extend/response.js",
    "start": 1649861627921,
    "end": 1649861628046,
    "duration": 125,
    "pid": 5840,
    "index": 30
  },
  {
    "name": "Require(24) node_modules/egg/app/extend/response.js",
    "start": 1649861627959,
    "end": 1649861627970,
    "duration": 11,
    "pid": 5840,
    "index": 31
  },
  {
    "name": "Load extend/context.js",
    "start": 1649861628046,
    "end": 1649861628717,
    "duration": 671,
    "pid": 5840,
    "index": 32
  },
  {
    "name": "Require(25) node_modules/egg-security/app/extend/context.js",
    "start": 1649861628056,
    "end": 1649861628217,
    "duration": 161,
    "pid": 5840,
    "index": 33
  },
  {
    "name": "Require(26) node_modules/egg-jsonp/app/extend/context.js",
    "start": 1649861628219,
    "end": 1649861628229,
    "duration": 10,
    "pid": 5840,
    "index": 34
  },
  {
    "name": "Require(27) node_modules/egg-i18n/app/extend/context.js",
    "start": 1649861628232,
    "end": 1649861628237,
    "duration": 5,
    "pid": 5840,
    "index": 35
  },
  {
    "name": "Require(28) node_modules/egg-multipart/app/extend/context.js",
    "start": 1649861628244,
    "end": 1649861628636,
    "duration": 392,
    "pid": 5840,
    "index": 36
  },
  {
    "name": "Require(29) node_modules/egg-view/app/extend/context.js",
    "start": 1649861628641,
    "end": 1649861628645,
    "duration": 4,
    "pid": 5840,
    "index": 37
  },
  {
    "name": "Require(30) node_modules/egg-mongoose/app/extend/context.js",
    "start": 1649861628647,
    "end": 1649861628649,
    "duration": 2,
    "pid": 5840,
    "index": 38
  },
  {
    "name": "Require(31) node_modules/egg-validate/app/extend/context.js",
    "start": 1649861628651,
    "end": 1649861628653,
    "duration": 2,
    "pid": 5840,
    "index": 39
  },
  {
    "name": "Require(32) node_modules/egg/app/extend/context.js",
    "start": 1649861628683,
    "end": 1649861628692,
    "duration": 9,
    "pid": 5840,
    "index": 40
  },
  {
    "name": "Load extend/helper.js",
    "start": 1649861628718,
    "end": 1649861628933,
    "duration": 215,
    "pid": 5840,
    "index": 41
  },
  {
    "name": "Require(33) node_modules/egg-security/app/extend/helper.js",
    "start": 1649861628756,
    "end": 1649861628893,
    "duration": 137,
    "pid": 5840,
    "index": 42
  },
  {
    "name": "Require(34) node_modules/egg/app/extend/helper.js",
    "start": 1649861628909,
    "end": 1649861628910,
    "duration": 1,
    "pid": 5840,
    "index": 43
  },
  {
    "name": "Load app.js",
    "start": 1649861628934,
    "end": 1649861631938,
    "duration": 3004,
    "pid": 5840,
    "index": 44
  },
  {
    "name": "Require(35) node_modules/egg-session/app.js",
    "start": 1649861628936,
    "end": 1649861628938,
    "duration": 2,
    "pid": 5840,
    "index": 45
  },
  {
    "name": "Require(36) node_modules/egg-security/app.js",
    "start": 1649861628964,
    "end": 1649861628975,
    "duration": 11,
    "pid": 5840,
    "index": 46
  },
  {
    "name": "Require(37) node_modules/egg-onerror/app.js",
    "start": 1649861628979,
    "end": 1649861629114,
    "duration": 135,
    "pid": 5840,
    "index": 47
  },
  {
    "name": "Require(38) node_modules/egg-i18n/app.js",
    "start": 1649861629116,
    "end": 1649861629223,
    "duration": 107,
    "pid": 5840,
    "index": 48
  },
  {
    "name": "Require(39) node_modules/egg-watcher/app.js",
    "start": 1649861629225,
    "end": 1649861629295,
    "duration": 70,
    "pid": 5840,
    "index": 49
  },
  {
    "name": "Require(40) node_modules/egg-schedule/app.js",
    "start": 1649861629296,
    "end": 1649861629306,
    "duration": 10,
    "pid": 5840,
    "index": 50
  },
  {
    "name": "Require(41) node_modules/egg-multipart/app.js",
    "start": 1649861629308,
    "end": 1649861629312,
    "duration": 4,
    "pid": 5840,
    "index": 51
  },
  {
    "name": "Require(42) node_modules/egg-logrotator/app.js",
    "start": 1649861629314,
    "end": 1649861629315,
    "duration": 1,
    "pid": 5840,
    "index": 52
  },
  {
    "name": "Require(43) node_modules/egg-static/app.js",
    "start": 1649861629317,
    "end": 1649861629319,
    "duration": 2,
    "pid": 5840,
    "index": 53
  },
  {
    "name": "Require(44) node_modules/egg-mongoose/app.js",
    "start": 1649861629324,
    "end": 1649861629325,
    "duration": 1,
    "pid": 5840,
    "index": 54
  },
  {
    "name": "Require(45) node_modules/egg-validate/app.js",
    "start": 1649861629326,
    "end": 1649861629334,
    "duration": 8,
    "pid": 5840,
    "index": 55
  },
  {
    "name": "Require(46) app.js",
    "start": 1649861629338,
    "end": 1649861631937,
    "duration": 2599,
    "pid": 5840,
    "index": 56
  },
  {
    "name": "Before Start in node_modules/egg-watcher/lib/init.js:15:14",
    "start": 1649861631972,
    "end": 1649861633660,
    "duration": 1688,
    "pid": 5840,
    "index": 57
  },
  {
    "name": "Before Start in node_modules/egg-mongoose/lib/mongoose.js:104:7",
    "start": 1649861632161,
    "end": 1649861633653,
    "duration": 1492,
    "pid": 5840,
    "index": 58
  },
  {
    "name": "Before Start in node_modules/egg-mongoose/lib/mongoose.js:52:9",
    "start": 1649861632162,
    "end": 1649861633579,
    "duration": 1417,
    "pid": 5840,
    "index": 59
  },
  {
    "name": "Load Service",
    "start": 1649861632163,
    "end": 1649861632331,
    "duration": 168,
    "pid": 5840,
    "index": 60
  },
  {
    "name": "Load \"service\" to Context",
    "start": 1649861632163,
    "end": 1649861632331,
    "duration": 168,
    "pid": 5840,
    "index": 61
  },
  {
    "name": "Load Middleware",
    "start": 1649861632332,
    "end": 1649861633249,
    "duration": 917,
    "pid": 5840,
    "index": 62
  },
  {
    "name": "Load \"middlewares\" to Application",
    "start": 1649861632332,
    "end": 1649861633171,
    "duration": 839,
    "pid": 5840,
    "index": 63
  },
  {
    "name": "Load Controller",
    "start": 1649861633249,
    "end": 1649861633387,
    "duration": 138,
    "pid": 5840,
    "index": 64
  },
  {
    "name": "Load \"controller\" to Application",
    "start": 1649861633249,
    "end": 1649861633386,
    "duration": 137,
    "pid": 5840,
    "index": 65
  },
  {
    "name": "Load Router",
    "start": 1649861633387,
    "end": 1649861633399,
    "duration": 12,
    "pid": 5840,
    "index": 66
  },
  {
    "name": "Require(47) app/router.js",
    "start": 1649861633388,
    "end": 1649861633389,
    "duration": 1,
    "pid": 5840,
    "index": 67
  },
  {
    "name": "Before Start in node_modules/egg-core/lib/egg.js:303:10",
    "start": 1649861633391,
    "end": 1649861633579,
    "duration": 188,
    "pid": 5840,
    "index": 68
  },
  {
    "name": "Load \"model\" to Application",
    "start": 1649861633472,
    "end": 1649861633578,
    "duration": 106,
    "pid": 5840,
    "index": 69
  },
  {
    "name": "Will Ready in app.js:willReady",
    "start": 1649861633660,
    "end": 1649861633667,
    "duration": 7,
    "pid": 5840,
    "index": 70
  }
]