[
  {
    "name": "Process Start",
    "start": 1640176084367,
    "end": 1640176086245,
    "duration": 1878,
    "pid": 9308,
    "index": 0
  },
  {
    "name": "Application Start",
    "start": 1640176086247,
    "end": 1640176087851,
    "duration": 1604,
    "pid": 9308,
    "index": 1
  },
  {
    "name": "Load Plugin",
    "start": 1640176086253,
    "end": 1640176086288,
    "duration": 35,
    "pid": 9308,
    "index": 2
  },
  {
    "name": "Load Config",
    "start": 1640176086288,
    "end": 1640176086322,
    "duration": 34,
    "pid": 9308,
    "index": 3
  },
  {
    "name": "Require(0) config/config.default.js",
    "start": 1640176086289,
    "end": 1640176086289,
    "duration": 0,
    "pid": 9308,
    "index": 4
  },
  {
    "name": "Require(1) node_modules/egg-session/config/config.default.js",
    "start": 1640176086291,
    "end": 1640176086292,
    "duration": 1,
    "pid": 9308,
    "index": 5
  },
  {
    "name": "Require(2) node_modules/egg-security/config/config.default.js",
    "start": 1640176086292,
    "end": 1640176086293,
    "duration": 1,
    "pid": 9308,
    "index": 6
  },
  {
    "name": "Require(3) node_modules/egg-jsonp/config/config.default.js",
    "start": 1640176086294,
    "end": 1640176086295,
    "duration": 1,
    "pid": 9308,
    "index": 7
  },
  {
    "name": "Require(4) node_modules/egg-onerror/config/config.default.js",
    "start": 1640176086296,
    "end": 1640176086297,
    "duration": 1,
    "pid": 9308,
    "index": 8
  },
  {
    "name": "Require(5) node_modules/egg-i18n/config/config.default.js",
    "start": 1640176086298,
    "end": 1640176086298,
    "duration": 0,
    "pid": 9308,
    "index": 9
  },
  {
    "name": "Require(6) node_modules/egg-watcher/config/config.default.js",
    "start": 1640176086299,
    "end": 1640176086300,
    "duration": 1,
    "pid": 9308,
    "index": 10
  },
  {
    "name": "Require(7) node_modules/egg-schedule/config/config.default.js",
    "start": 1640176086301,
    "end": 1640176086301,
    "duration": 0,
    "pid": 9308,
    "index": 11
  },
  {
    "name": "Require(8) node_modules/egg-multipart/config/config.default.js",
    "start": 1640176086302,
    "end": 1640176086302,
    "duration": 0,
    "pid": 9308,
    "index": 12
  },
  {
    "name": "Require(9) node_modules/egg-development/config/config.default.js",
    "start": 1640176086303,
    "end": 1640176086304,
    "duration": 1,
    "pid": 9308,
    "index": 13
  },
  {
    "name": "Require(10) node_modules/egg-logrotator/config/config.default.js",
    "start": 1640176086305,
    "end": 1640176086305,
    "duration": 0,
    "pid": 9308,
    "index": 14
  },
  {
    "name": "Require(11) node_modules/egg-static/config/config.default.js",
    "start": 1640176086306,
    "end": 1640176086306,
    "duration": 0,
    "pid": 9308,
    "index": 15
  },
  {
    "name": "Require(12) node_modules/egg-view/config/config.default.js",
    "start": 1640176086307,
    "end": 1640176086308,
    "duration": 1,
    "pid": 9308,
    "index": 16
  },
  {
    "name": "Require(13) node_modules/egg-mongoose/config/config.default.js",
    "start": 1640176086308,
    "end": 1640176086309,
    "duration": 1,
    "pid": 9308,
    "index": 17
  },
  {
    "name": "Require(14) node_modules/egg-validate/config/config.default.js",
    "start": 1640176086309,
    "end": 1640176086310,
    "duration": 1,
    "pid": 9308,
    "index": 18
  },
  {
    "name": "Require(15) node_modules/egg/config/config.default.js",
    "start": 1640176086311,
    "end": 1640176086311,
    "duration": 0,
    "pid": 9308,
    "index": 19
  },
  {
    "name": "Require(16) config/config.default.js",
    "start": 1640176086313,
    "end": 1640176086313,
    "duration": 0,
    "pid": 9308,
    "index": 20
  },
  {
    "name": "Require(17) node_modules/egg-security/config/config.local.js",
    "start": 1640176086314,
    "end": 1640176086314,
    "duration": 0,
    "pid": 9308,
    "index": 21
  },
  {
    "name": "Require(18) node_modules/egg-watcher/config/config.local.js",
    "start": 1640176086316,
    "end": 1640176086316,
    "duration": 0,
    "pid": 9308,
    "index": 22
  },
  {
    "name": "Require(19) node_modules/egg-view/config/config.local.js",
    "start": 1640176086319,
    "end": 1640176086319,
    "duration": 0,
    "pid": 9308,
    "index": 23
  },
  {
    "name": "Require(20) node_modules/egg/config/config.local.js",
    "start": 1640176086321,
    "end": 1640176086321,
    "duration": 0,
    "pid": 9308,
    "index": 24
  },
  {
    "name": "Load extend/application.js",
    "start": 1640176086323,
    "end": 1640176086356,
    "duration": 33,
    "pid": 9308,
    "index": 25
  },
  {
    "name": "Require(21) node_modules/egg-session/app/extend/application.js",
    "start": 1640176086324,
    "end": 1640176086324,
    "duration": 0,
    "pid": 9308,
    "index": 26
  },
  {
    "name": "Require(22) node_modules/egg-security/app/extend/application.js",
    "start": 1640176086325,
    "end": 1640176086327,
    "duration": 2,
    "pid": 9308,
    "index": 27
  },
  {
    "name": "Require(23) node_modules/egg-jsonp/app/extend/application.js",
    "start": 1640176086328,
    "end": 1640176086330,
    "duration": 2,
    "pid": 9308,
    "index": 28
  },
  {
    "name": "Require(24) node_modules/egg-logrotator/app/extend/application.js",
    "start": 1640176086332,
    "end": 1640176086343,
    "duration": 11,
    "pid": 9308,
    "index": 29
  },
  {
    "name": "Require(25) node_modules/egg-view/app/extend/application.js",
    "start": 1640176086344,
    "end": 1640176086347,
    "duration": 3,
    "pid": 9308,
    "index": 30
  },
  {
    "name": "Require(26) app/extend/application.js",
    "start": 1640176086348,
    "end": 1640176086349,
    "duration": 1,
    "pid": 9308,
    "index": 31
  },
  {
    "name": "Load extend/request.js",
    "start": 1640176086356,
    "end": 1640176086371,
    "duration": 15,
    "pid": 9308,
    "index": 32
  },
  {
    "name": "Require(27) node_modules/egg/app/extend/request.js",
    "start": 1640176086364,
    "end": 1640176086365,
    "duration": 1,
    "pid": 9308,
    "index": 33
  },
  {
    "name": "Load extend/response.js",
    "start": 1640176086371,
    "end": 1640176086386,
    "duration": 15,
    "pid": 9308,
    "index": 34
  },
  {
    "name": "Require(28) node_modules/egg/app/extend/response.js",
    "start": 1640176086377,
    "end": 1640176086380,
    "duration": 3,
    "pid": 9308,
    "index": 35
  },
  {
    "name": "Load extend/context.js",
    "start": 1640176086386,
    "end": 1640176086518,
    "duration": 132,
    "pid": 9308,
    "index": 36
  },
  {
    "name": "Require(29) node_modules/egg-security/app/extend/context.js",
    "start": 1640176086387,
    "end": 1640176086413,
    "duration": 26,
    "pid": 9308,
    "index": 37
  },
  {
    "name": "Require(30) node_modules/egg-jsonp/app/extend/context.js",
    "start": 1640176086413,
    "end": 1640176086416,
    "duration": 3,
    "pid": 9308,
    "index": 38
  },
  {
    "name": "Require(31) node_modules/egg-i18n/app/extend/context.js",
    "start": 1640176086417,
    "end": 1640176086418,
    "duration": 1,
    "pid": 9308,
    "index": 39
  },
  {
    "name": "Require(32) node_modules/egg-multipart/app/extend/context.js",
    "start": 1640176086420,
    "end": 1640176086501,
    "duration": 81,
    "pid": 9308,
    "index": 40
  },
  {
    "name": "Require(33) node_modules/egg-view/app/extend/context.js",
    "start": 1640176086503,
    "end": 1640176086505,
    "duration": 2,
    "pid": 9308,
    "index": 41
  },
  {
    "name": "Require(34) node_modules/egg-mongoose/app/extend/context.js",
    "start": 1640176086506,
    "end": 1640176086506,
    "duration": 0,
    "pid": 9308,
    "index": 42
  },
  {
    "name": "Require(35) node_modules/egg-validate/app/extend/context.js",
    "start": 1640176086507,
    "end": 1640176086507,
    "duration": 0,
    "pid": 9308,
    "index": 43
  },
  {
    "name": "Require(36) node_modules/egg/app/extend/context.js",
    "start": 1640176086508,
    "end": 1640176086511,
    "duration": 3,
    "pid": 9308,
    "index": 44
  },
  {
    "name": "Load extend/helper.js",
    "start": 1640176086519,
    "end": 1640176086567,
    "duration": 48,
    "pid": 9308,
    "index": 45
  },
  {
    "name": "Require(37) node_modules/egg-security/app/extend/helper.js",
    "start": 1640176086520,
    "end": 1640176086551,
    "duration": 31,
    "pid": 9308,
    "index": 46
  },
  {
    "name": "Require(38) node_modules/egg/app/extend/helper.js",
    "start": 1640176086559,
    "end": 1640176086560,
    "duration": 1,
    "pid": 9308,
    "index": 47
  },
  {
    "name": "Load app.js",
    "start": 1640176086567,
    "end": 1640176087391,
    "duration": 824,
    "pid": 9308,
    "index": 48
  },
  {
    "name": "Require(39) node_modules/egg-session/app.js",
    "start": 1640176086568,
    "end": 1640176086569,
    "duration": 1,
    "pid": 9308,
    "index": 49
  },
  {
    "name": "Require(40) node_modules/egg-security/app.js",
    "start": 1640176086569,
    "end": 1640176086572,
    "duration": 3,
    "pid": 9308,
    "index": 50
  },
  {
    "name": "Require(41) node_modules/egg-onerror/app.js",
    "start": 1640176086573,
    "end": 1640176086587,
    "duration": 14,
    "pid": 9308,
    "index": 51
  },
  {
    "name": "Require(42) node_modules/egg-i18n/app.js",
    "start": 1640176086587,
    "end": 1640176086609,
    "duration": 22,
    "pid": 9308,
    "index": 52
  },
  {
    "name": "Require(43) node_modules/egg-watcher/app.js",
    "start": 1640176086609,
    "end": 1640176086618,
    "duration": 9,
    "pid": 9308,
    "index": 53
  },
  {
    "name": "Require(44) node_modules/egg-schedule/app.js",
    "start": 1640176086619,
    "end": 1640176086625,
    "duration": 6,
    "pid": 9308,
    "index": 54
  },
  {
    "name": "Require(45) node_modules/egg-multipart/app.js",
    "start": 1640176086626,
    "end": 1640176086628,
    "duration": 2,
    "pid": 9308,
    "index": 55
  },
  {
    "name": "Require(46) node_modules/egg-development/app.js",
    "start": 1640176086629,
    "end": 1640176086629,
    "duration": 0,
    "pid": 9308,
    "index": 56
  },
  {
    "name": "Require(47) node_modules/egg-logrotator/app.js",
    "start": 1640176086630,
    "end": 1640176086630,
    "duration": 0,
    "pid": 9308,
    "index": 57
  },
  {
    "name": "Require(48) node_modules/egg-static/app.js",
    "start": 1640176086631,
    "end": 1640176086632,
    "duration": 1,
    "pid": 9308,
    "index": 58
  },
  {
    "name": "Require(49) node_modules/egg-mongoose/app.js",
    "start": 1640176086634,
    "end": 1640176086634,
    "duration": 0,
    "pid": 9308,
    "index": 59
  },
  {
    "name": "Require(50) node_modules/egg-validate/app.js",
    "start": 1640176086635,
    "end": 1640176086637,
    "duration": 2,
    "pid": 9308,
    "index": 60
  },
  {
    "name": "Require(51) app.js",
    "start": 1640176086639,
    "end": 1640176087391,
    "duration": 752,
    "pid": 9308,
    "index": 61
  },
  {
    "name": "Before Start in node_modules/egg-watcher/lib/init.js:15:14",
    "start": 1640176087401,
    "end": 1640176087842,
    "duration": 441,
    "pid": 9308,
    "index": 62
  },
  {
    "name": "Before Start in node_modules/egg-mongoose/lib/mongoose.js:104:7",
    "start": 1640176087467,
    "end": 1640176087839,
    "duration": 372,
    "pid": 9308,
    "index": 63
  },
  {
    "name": "Before Start in node_modules/egg-mongoose/lib/mongoose.js:52:9",
    "start": 1640176087468,
    "end": 1640176087816,
    "duration": 348,
    "pid": 9308,
    "index": 64
  },
  {
    "name": "Load Service",
    "start": 1640176087468,
    "end": 1640176087503,
    "duration": 35,
    "pid": 9308,
    "index": 65
  },
  {
    "name": "Load \"service\" to Context",
    "start": 1640176087468,
    "end": 1640176087503,
    "duration": 35,
    "pid": 9308,
    "index": 66
  },
  {
    "name": "Load Middleware",
    "start": 1640176087503,
    "end": 1640176087714,
    "duration": 211,
    "pid": 9308,
    "index": 67
  },
  {
    "name": "Load \"middlewares\" to Application",
    "start": 1640176087503,
    "end": 1640176087697,
    "duration": 194,
    "pid": 9308,
    "index": 68
  },
  {
    "name": "Load Controller",
    "start": 1640176087714,
    "end": 1640176087754,
    "duration": 40,
    "pid": 9308,
    "index": 69
  },
  {
    "name": "Load \"controller\" to Application",
    "start": 1640176087714,
    "end": 1640176087754,
    "duration": 40,
    "pid": 9308,
    "index": 70
  },
  {
    "name": "Load Router",
    "start": 1640176087754,
    "end": 1640176087758,
    "duration": 4,
    "pid": 9308,
    "index": 71
  },
  {
    "name": "Require(52) app/router.js",
    "start": 1640176087755,
    "end": 1640176087755,
    "duration": 0,
    "pid": 9308,
    "index": 72
  },
  {
    "name": "Before Start in node_modules/egg-core/lib/egg.js:303:10",
    "start": 1640176087756,
    "end": 1640176087816,
    "duration": 60,
    "pid": 9308,
    "index": 73
  },
  {
    "name": "Load \"model\" to Application",
    "start": 1640176087777,
    "end": 1640176087815,
    "duration": 38,
    "pid": 9308,
    "index": 74
  },
  {
    "name": "Will Ready in app.js:willReady",
    "start": 1640176087842,
    "end": 1640176087845,
    "duration": 3,
    "pid": 9308,
    "index": 75
  }
]