[
  {
    "name": "Process Start",
    "start": 1649904248373,
    "end": 1649904250643,
    "duration": 2270,
    "pid": 3996,
    "index": 0
  },
  {
    "name": "Application Start",
    "start": 1649904250645,
    "end": 1649904271140,
    "duration": 20495,
    "pid": 3996,
    "index": 1
  },
  {
    "name": "Load Plugin",
    "start": 1649904250660,
    "end": 1649904250846,
    "duration": 186,
    "pid": 3996,
    "index": 2
  },
  {
    "name": "Load Config",
    "start": 1649904250846,
    "end": 1649904250920,
    "duration": 74,
    "pid": 3996,
    "index": 3
  },
  {
    "name": "Require(0) config/config.default.js",
    "start": 1649904250848,
    "end": 1649904250849,
    "duration": 1,
    "pid": 3996,
    "index": 4
  },
  {
    "name": "Require(1) node_modules/egg-session/config/config.default.js",
    "start": 1649904250854,
    "end": 1649904250855,
    "duration": 1,
    "pid": 3996,
    "index": 5
  },
  {
    "name": "Require(2) node_modules/egg-security/config/config.default.js",
    "start": 1649904250856,
    "end": 1649904250858,
    "duration": 2,
    "pid": 3996,
    "index": 6
  },
  {
    "name": "Require(3) node_modules/egg-jsonp/config/config.default.js",
    "start": 1649904250864,
    "end": 1649904250865,
    "duration": 1,
    "pid": 3996,
    "index": 7
  },
  {
    "name": "Require(4) node_modules/egg-onerror/config/config.default.js",
    "start": 1649904250866,
    "end": 1649904250868,
    "duration": 2,
    "pid": 3996,
    "index": 8
  },
  {
    "name": "Require(5) node_modules/egg-i18n/config/config.default.js",
    "start": 1649904250870,
    "end": 1649904250871,
    "duration": 1,
    "pid": 3996,
    "index": 9
  },
  {
    "name": "Require(6) node_modules/egg-watcher/config/config.default.js",
    "start": 1649904250873,
    "end": 1649904250874,
    "duration": 1,
    "pid": 3996,
    "index": 10
  },
  {
    "name": "Require(7) node_modules/egg-schedule/config/config.default.js",
    "start": 1649904250876,
    "end": 1649904250877,
    "duration": 1,
    "pid": 3996,
    "index": 11
  },
  {
    "name": "Require(8) node_modules/egg-multipart/config/config.default.js",
    "start": 1649904250878,
    "end": 1649904250879,
    "duration": 1,
    "pid": 3996,
    "index": 12
  },
  {
    "name": "Require(9) node_modules/egg-logrotator/config/config.default.js",
    "start": 1649904250881,
    "end": 1649904250882,
    "duration": 1,
    "pid": 3996,
    "index": 13
  },
  {
    "name": "Require(10) node_modules/egg-static/config/config.default.js",
    "start": 1649904250883,
    "end": 1649904250893,
    "duration": 10,
    "pid": 3996,
    "index": 14
  },
  {
    "name": "Require(11) node_modules/egg-view/config/config.default.js",
    "start": 1649904250895,
    "end": 1649904250896,
    "duration": 1,
    "pid": 3996,
    "index": 15
  },
  {
    "name": "Require(12) node_modules/egg-mongoose/config/config.default.js",
    "start": 1649904250898,
    "end": 1649904250899,
    "duration": 1,
    "pid": 3996,
    "index": 16
  },
  {
    "name": "Require(13) node_modules/egg-validate/config/config.default.js",
    "start": 1649904250901,
    "end": 1649904250902,
    "duration": 1,
    "pid": 3996,
    "index": 17
  },
  {
    "name": "Require(14) node_modules/egg/config/config.default.js",
    "start": 1649904250903,
    "end": 1649904250905,
    "duration": 2,
    "pid": 3996,
    "index": 18
  },
  {
    "name": "Require(15) config/config.default.js",
    "start": 1649904250907,
    "end": 1649904250907,
    "duration": 0,
    "pid": 3996,
    "index": 19
  },
  {
    "name": "Require(16) node_modules/egg-static/config/config.prod.js",
    "start": 1649904250915,
    "end": 1649904250916,
    "duration": 1,
    "pid": 3996,
    "index": 20
  },
  {
    "name": "Load extend/application.js",
    "start": 1649904250923,
    "end": 1649904251069,
    "duration": 146,
    "pid": 3996,
    "index": 21
  },
  {
    "name": "Require(17) node_modules/egg-session/app/extend/application.js",
    "start": 1649904250925,
    "end": 1649904250926,
    "duration": 1,
    "pid": 3996,
    "index": 22
  },
  {
    "name": "Require(18) node_modules/egg-security/app/extend/application.js",
    "start": 1649904250927,
    "end": 1649904250930,
    "duration": 3,
    "pid": 3996,
    "index": 23
  },
  {
    "name": "Require(19) node_modules/egg-jsonp/app/extend/application.js",
    "start": 1649904250933,
    "end": 1649904250960,
    "duration": 27,
    "pid": 3996,
    "index": 24
  },
  {
    "name": "Require(20) node_modules/egg-logrotator/app/extend/application.js",
    "start": 1649904250964,
    "end": 1649904251004,
    "duration": 40,
    "pid": 3996,
    "index": 25
  },
  {
    "name": "Require(21) node_modules/egg-view/app/extend/application.js",
    "start": 1649904251006,
    "end": 1649904251049,
    "duration": 43,
    "pid": 3996,
    "index": 26
  },
  {
    "name": "Require(22) app/extend/application.js",
    "start": 1649904251058,
    "end": 1649904251059,
    "duration": 1,
    "pid": 3996,
    "index": 27
  },
  {
    "name": "Load extend/request.js",
    "start": 1649904251069,
    "end": 1649904251127,
    "duration": 58,
    "pid": 3996,
    "index": 28
  },
  {
    "name": "Require(23) node_modules/egg/app/extend/request.js",
    "start": 1649904251096,
    "end": 1649904251112,
    "duration": 16,
    "pid": 3996,
    "index": 29
  },
  {
    "name": "Load extend/response.js",
    "start": 1649904251127,
    "end": 1649904251204,
    "duration": 77,
    "pid": 3996,
    "index": 30
  },
  {
    "name": "Require(24) node_modules/egg/app/extend/response.js",
    "start": 1649904251140,
    "end": 1649904251186,
    "duration": 46,
    "pid": 3996,
    "index": 31
  },
  {
    "name": "Load extend/context.js",
    "start": 1649904251204,
    "end": 1649904251504,
    "duration": 300,
    "pid": 3996,
    "index": 32
  },
  {
    "name": "Require(25) node_modules/egg-security/app/extend/context.js",
    "start": 1649904251206,
    "end": 1649904251272,
    "duration": 66,
    "pid": 3996,
    "index": 33
  },
  {
    "name": "Require(26) node_modules/egg-jsonp/app/extend/context.js",
    "start": 1649904251273,
    "end": 1649904251277,
    "duration": 4,
    "pid": 3996,
    "index": 34
  },
  {
    "name": "Require(27) node_modules/egg-i18n/app/extend/context.js",
    "start": 1649904251278,
    "end": 1649904251279,
    "duration": 1,
    "pid": 3996,
    "index": 35
  },
  {
    "name": "Require(28) node_modules/egg-multipart/app/extend/context.js",
    "start": 1649904251282,
    "end": 1649904251468,
    "duration": 186,
    "pid": 3996,
    "index": 36
  },
  {
    "name": "Require(29) node_modules/egg-view/app/extend/context.js",
    "start": 1649904251474,
    "end": 1649904251476,
    "duration": 2,
    "pid": 3996,
    "index": 37
  },
  {
    "name": "Require(30) node_modules/egg-mongoose/app/extend/context.js",
    "start": 1649904251478,
    "end": 1649904251479,
    "duration": 1,
    "pid": 3996,
    "index": 38
  },
  {
    "name": "Require(31) node_modules/egg-validate/app/extend/context.js",
    "start": 1649904251480,
    "end": 1649904251481,
    "duration": 1,
    "pid": 3996,
    "index": 39
  },
  {
    "name": "Require(32) node_modules/egg/app/extend/context.js",
    "start": 1649904251483,
    "end": 1649904251493,
    "duration": 10,
    "pid": 3996,
    "index": 40
  },
  {
    "name": "Load extend/helper.js",
    "start": 1649904251504,
    "end": 1649904252081,
    "duration": 577,
    "pid": 3996,
    "index": 41
  },
  {
    "name": "Require(33) node_modules/egg-security/app/extend/helper.js",
    "start": 1649904251506,
    "end": 1649904252003,
    "duration": 497,
    "pid": 3996,
    "index": 42
  },
  {
    "name": "Require(34) node_modules/egg/app/extend/helper.js",
    "start": 1649904252059,
    "end": 1649904252065,
    "duration": 6,
    "pid": 3996,
    "index": 43
  },
  {
    "name": "Load app.js",
    "start": 1649904252082,
    "end": 1649904266380,
    "duration": 14298,
    "pid": 3996,
    "index": 44
  },
  {
    "name": "Require(35) node_modules/egg-session/app.js",
    "start": 1649904252123,
    "end": 1649904252129,
    "duration": 6,
    "pid": 3996,
    "index": 45
  },
  {
    "name": "Require(36) node_modules/egg-security/app.js",
    "start": 1649904252131,
    "end": 1649904252216,
    "duration": 85,
    "pid": 3996,
    "index": 46
  },
  {
    "name": "Require(37) node_modules/egg-onerror/app.js",
    "start": 1649904252240,
    "end": 1649904252557,
    "duration": 317,
    "pid": 3996,
    "index": 47
  },
  {
    "name": "Require(38) node_modules/egg-i18n/app.js",
    "start": 1649904252559,
    "end": 1649904252871,
    "duration": 312,
    "pid": 3996,
    "index": 48
  },
  {
    "name": "Require(39) node_modules/egg-watcher/app.js",
    "start": 1649904252872,
    "end": 1649904252888,
    "duration": 16,
    "pid": 3996,
    "index": 49
  },
  {
    "name": "Require(40) node_modules/egg-schedule/app.js",
    "start": 1649904252898,
    "end": 1649904252919,
    "duration": 21,
    "pid": 3996,
    "index": 50
  },
  {
    "name": "Require(41) node_modules/egg-multipart/app.js",
    "start": 1649904252920,
    "end": 1649904252929,
    "duration": 9,
    "pid": 3996,
    "index": 51
  },
  {
    "name": "Require(42) node_modules/egg-logrotator/app.js",
    "start": 1649904252930,
    "end": 1649904252939,
    "duration": 9,
    "pid": 3996,
    "index": 52
  },
  {
    "name": "Require(43) node_modules/egg-static/app.js",
    "start": 1649904252940,
    "end": 1649904252947,
    "duration": 7,
    "pid": 3996,
    "index": 53
  },
  {
    "name": "Require(44) node_modules/egg-mongoose/app.js",
    "start": 1649904252952,
    "end": 1649904252957,
    "duration": 5,
    "pid": 3996,
    "index": 54
  },
  {
    "name": "Require(45) node_modules/egg-validate/app.js",
    "start": 1649904252959,
    "end": 1649904253079,
    "duration": 120,
    "pid": 3996,
    "index": 55
  },
  {
    "name": "Require(46) app.js",
    "start": 1649904253094,
    "end": 1649904266380,
    "duration": 13286,
    "pid": 3996,
    "index": 56
  },
  {
    "name": "Before Start in node_modules/egg-watcher/lib/init.js:15:14",
    "start": 1649904266423,
    "end": 1649904271121,
    "duration": 4698,
    "pid": 3996,
    "index": 57
  },
  {
    "name": "Before Start in node_modules/egg-mongoose/lib/mongoose.js:104:7",
    "start": 1649904266623,
    "end": 1649904271116,
    "duration": 4493,
    "pid": 3996,
    "index": 58
  },
  {
    "name": "Before Start in node_modules/egg-mongoose/lib/mongoose.js:52:9",
    "start": 1649904266624,
    "end": 1649904271063,
    "duration": 4439,
    "pid": 3996,
    "index": 59
  },
  {
    "name": "Load Service",
    "start": 1649904266624,
    "end": 1649904266898,
    "duration": 274,
    "pid": 3996,
    "index": 60
  },
  {
    "name": "Load \"service\" to Context",
    "start": 1649904266624,
    "end": 1649904266898,
    "duration": 274,
    "pid": 3996,
    "index": 61
  },
  {
    "name": "Load Middleware",
    "start": 1649904266898,
    "end": 1649904270462,
    "duration": 3564,
    "pid": 3996,
    "index": 62
  },
  {
    "name": "Load \"middlewares\" to Application",
    "start": 1649904266899,
    "end": 1649904270419,
    "duration": 3520,
    "pid": 3996,
    "index": 63
  },
  {
    "name": "Load Controller",
    "start": 1649904270462,
    "end": 1649904270921,
    "duration": 459,
    "pid": 3996,
    "index": 64
  },
  {
    "name": "Load \"controller\" to Application",
    "start": 1649904270462,
    "end": 1649904270921,
    "duration": 459,
    "pid": 3996,
    "index": 65
  },
  {
    "name": "Load Router",
    "start": 1649904270921,
    "end": 1649904270928,
    "duration": 7,
    "pid": 3996,
    "index": 66
  },
  {
    "name": "Require(47) app/router.js",
    "start": 1649904270923,
    "end": 1649904270924,
    "duration": 1,
    "pid": 3996,
    "index": 67
  },
  {
    "name": "Before Start in node_modules/egg-core/lib/egg.js:303:10",
    "start": 1649904270924,
    "end": 1649904271063,
    "duration": 139,
    "pid": 3996,
    "index": 68
  },
  {
    "name": "Load \"model\" to Application",
    "start": 1649904270978,
    "end": 1649904271061,
    "duration": 83,
    "pid": 3996,
    "index": 69
  },
  {
    "name": "Will Ready in app.js:willReady",
    "start": 1649904271122,
    "end": 1649904271126,
    "duration": 4,
    "pid": 3996,
    "index": 70
  }
]