[
  {
    "name": "Process Start",
    "start": 1649904248351,
    "end": 1649904250722,
    "duration": 2371,
    "pid": 11884,
    "index": 0
  },
  {
    "name": "Application Start",
    "start": 1649904250724,
    "end": 1649904271145,
    "duration": 20421,
    "pid": 11884,
    "index": 1
  },
  {
    "name": "Load Plugin",
    "start": 1649904250756,
    "end": 1649904250867,
    "duration": 111,
    "pid": 11884,
    "index": 2
  },
  {
    "name": "Load Config",
    "start": 1649904250867,
    "end": 1649904250956,
    "duration": 89,
    "pid": 11884,
    "index": 3
  },
  {
    "name": "Require(0) config/config.default.js",
    "start": 1649904250871,
    "end": 1649904250873,
    "duration": 2,
    "pid": 11884,
    "index": 4
  },
  {
    "name": "Require(1) node_modules/egg-session/config/config.default.js",
    "start": 1649904250876,
    "end": 1649904250877,
    "duration": 1,
    "pid": 11884,
    "index": 5
  },
  {
    "name": "Require(2) node_modules/egg-security/config/config.default.js",
    "start": 1649904250878,
    "end": 1649904250879,
    "duration": 1,
    "pid": 11884,
    "index": 6
  },
  {
    "name": "Require(3) node_modules/egg-jsonp/config/config.default.js",
    "start": 1649904250882,
    "end": 1649904250883,
    "duration": 1,
    "pid": 11884,
    "index": 7
  },
  {
    "name": "Require(4) node_modules/egg-onerror/config/config.default.js",
    "start": 1649904250885,
    "end": 1649904250887,
    "duration": 2,
    "pid": 11884,
    "index": 8
  },
  {
    "name": "Require(5) node_modules/egg-i18n/config/config.default.js",
    "start": 1649904250899,
    "end": 1649904250905,
    "duration": 6,
    "pid": 11884,
    "index": 9
  },
  {
    "name": "Require(6) node_modules/egg-watcher/config/config.default.js",
    "start": 1649904250907,
    "end": 1649904250911,
    "duration": 4,
    "pid": 11884,
    "index": 10
  },
  {
    "name": "Require(7) node_modules/egg-schedule/config/config.default.js",
    "start": 1649904250913,
    "end": 1649904250914,
    "duration": 1,
    "pid": 11884,
    "index": 11
  },
  {
    "name": "Require(8) node_modules/egg-multipart/config/config.default.js",
    "start": 1649904250924,
    "end": 1649904250925,
    "duration": 1,
    "pid": 11884,
    "index": 12
  },
  {
    "name": "Require(9) node_modules/egg-logrotator/config/config.default.js",
    "start": 1649904250927,
    "end": 1649904250928,
    "duration": 1,
    "pid": 11884,
    "index": 13
  },
  {
    "name": "Require(10) node_modules/egg-static/config/config.default.js",
    "start": 1649904250929,
    "end": 1649904250930,
    "duration": 1,
    "pid": 11884,
    "index": 14
  },
  {
    "name": "Require(11) node_modules/egg-view/config/config.default.js",
    "start": 1649904250932,
    "end": 1649904250933,
    "duration": 1,
    "pid": 11884,
    "index": 15
  },
  {
    "name": "Require(12) node_modules/egg-mongoose/config/config.default.js",
    "start": 1649904250936,
    "end": 1649904250937,
    "duration": 1,
    "pid": 11884,
    "index": 16
  },
  {
    "name": "Require(13) node_modules/egg-validate/config/config.default.js",
    "start": 1649904250938,
    "end": 1649904250939,
    "duration": 1,
    "pid": 11884,
    "index": 17
  },
  {
    "name": "Require(14) node_modules/egg/config/config.default.js",
    "start": 1649904250940,
    "end": 1649904250941,
    "duration": 1,
    "pid": 11884,
    "index": 18
  },
  {
    "name": "Require(15) config/config.default.js",
    "start": 1649904250943,
    "end": 1649904250943,
    "duration": 0,
    "pid": 11884,
    "index": 19
  },
  {
    "name": "Require(16) node_modules/egg-static/config/config.prod.js",
    "start": 1649904250952,
    "end": 1649904250952,
    "duration": 0,
    "pid": 11884,
    "index": 20
  },
  {
    "name": "Load extend/application.js",
    "start": 1649904250973,
    "end": 1649904251063,
    "duration": 90,
    "pid": 11884,
    "index": 21
  },
  {
    "name": "Require(17) node_modules/egg-session/app/extend/application.js",
    "start": 1649904250975,
    "end": 1649904250976,
    "duration": 1,
    "pid": 11884,
    "index": 22
  },
  {
    "name": "Require(18) node_modules/egg-security/app/extend/application.js",
    "start": 1649904250979,
    "end": 1649904250983,
    "duration": 4,
    "pid": 11884,
    "index": 23
  },
  {
    "name": "Require(19) node_modules/egg-jsonp/app/extend/application.js",
    "start": 1649904250985,
    "end": 1649904250988,
    "duration": 3,
    "pid": 11884,
    "index": 24
  },
  {
    "name": "Require(20) node_modules/egg-logrotator/app/extend/application.js",
    "start": 1649904250992,
    "end": 1649904251015,
    "duration": 23,
    "pid": 11884,
    "index": 25
  },
  {
    "name": "Require(21) node_modules/egg-view/app/extend/application.js",
    "start": 1649904251023,
    "end": 1649904251048,
    "duration": 25,
    "pid": 11884,
    "index": 26
  },
  {
    "name": "Require(22) app/extend/application.js",
    "start": 1649904251053,
    "end": 1649904251055,
    "duration": 2,
    "pid": 11884,
    "index": 27
  },
  {
    "name": "Load extend/request.js",
    "start": 1649904251064,
    "end": 1649904251122,
    "duration": 58,
    "pid": 11884,
    "index": 28
  },
  {
    "name": "Require(23) node_modules/egg/app/extend/request.js",
    "start": 1649904251078,
    "end": 1649904251111,
    "duration": 33,
    "pid": 11884,
    "index": 29
  },
  {
    "name": "Load extend/response.js",
    "start": 1649904251122,
    "end": 1649904251206,
    "duration": 84,
    "pid": 11884,
    "index": 30
  },
  {
    "name": "Require(24) node_modules/egg/app/extend/response.js",
    "start": 1649904251130,
    "end": 1649904251186,
    "duration": 56,
    "pid": 11884,
    "index": 31
  },
  {
    "name": "Load extend/context.js",
    "start": 1649904251206,
    "end": 1649904251485,
    "duration": 279,
    "pid": 11884,
    "index": 32
  },
  {
    "name": "Require(25) node_modules/egg-security/app/extend/context.js",
    "start": 1649904251210,
    "end": 1649904251272,
    "duration": 62,
    "pid": 11884,
    "index": 33
  },
  {
    "name": "Require(26) node_modules/egg-jsonp/app/extend/context.js",
    "start": 1649904251273,
    "end": 1649904251276,
    "duration": 3,
    "pid": 11884,
    "index": 34
  },
  {
    "name": "Require(27) node_modules/egg-i18n/app/extend/context.js",
    "start": 1649904251278,
    "end": 1649904251279,
    "duration": 1,
    "pid": 11884,
    "index": 35
  },
  {
    "name": "Require(28) node_modules/egg-multipart/app/extend/context.js",
    "start": 1649904251282,
    "end": 1649904251439,
    "duration": 157,
    "pid": 11884,
    "index": 36
  },
  {
    "name": "Require(29) node_modules/egg-view/app/extend/context.js",
    "start": 1649904251441,
    "end": 1649904251443,
    "duration": 2,
    "pid": 11884,
    "index": 37
  },
  {
    "name": "Require(30) node_modules/egg-mongoose/app/extend/context.js",
    "start": 1649904251444,
    "end": 1649904251445,
    "duration": 1,
    "pid": 11884,
    "index": 38
  },
  {
    "name": "Require(31) node_modules/egg-validate/app/extend/context.js",
    "start": 1649904251447,
    "end": 1649904251448,
    "duration": 1,
    "pid": 11884,
    "index": 39
  },
  {
    "name": "Require(32) node_modules/egg/app/extend/context.js",
    "start": 1649904251448,
    "end": 1649904251461,
    "duration": 13,
    "pid": 11884,
    "index": 40
  },
  {
    "name": "Load extend/helper.js",
    "start": 1649904251485,
    "end": 1649904252080,
    "duration": 595,
    "pid": 11884,
    "index": 41
  },
  {
    "name": "Require(33) node_modules/egg-security/app/extend/helper.js",
    "start": 1649904251488,
    "end": 1649904252003,
    "duration": 515,
    "pid": 11884,
    "index": 42
  },
  {
    "name": "Require(34) node_modules/egg/app/extend/helper.js",
    "start": 1649904252059,
    "end": 1649904252065,
    "duration": 6,
    "pid": 11884,
    "index": 43
  },
  {
    "name": "Load app.js",
    "start": 1649904252081,
    "end": 1649904266377,
    "duration": 14296,
    "pid": 11884,
    "index": 44
  },
  {
    "name": "Require(35) node_modules/egg-session/app.js",
    "start": 1649904252123,
    "end": 1649904252129,
    "duration": 6,
    "pid": 11884,
    "index": 45
  },
  {
    "name": "Require(36) node_modules/egg-security/app.js",
    "start": 1649904252131,
    "end": 1649904252218,
    "duration": 87,
    "pid": 11884,
    "index": 46
  },
  {
    "name": "Require(37) node_modules/egg-onerror/app.js",
    "start": 1649904252240,
    "end": 1649904252557,
    "duration": 317,
    "pid": 11884,
    "index": 47
  },
  {
    "name": "Require(38) node_modules/egg-i18n/app.js",
    "start": 1649904252558,
    "end": 1649904252872,
    "duration": 314,
    "pid": 11884,
    "index": 48
  },
  {
    "name": "Require(39) node_modules/egg-watcher/app.js",
    "start": 1649904252873,
    "end": 1649904252888,
    "duration": 15,
    "pid": 11884,
    "index": 49
  },
  {
    "name": "Require(40) node_modules/egg-schedule/app.js",
    "start": 1649904252898,
    "end": 1649904252918,
    "duration": 20,
    "pid": 11884,
    "index": 50
  },
  {
    "name": "Require(41) node_modules/egg-multipart/app.js",
    "start": 1649904252919,
    "end": 1649904252930,
    "duration": 11,
    "pid": 11884,
    "index": 51
  },
  {
    "name": "Require(42) node_modules/egg-logrotator/app.js",
    "start": 1649904252931,
    "end": 1649904252939,
    "duration": 8,
    "pid": 11884,
    "index": 52
  },
  {
    "name": "Require(43) node_modules/egg-static/app.js",
    "start": 1649904252940,
    "end": 1649904252947,
    "duration": 7,
    "pid": 11884,
    "index": 53
  },
  {
    "name": "Require(44) node_modules/egg-mongoose/app.js",
    "start": 1649904252949,
    "end": 1649904252957,
    "duration": 8,
    "pid": 11884,
    "index": 54
  },
  {
    "name": "Require(45) node_modules/egg-validate/app.js",
    "start": 1649904252958,
    "end": 1649904253077,
    "duration": 119,
    "pid": 11884,
    "index": 55
  },
  {
    "name": "Require(46) app.js",
    "start": 1649904253093,
    "end": 1649904266377,
    "duration": 13284,
    "pid": 11884,
    "index": 56
  },
  {
    "name": "Before Start in node_modules/egg-watcher/lib/init.js:15:14",
    "start": 1649904266422,
    "end": 1649904271124,
    "duration": 4702,
    "pid": 11884,
    "index": 57
  },
  {
    "name": "Before Start in node_modules/egg-mongoose/lib/mongoose.js:104:7",
    "start": 1649904266625,
    "end": 1649904271119,
    "duration": 4494,
    "pid": 11884,
    "index": 58
  },
  {
    "name": "Before Start in node_modules/egg-mongoose/lib/mongoose.js:52:9",
    "start": 1649904266626,
    "end": 1649904271062,
    "duration": 4436,
    "pid": 11884,
    "index": 59
  },
  {
    "name": "Load Service",
    "start": 1649904266627,
    "end": 1649904266898,
    "duration": 271,
    "pid": 11884,
    "index": 60
  },
  {
    "name": "Load \"service\" to Context",
    "start": 1649904266627,
    "end": 1649904266898,
    "duration": 271,
    "pid": 11884,
    "index": 61
  },
  {
    "name": "Load Middleware",
    "start": 1649904266899,
    "end": 1649904270476,
    "duration": 3577,
    "pid": 11884,
    "index": 62
  },
  {
    "name": "Load \"middlewares\" to Application",
    "start": 1649904266899,
    "end": 1649904270439,
    "duration": 3540,
    "pid": 11884,
    "index": 63
  },
  {
    "name": "Load Controller",
    "start": 1649904270476,
    "end": 1649904270922,
    "duration": 446,
    "pid": 11884,
    "index": 64
  },
  {
    "name": "Load \"controller\" to Application",
    "start": 1649904270476,
    "end": 1649904270922,
    "duration": 446,
    "pid": 11884,
    "index": 65
  },
  {
    "name": "Load Router",
    "start": 1649904270922,
    "end": 1649904270930,
    "duration": 8,
    "pid": 11884,
    "index": 66
  },
  {
    "name": "Require(47) app/router.js",
    "start": 1649904270923,
    "end": 1649904270924,
    "duration": 1,
    "pid": 11884,
    "index": 67
  },
  {
    "name": "Before Start in node_modules/egg-core/lib/egg.js:303:10",
    "start": 1649904270925,
    "end": 1649904271062,
    "duration": 137,
    "pid": 11884,
    "index": 68
  },
  {
    "name": "Load \"model\" to Application",
    "start": 1649904270976,
    "end": 1649904271061,
    "duration": 85,
    "pid": 11884,
    "index": 69
  },
  {
    "name": "Will Ready in app.js:willReady",
    "start": 1649904271125,
    "end": 1649904271133,
    "duration": 8,
    "pid": 11884,
    "index": 70
  }
]