[
  {
    "name": "Process Start",
    "start": 1640176064406,
    "end": 1640176066103,
    "duration": 1697,
    "pid": 17144,
    "index": 0
  },
  {
    "name": "Application Start",
    "start": 1640176066104,
    "end": 1640176081248,
    "duration": 15144,
    "pid": 17144,
    "index": 1
  },
  {
    "name": "Load Plugin",
    "start": 1640176066110,
    "end": 1640176066140,
    "duration": 30,
    "pid": 17144,
    "index": 2
  },
  {
    "name": "Load Config",
    "start": 1640176066140,
    "end": 1640176066172,
    "duration": 32,
    "pid": 17144,
    "index": 3
  },
  {
    "name": "Require(0) config/config.default.js",
    "start": 1640176066141,
    "end": 1640176066142,
    "duration": 1,
    "pid": 17144,
    "index": 4
  },
  {
    "name": "Require(1) node_modules/egg-session/config/config.default.js",
    "start": 1640176066144,
    "end": 1640176066144,
    "duration": 0,
    "pid": 17144,
    "index": 5
  },
  {
    "name": "Require(2) node_modules/egg-security/config/config.default.js",
    "start": 1640176066145,
    "end": 1640176066145,
    "duration": 0,
    "pid": 17144,
    "index": 6
  },
  {
    "name": "Require(3) node_modules/egg-jsonp/config/config.default.js",
    "start": 1640176066146,
    "end": 1640176066147,
    "duration": 1,
    "pid": 17144,
    "index": 7
  },
  {
    "name": "Require(4) node_modules/egg-onerror/config/config.default.js",
    "start": 1640176066147,
    "end": 1640176066148,
    "duration": 1,
    "pid": 17144,
    "index": 8
  },
  {
    "name": "Require(5) node_modules/egg-i18n/config/config.default.js",
    "start": 1640176066149,
    "end": 1640176066149,
    "duration": 0,
    "pid": 17144,
    "index": 9
  },
  {
    "name": "Require(6) node_modules/egg-watcher/config/config.default.js",
    "start": 1640176066150,
    "end": 1640176066151,
    "duration": 1,
    "pid": 17144,
    "index": 10
  },
  {
    "name": "Require(7) node_modules/egg-schedule/config/config.default.js",
    "start": 1640176066151,
    "end": 1640176066152,
    "duration": 1,
    "pid": 17144,
    "index": 11
  },
  {
    "name": "Require(8) node_modules/egg-multipart/config/config.default.js",
    "start": 1640176066153,
    "end": 1640176066153,
    "duration": 0,
    "pid": 17144,
    "index": 12
  },
  {
    "name": "Require(9) node_modules/egg-development/config/config.default.js",
    "start": 1640176066154,
    "end": 1640176066155,
    "duration": 1,
    "pid": 17144,
    "index": 13
  },
  {
    "name": "Require(10) node_modules/egg-logrotator/config/config.default.js",
    "start": 1640176066156,
    "end": 1640176066156,
    "duration": 0,
    "pid": 17144,
    "index": 14
  },
  {
    "name": "Require(11) node_modules/egg-static/config/config.default.js",
    "start": 1640176066157,
    "end": 1640176066157,
    "duration": 0,
    "pid": 17144,
    "index": 15
  },
  {
    "name": "Require(12) node_modules/egg-view/config/config.default.js",
    "start": 1640176066158,
    "end": 1640176066159,
    "duration": 1,
    "pid": 17144,
    "index": 16
  },
  {
    "name": "Require(13) node_modules/egg-mongoose/config/config.default.js",
    "start": 1640176066159,
    "end": 1640176066160,
    "duration": 1,
    "pid": 17144,
    "index": 17
  },
  {
    "name": "Require(14) node_modules/egg-validate/config/config.default.js",
    "start": 1640176066160,
    "end": 1640176066161,
    "duration": 1,
    "pid": 17144,
    "index": 18
  },
  {
    "name": "Require(15) node_modules/egg/config/config.default.js",
    "start": 1640176066161,
    "end": 1640176066162,
    "duration": 1,
    "pid": 17144,
    "index": 19
  },
  {
    "name": "Require(16) config/config.default.js",
    "start": 1640176066163,
    "end": 1640176066163,
    "duration": 0,
    "pid": 17144,
    "index": 20
  },
  {
    "name": "Require(17) node_modules/egg-security/config/config.local.js",
    "start": 1640176066164,
    "end": 1640176066164,
    "duration": 0,
    "pid": 17144,
    "index": 21
  },
  {
    "name": "Require(18) node_modules/egg-watcher/config/config.local.js",
    "start": 1640176066166,
    "end": 1640176066166,
    "duration": 0,
    "pid": 17144,
    "index": 22
  },
  {
    "name": "Require(19) node_modules/egg-view/config/config.local.js",
    "start": 1640176066170,
    "end": 1640176066170,
    "duration": 0,
    "pid": 17144,
    "index": 23
  },
  {
    "name": "Require(20) node_modules/egg/config/config.local.js",
    "start": 1640176066172,
    "end": 1640176066172,
    "duration": 0,
    "pid": 17144,
    "index": 24
  },
  {
    "name": "Load extend/application.js",
    "start": 1640176066174,
    "end": 1640176066211,
    "duration": 37,
    "pid": 17144,
    "index": 25
  },
  {
    "name": "Require(21) node_modules/egg-session/app/extend/application.js",
    "start": 1640176066175,
    "end": 1640176066175,
    "duration": 0,
    "pid": 17144,
    "index": 26
  },
  {
    "name": "Require(22) node_modules/egg-security/app/extend/application.js",
    "start": 1640176066176,
    "end": 1640176066178,
    "duration": 2,
    "pid": 17144,
    "index": 27
  },
  {
    "name": "Require(23) node_modules/egg-jsonp/app/extend/application.js",
    "start": 1640176066178,
    "end": 1640176066184,
    "duration": 6,
    "pid": 17144,
    "index": 28
  },
  {
    "name": "Require(24) node_modules/egg-logrotator/app/extend/application.js",
    "start": 1640176066187,
    "end": 1640176066196,
    "duration": 9,
    "pid": 17144,
    "index": 29
  },
  {
    "name": "Require(25) node_modules/egg-view/app/extend/application.js",
    "start": 1640176066198,
    "end": 1640176066200,
    "duration": 2,
    "pid": 17144,
    "index": 30
  },
  {
    "name": "Require(26) app/extend/application.js",
    "start": 1640176066202,
    "end": 1640176066203,
    "duration": 1,
    "pid": 17144,
    "index": 31
  },
  {
    "name": "Load extend/request.js",
    "start": 1640176066211,
    "end": 1640176066224,
    "duration": 13,
    "pid": 17144,
    "index": 32
  },
  {
    "name": "Require(27) node_modules/egg/app/extend/request.js",
    "start": 1640176066217,
    "end": 1640176066219,
    "duration": 2,
    "pid": 17144,
    "index": 33
  },
  {
    "name": "Load extend/response.js",
    "start": 1640176066224,
    "end": 1640176066239,
    "duration": 15,
    "pid": 17144,
    "index": 34
  },
  {
    "name": "Require(28) node_modules/egg/app/extend/response.js",
    "start": 1640176066229,
    "end": 1640176066233,
    "duration": 4,
    "pid": 17144,
    "index": 35
  },
  {
    "name": "Load extend/context.js",
    "start": 1640176066239,
    "end": 1640176066352,
    "duration": 113,
    "pid": 17144,
    "index": 36
  },
  {
    "name": "Require(29) node_modules/egg-security/app/extend/context.js",
    "start": 1640176066240,
    "end": 1640176066260,
    "duration": 20,
    "pid": 17144,
    "index": 37
  },
  {
    "name": "Require(30) node_modules/egg-jsonp/app/extend/context.js",
    "start": 1640176066260,
    "end": 1640176066263,
    "duration": 3,
    "pid": 17144,
    "index": 38
  },
  {
    "name": "Require(31) node_modules/egg-i18n/app/extend/context.js",
    "start": 1640176066264,
    "end": 1640176066265,
    "duration": 1,
    "pid": 17144,
    "index": 39
  },
  {
    "name": "Require(32) node_modules/egg-multipart/app/extend/context.js",
    "start": 1640176066266,
    "end": 1640176066338,
    "duration": 72,
    "pid": 17144,
    "index": 40
  },
  {
    "name": "Require(33) node_modules/egg-view/app/extend/context.js",
    "start": 1640176066339,
    "end": 1640176066341,
    "duration": 2,
    "pid": 17144,
    "index": 41
  },
  {
    "name": "Require(34) node_modules/egg-mongoose/app/extend/context.js",
    "start": 1640176066342,
    "end": 1640176066342,
    "duration": 0,
    "pid": 17144,
    "index": 42
  },
  {
    "name": "Require(35) node_modules/egg-validate/app/extend/context.js",
    "start": 1640176066343,
    "end": 1640176066343,
    "duration": 0,
    "pid": 17144,
    "index": 43
  },
  {
    "name": "Require(36) node_modules/egg/app/extend/context.js",
    "start": 1640176066344,
    "end": 1640176066347,
    "duration": 3,
    "pid": 17144,
    "index": 44
  },
  {
    "name": "Load extend/helper.js",
    "start": 1640176066352,
    "end": 1640176066387,
    "duration": 35,
    "pid": 17144,
    "index": 45
  },
  {
    "name": "Require(37) node_modules/egg-security/app/extend/helper.js",
    "start": 1640176066353,
    "end": 1640176066375,
    "duration": 22,
    "pid": 17144,
    "index": 46
  },
  {
    "name": "Require(38) node_modules/egg/app/extend/helper.js",
    "start": 1640176066379,
    "end": 1640176066379,
    "duration": 0,
    "pid": 17144,
    "index": 47
  },
  {
    "name": "Load app.js",
    "start": 1640176066387,
    "end": 1640176076832,
    "duration": 10445,
    "pid": 17144,
    "index": 48
  },
  {
    "name": "Require(39) node_modules/egg-session/app.js",
    "start": 1640176066388,
    "end": 1640176066388,
    "duration": 0,
    "pid": 17144,
    "index": 49
  },
  {
    "name": "Require(40) node_modules/egg-security/app.js",
    "start": 1640176066389,
    "end": 1640176066391,
    "duration": 2,
    "pid": 17144,
    "index": 50
  },
  {
    "name": "Require(41) node_modules/egg-onerror/app.js",
    "start": 1640176066392,
    "end": 1640176066403,
    "duration": 11,
    "pid": 17144,
    "index": 51
  },
  {
    "name": "Require(42) node_modules/egg-i18n/app.js",
    "start": 1640176066403,
    "end": 1640176066415,
    "duration": 12,
    "pid": 17144,
    "index": 52
  },
  {
    "name": "Require(43) node_modules/egg-watcher/app.js",
    "start": 1640176066416,
    "end": 1640176066421,
    "duration": 5,
    "pid": 17144,
    "index": 53
  },
  {
    "name": "Require(44) node_modules/egg-schedule/app.js",
    "start": 1640176066421,
    "end": 1640176066424,
    "duration": 3,
    "pid": 17144,
    "index": 54
  },
  {
    "name": "Require(45) node_modules/egg-multipart/app.js",
    "start": 1640176066425,
    "end": 1640176066426,
    "duration": 1,
    "pid": 17144,
    "index": 55
  },
  {
    "name": "Require(46) node_modules/egg-development/app.js",
    "start": 1640176066426,
    "end": 1640176066427,
    "duration": 1,
    "pid": 17144,
    "index": 56
  },
  {
    "name": "Require(47) node_modules/egg-logrotator/app.js",
    "start": 1640176066427,
    "end": 1640176066427,
    "duration": 0,
    "pid": 17144,
    "index": 57
  },
  {
    "name": "Require(48) node_modules/egg-static/app.js",
    "start": 1640176066428,
    "end": 1640176066428,
    "duration": 0,
    "pid": 17144,
    "index": 58
  },
  {
    "name": "Require(49) node_modules/egg-mongoose/app.js",
    "start": 1640176066429,
    "end": 1640176066429,
    "duration": 0,
    "pid": 17144,
    "index": 59
  },
  {
    "name": "Require(50) node_modules/egg-validate/app.js",
    "start": 1640176066430,
    "end": 1640176066432,
    "duration": 2,
    "pid": 17144,
    "index": 60
  },
  {
    "name": "Require(51) app.js",
    "start": 1640176066433,
    "end": 1640176076831,
    "duration": 10398,
    "pid": 17144,
    "index": 61
  },
  {
    "name": "Before Start in node_modules/egg-watcher/lib/init.js:15:14",
    "start": 1640176076903,
    "end": 1640176081239,
    "duration": 4336,
    "pid": 17144,
    "index": 62
  },
  {
    "name": "Before Start in node_modules/egg-mongoose/lib/mongoose.js:104:7",
    "start": 1640176077001,
    "end": 1640176081235,
    "duration": 4234,
    "pid": 17144,
    "index": 63
  },
  {
    "name": "Before Start in node_modules/egg-mongoose/lib/mongoose.js:52:9",
    "start": 1640176077002,
    "end": 1640176081199,
    "duration": 4197,
    "pid": 17144,
    "index": 64
  },
  {
    "name": "Load Service",
    "start": 1640176077002,
    "end": 1640176077579,
    "duration": 577,
    "pid": 17144,
    "index": 65
  },
  {
    "name": "Load \"service\" to Context",
    "start": 1640176077002,
    "end": 1640176077579,
    "duration": 577,
    "pid": 17144,
    "index": 66
  },
  {
    "name": "Load Middleware",
    "start": 1640176077579,
    "end": 1640176080546,
    "duration": 2967,
    "pid": 17144,
    "index": 67
  },
  {
    "name": "Load \"middlewares\" to Application",
    "start": 1640176077580,
    "end": 1640176080454,
    "duration": 2874,
    "pid": 17144,
    "index": 68
  },
  {
    "name": "Load Controller",
    "start": 1640176080546,
    "end": 1640176081021,
    "duration": 475,
    "pid": 17144,
    "index": 69
  },
  {
    "name": "Load \"controller\" to Application",
    "start": 1640176080546,
    "end": 1640176081021,
    "duration": 475,
    "pid": 17144,
    "index": 70
  },
  {
    "name": "Load Router",
    "start": 1640176081021,
    "end": 1640176081042,
    "duration": 21,
    "pid": 17144,
    "index": 71
  },
  {
    "name": "Require(52) app/router.js",
    "start": 1640176081022,
    "end": 1640176081037,
    "duration": 15,
    "pid": 17144,
    "index": 72
  },
  {
    "name": "Before Start in node_modules/egg-core/lib/egg.js:303:10",
    "start": 1640176081038,
    "end": 1640176081199,
    "duration": 161,
    "pid": 17144,
    "index": 73
  },
  {
    "name": "Load \"model\" to Application",
    "start": 1640176081067,
    "end": 1640176081198,
    "duration": 131,
    "pid": 17144,
    "index": 74
  },
  {
    "name": "Will Ready in app.js:willReady",
    "start": 1640176081239,
    "end": 1640176081242,
    "duration": 3,
    "pid": 17144,
    "index": 75
  }
]