[
  {
    "name": "Process Start",
    "start": 1649862173143,
    "end": 1649862174979,
    "duration": 1836,
    "pid": 15444,
    "index": 0
  },
  {
    "name": "Application Start",
    "start": 1649862174981,
    "end": 1649862183267,
    "duration": 8286,
    "pid": 15444,
    "index": 1
  },
  {
    "name": "Load Plugin",
    "start": 1649862174993,
    "end": 1649862175064,
    "duration": 71,
    "pid": 15444,
    "index": 2
  },
  {
    "name": "Load Config",
    "start": 1649862175064,
    "end": 1649862175116,
    "duration": 52,
    "pid": 15444,
    "index": 3
  },
  {
    "name": "Require(0) config/config.default.js",
    "start": 1649862175067,
    "end": 1649862175068,
    "duration": 1,
    "pid": 15444,
    "index": 4
  },
  {
    "name": "Require(1) node_modules/egg-session/config/config.default.js",
    "start": 1649862175071,
    "end": 1649862175072,
    "duration": 1,
    "pid": 15444,
    "index": 5
  },
  {
    "name": "Require(2) node_modules/egg-security/config/config.default.js",
    "start": 1649862175073,
    "end": 1649862175075,
    "duration": 2,
    "pid": 15444,
    "index": 6
  },
  {
    "name": "Require(3) node_modules/egg-jsonp/config/config.default.js",
    "start": 1649862175077,
    "end": 1649862175078,
    "duration": 1,
    "pid": 15444,
    "index": 7
  },
  {
    "name": "Require(4) node_modules/egg-onerror/config/config.default.js",
    "start": 1649862175079,
    "end": 1649862175080,
    "duration": 1,
    "pid": 15444,
    "index": 8
  },
  {
    "name": "Require(5) node_modules/egg-i18n/config/config.default.js",
    "start": 1649862175081,
    "end": 1649862175082,
    "duration": 1,
    "pid": 15444,
    "index": 9
  },
  {
    "name": "Require(6) node_modules/egg-watcher/config/config.default.js",
    "start": 1649862175084,
    "end": 1649862175085,
    "duration": 1,
    "pid": 15444,
    "index": 10
  },
  {
    "name": "Require(7) node_modules/egg-schedule/config/config.default.js",
    "start": 1649862175086,
    "end": 1649862175087,
    "duration": 1,
    "pid": 15444,
    "index": 11
  },
  {
    "name": "Require(8) node_modules/egg-multipart/config/config.default.js",
    "start": 1649862175089,
    "end": 1649862175090,
    "duration": 1,
    "pid": 15444,
    "index": 12
  },
  {
    "name": "Require(9) node_modules/egg-logrotator/config/config.default.js",
    "start": 1649862175091,
    "end": 1649862175092,
    "duration": 1,
    "pid": 15444,
    "index": 13
  },
  {
    "name": "Require(10) node_modules/egg-static/config/config.default.js",
    "start": 1649862175094,
    "end": 1649862175095,
    "duration": 1,
    "pid": 15444,
    "index": 14
  },
  {
    "name": "Require(11) node_modules/egg-view/config/config.default.js",
    "start": 1649862175096,
    "end": 1649862175097,
    "duration": 1,
    "pid": 15444,
    "index": 15
  },
  {
    "name": "Require(12) node_modules/egg-mongoose/config/config.default.js",
    "start": 1649862175098,
    "end": 1649862175099,
    "duration": 1,
    "pid": 15444,
    "index": 16
  },
  {
    "name": "Require(13) node_modules/egg-validate/config/config.default.js",
    "start": 1649862175100,
    "end": 1649862175101,
    "duration": 1,
    "pid": 15444,
    "index": 17
  },
  {
    "name": "Require(14) node_modules/egg/config/config.default.js",
    "start": 1649862175102,
    "end": 1649862175103,
    "duration": 1,
    "pid": 15444,
    "index": 18
  },
  {
    "name": "Require(15) config/config.default.js",
    "start": 1649862175105,
    "end": 1649862175105,
    "duration": 0,
    "pid": 15444,
    "index": 19
  },
  {
    "name": "Require(16) node_modules/egg-static/config/config.prod.js",
    "start": 1649862175112,
    "end": 1649862175112,
    "duration": 0,
    "pid": 15444,
    "index": 20
  },
  {
    "name": "Load extend/application.js",
    "start": 1649862175118,
    "end": 1649862175180,
    "duration": 62,
    "pid": 15444,
    "index": 21
  },
  {
    "name": "Require(17) node_modules/egg-session/app/extend/application.js",
    "start": 1649862175120,
    "end": 1649862175121,
    "duration": 1,
    "pid": 15444,
    "index": 22
  },
  {
    "name": "Require(18) node_modules/egg-security/app/extend/application.js",
    "start": 1649862175122,
    "end": 1649862175124,
    "duration": 2,
    "pid": 15444,
    "index": 23
  },
  {
    "name": "Require(19) node_modules/egg-jsonp/app/extend/application.js",
    "start": 1649862175125,
    "end": 1649862175129,
    "duration": 4,
    "pid": 15444,
    "index": 24
  },
  {
    "name": "Require(20) node_modules/egg-logrotator/app/extend/application.js",
    "start": 1649862175133,
    "end": 1649862175150,
    "duration": 17,
    "pid": 15444,
    "index": 25
  },
  {
    "name": "Require(21) node_modules/egg-view/app/extend/application.js",
    "start": 1649862175152,
    "end": 1649862175155,
    "duration": 3,
    "pid": 15444,
    "index": 26
  },
  {
    "name": "Require(22) app/extend/application.js",
    "start": 1649862175158,
    "end": 1649862175159,
    "duration": 1,
    "pid": 15444,
    "index": 27
  },
  {
    "name": "Load extend/request.js",
    "start": 1649862175180,
    "end": 1649862175219,
    "duration": 39,
    "pid": 15444,
    "index": 28
  },
  {
    "name": "Require(23) node_modules/egg/app/extend/request.js",
    "start": 1649862175192,
    "end": 1649862175197,
    "duration": 5,
    "pid": 15444,
    "index": 29
  },
  {
    "name": "Load extend/response.js",
    "start": 1649862175220,
    "end": 1649862175259,
    "duration": 39,
    "pid": 15444,
    "index": 30
  },
  {
    "name": "Require(24) node_modules/egg/app/extend/response.js",
    "start": 1649862175233,
    "end": 1649862175239,
    "duration": 6,
    "pid": 15444,
    "index": 31
  },
  {
    "name": "Load extend/context.js",
    "start": 1649862175259,
    "end": 1649862175472,
    "duration": 213,
    "pid": 15444,
    "index": 32
  },
  {
    "name": "Require(25) node_modules/egg-security/app/extend/context.js",
    "start": 1649862175261,
    "end": 1649862175302,
    "duration": 41,
    "pid": 15444,
    "index": 33
  },
  {
    "name": "Require(26) node_modules/egg-jsonp/app/extend/context.js",
    "start": 1649862175303,
    "end": 1649862175307,
    "duration": 4,
    "pid": 15444,
    "index": 34
  },
  {
    "name": "Require(27) node_modules/egg-i18n/app/extend/context.js",
    "start": 1649862175309,
    "end": 1649862175309,
    "duration": 0,
    "pid": 15444,
    "index": 35
  },
  {
    "name": "Require(28) node_modules/egg-multipart/app/extend/context.js",
    "start": 1649862175312,
    "end": 1649862175445,
    "duration": 133,
    "pid": 15444,
    "index": 36
  },
  {
    "name": "Require(29) node_modules/egg-view/app/extend/context.js",
    "start": 1649862175447,
    "end": 1649862175451,
    "duration": 4,
    "pid": 15444,
    "index": 37
  },
  {
    "name": "Require(30) node_modules/egg-mongoose/app/extend/context.js",
    "start": 1649862175452,
    "end": 1649862175453,
    "duration": 1,
    "pid": 15444,
    "index": 38
  },
  {
    "name": "Require(31) node_modules/egg-validate/app/extend/context.js",
    "start": 1649862175454,
    "end": 1649862175455,
    "duration": 1,
    "pid": 15444,
    "index": 39
  },
  {
    "name": "Require(32) node_modules/egg/app/extend/context.js",
    "start": 1649862175455,
    "end": 1649862175462,
    "duration": 7,
    "pid": 15444,
    "index": 40
  },
  {
    "name": "Load extend/helper.js",
    "start": 1649862175472,
    "end": 1649862175533,
    "duration": 61,
    "pid": 15444,
    "index": 41
  },
  {
    "name": "Require(33) node_modules/egg-security/app/extend/helper.js",
    "start": 1649862175474,
    "end": 1649862175513,
    "duration": 39,
    "pid": 15444,
    "index": 42
  },
  {
    "name": "Require(34) node_modules/egg/app/extend/helper.js",
    "start": 1649862175522,
    "end": 1649862175523,
    "duration": 1,
    "pid": 15444,
    "index": 43
  },
  {
    "name": "Load app.js",
    "start": 1649862175534,
    "end": 1649862180251,
    "duration": 4717,
    "pid": 15444,
    "index": 44
  },
  {
    "name": "Require(35) node_modules/egg-session/app.js",
    "start": 1649862175534,
    "end": 1649862175535,
    "duration": 1,
    "pid": 15444,
    "index": 45
  },
  {
    "name": "Require(36) node_modules/egg-security/app.js",
    "start": 1649862175536,
    "end": 1649862175541,
    "duration": 5,
    "pid": 15444,
    "index": 46
  },
  {
    "name": "Require(37) node_modules/egg-onerror/app.js",
    "start": 1649862175544,
    "end": 1649862175564,
    "duration": 20,
    "pid": 15444,
    "index": 47
  },
  {
    "name": "Require(38) node_modules/egg-i18n/app.js",
    "start": 1649862175565,
    "end": 1649862175593,
    "duration": 28,
    "pid": 15444,
    "index": 48
  },
  {
    "name": "Require(39) node_modules/egg-watcher/app.js",
    "start": 1649862175594,
    "end": 1649862175603,
    "duration": 9,
    "pid": 15444,
    "index": 49
  },
  {
    "name": "Require(40) node_modules/egg-schedule/app.js",
    "start": 1649862175604,
    "end": 1649862175610,
    "duration": 6,
    "pid": 15444,
    "index": 50
  },
  {
    "name": "Require(41) node_modules/egg-multipart/app.js",
    "start": 1649862175611,
    "end": 1649862175615,
    "duration": 4,
    "pid": 15444,
    "index": 51
  },
  {
    "name": "Require(42) node_modules/egg-logrotator/app.js",
    "start": 1649862175616,
    "end": 1649862175617,
    "duration": 1,
    "pid": 15444,
    "index": 52
  },
  {
    "name": "Require(43) node_modules/egg-static/app.js",
    "start": 1649862175618,
    "end": 1649862175618,
    "duration": 0,
    "pid": 15444,
    "index": 53
  },
  {
    "name": "Require(44) node_modules/egg-mongoose/app.js",
    "start": 1649862175620,
    "end": 1649862175621,
    "duration": 1,
    "pid": 15444,
    "index": 54
  },
  {
    "name": "Require(45) node_modules/egg-validate/app.js",
    "start": 1649862175622,
    "end": 1649862175625,
    "duration": 3,
    "pid": 15444,
    "index": 55
  },
  {
    "name": "Require(46) app.js",
    "start": 1649862175627,
    "end": 1649862180250,
    "duration": 4623,
    "pid": 15444,
    "index": 56
  },
  {
    "name": "Before Start in node_modules/egg-watcher/lib/init.js:15:14",
    "start": 1649862180334,
    "end": 1649862183245,
    "duration": 2911,
    "pid": 15444,
    "index": 57
  },
  {
    "name": "Before Start in node_modules/egg-mongoose/lib/mongoose.js:104:7",
    "start": 1649862180615,
    "end": 1649862183239,
    "duration": 2624,
    "pid": 15444,
    "index": 58
  },
  {
    "name": "Before Start in node_modules/egg-mongoose/lib/mongoose.js:52:9",
    "start": 1649862180617,
    "end": 1649862183189,
    "duration": 2572,
    "pid": 15444,
    "index": 59
  },
  {
    "name": "Load Service",
    "start": 1649862180619,
    "end": 1649862181061,
    "duration": 442,
    "pid": 15444,
    "index": 60
  },
  {
    "name": "Load \"service\" to Context",
    "start": 1649862180620,
    "end": 1649862181061,
    "duration": 441,
    "pid": 15444,
    "index": 61
  },
  {
    "name": "Load Middleware",
    "start": 1649862181061,
    "end": 1649862182833,
    "duration": 1772,
    "pid": 15444,
    "index": 62
  },
  {
    "name": "Load \"middlewares\" to Application",
    "start": 1649862181062,
    "end": 1649862182750,
    "duration": 1688,
    "pid": 15444,
    "index": 63
  },
  {
    "name": "Load Controller",
    "start": 1649862182833,
    "end": 1649862183082,
    "duration": 249,
    "pid": 15444,
    "index": 64
  },
  {
    "name": "Load \"controller\" to Application",
    "start": 1649862182834,
    "end": 1649862183082,
    "duration": 248,
    "pid": 15444,
    "index": 65
  },
  {
    "name": "Load Router",
    "start": 1649862183082,
    "end": 1649862183088,
    "duration": 6,
    "pid": 15444,
    "index": 66
  },
  {
    "name": "Require(47) app/router.js",
    "start": 1649862183083,
    "end": 1649862183084,
    "duration": 1,
    "pid": 15444,
    "index": 67
  },
  {
    "name": "Before Start in node_modules/egg-core/lib/egg.js:303:10",
    "start": 1649862183084,
    "end": 1649862183189,
    "duration": 105,
    "pid": 15444,
    "index": 68
  },
  {
    "name": "Load \"model\" to Application",
    "start": 1649862183128,
    "end": 1649862183188,
    "duration": 60,
    "pid": 15444,
    "index": 69
  },
  {
    "name": "Will Ready in app.js:willReady",
    "start": 1649862183246,
    "end": 1649862183254,
    "duration": 8,
    "pid": 15444,
    "index": 70
  }
]