[
  {
    "name": "Process Start",
    "start": 1649862173205,
    "end": 1649862175052,
    "duration": 1847,
    "pid": 3224,
    "index": 0
  },
  {
    "name": "Application Start",
    "start": 1649862175054,
    "end": 1649862183276,
    "duration": 8222,
    "pid": 3224,
    "index": 1
  },
  {
    "name": "Load Plugin",
    "start": 1649862175067,
    "end": 1649862175162,
    "duration": 95,
    "pid": 3224,
    "index": 2
  },
  {
    "name": "Load Config",
    "start": 1649862175162,
    "end": 1649862175213,
    "duration": 51,
    "pid": 3224,
    "index": 3
  },
  {
    "name": "Require(0) config/config.default.js",
    "start": 1649862175164,
    "end": 1649862175165,
    "duration": 1,
    "pid": 3224,
    "index": 4
  },
  {
    "name": "Require(1) node_modules/egg-session/config/config.default.js",
    "start": 1649862175168,
    "end": 1649862175169,
    "duration": 1,
    "pid": 3224,
    "index": 5
  },
  {
    "name": "Require(2) node_modules/egg-security/config/config.default.js",
    "start": 1649862175170,
    "end": 1649862175171,
    "duration": 1,
    "pid": 3224,
    "index": 6
  },
  {
    "name": "Require(3) node_modules/egg-jsonp/config/config.default.js",
    "start": 1649862175174,
    "end": 1649862175175,
    "duration": 1,
    "pid": 3224,
    "index": 7
  },
  {
    "name": "Require(4) node_modules/egg-onerror/config/config.default.js",
    "start": 1649862175177,
    "end": 1649862175178,
    "duration": 1,
    "pid": 3224,
    "index": 8
  },
  {
    "name": "Require(5) node_modules/egg-i18n/config/config.default.js",
    "start": 1649862175179,
    "end": 1649862175180,
    "duration": 1,
    "pid": 3224,
    "index": 9
  },
  {
    "name": "Require(6) node_modules/egg-watcher/config/config.default.js",
    "start": 1649862175181,
    "end": 1649862175182,
    "duration": 1,
    "pid": 3224,
    "index": 10
  },
  {
    "name": "Require(7) node_modules/egg-schedule/config/config.default.js",
    "start": 1649862175184,
    "end": 1649862175185,
    "duration": 1,
    "pid": 3224,
    "index": 11
  },
  {
    "name": "Require(8) node_modules/egg-multipart/config/config.default.js",
    "start": 1649862175186,
    "end": 1649862175187,
    "duration": 1,
    "pid": 3224,
    "index": 12
  },
  {
    "name": "Require(9) node_modules/egg-logrotator/config/config.default.js",
    "start": 1649862175188,
    "end": 1649862175189,
    "duration": 1,
    "pid": 3224,
    "index": 13
  },
  {
    "name": "Require(10) node_modules/egg-static/config/config.default.js",
    "start": 1649862175190,
    "end": 1649862175191,
    "duration": 1,
    "pid": 3224,
    "index": 14
  },
  {
    "name": "Require(11) node_modules/egg-view/config/config.default.js",
    "start": 1649862175193,
    "end": 1649862175194,
    "duration": 1,
    "pid": 3224,
    "index": 15
  },
  {
    "name": "Require(12) node_modules/egg-mongoose/config/config.default.js",
    "start": 1649862175195,
    "end": 1649862175196,
    "duration": 1,
    "pid": 3224,
    "index": 16
  },
  {
    "name": "Require(13) node_modules/egg-validate/config/config.default.js",
    "start": 1649862175197,
    "end": 1649862175198,
    "duration": 1,
    "pid": 3224,
    "index": 17
  },
  {
    "name": "Require(14) node_modules/egg/config/config.default.js",
    "start": 1649862175199,
    "end": 1649862175200,
    "duration": 1,
    "pid": 3224,
    "index": 18
  },
  {
    "name": "Require(15) config/config.default.js",
    "start": 1649862175202,
    "end": 1649862175202,
    "duration": 0,
    "pid": 3224,
    "index": 19
  },
  {
    "name": "Require(16) node_modules/egg-static/config/config.prod.js",
    "start": 1649862175209,
    "end": 1649862175209,
    "duration": 0,
    "pid": 3224,
    "index": 20
  },
  {
    "name": "Load extend/application.js",
    "start": 1649862175215,
    "end": 1649862175292,
    "duration": 77,
    "pid": 3224,
    "index": 21
  },
  {
    "name": "Require(17) node_modules/egg-session/app/extend/application.js",
    "start": 1649862175216,
    "end": 1649862175217,
    "duration": 1,
    "pid": 3224,
    "index": 22
  },
  {
    "name": "Require(18) node_modules/egg-security/app/extend/application.js",
    "start": 1649862175231,
    "end": 1649862175233,
    "duration": 2,
    "pid": 3224,
    "index": 23
  },
  {
    "name": "Require(19) node_modules/egg-jsonp/app/extend/application.js",
    "start": 1649862175235,
    "end": 1649862175238,
    "duration": 3,
    "pid": 3224,
    "index": 24
  },
  {
    "name": "Require(20) node_modules/egg-logrotator/app/extend/application.js",
    "start": 1649862175242,
    "end": 1649862175260,
    "duration": 18,
    "pid": 3224,
    "index": 25
  },
  {
    "name": "Require(21) node_modules/egg-view/app/extend/application.js",
    "start": 1649862175261,
    "end": 1649862175267,
    "duration": 6,
    "pid": 3224,
    "index": 26
  },
  {
    "name": "Require(22) app/extend/application.js",
    "start": 1649862175270,
    "end": 1649862175271,
    "duration": 1,
    "pid": 3224,
    "index": 27
  },
  {
    "name": "Load extend/request.js",
    "start": 1649862175292,
    "end": 1649862175318,
    "duration": 26,
    "pid": 3224,
    "index": 28
  },
  {
    "name": "Require(23) node_modules/egg/app/extend/request.js",
    "start": 1649862175302,
    "end": 1649862175306,
    "duration": 4,
    "pid": 3224,
    "index": 29
  },
  {
    "name": "Load extend/response.js",
    "start": 1649862175318,
    "end": 1649862175346,
    "duration": 28,
    "pid": 3224,
    "index": 30
  },
  {
    "name": "Require(24) node_modules/egg/app/extend/response.js",
    "start": 1649862175327,
    "end": 1649862175334,
    "duration": 7,
    "pid": 3224,
    "index": 31
  },
  {
    "name": "Load extend/context.js",
    "start": 1649862175346,
    "end": 1649862175578,
    "duration": 232,
    "pid": 3224,
    "index": 32
  },
  {
    "name": "Require(25) node_modules/egg-security/app/extend/context.js",
    "start": 1649862175348,
    "end": 1649862175394,
    "duration": 46,
    "pid": 3224,
    "index": 33
  },
  {
    "name": "Require(26) node_modules/egg-jsonp/app/extend/context.js",
    "start": 1649862175395,
    "end": 1649862175399,
    "duration": 4,
    "pid": 3224,
    "index": 34
  },
  {
    "name": "Require(27) node_modules/egg-i18n/app/extend/context.js",
    "start": 1649862175401,
    "end": 1649862175402,
    "duration": 1,
    "pid": 3224,
    "index": 35
  },
  {
    "name": "Require(28) node_modules/egg-multipart/app/extend/context.js",
    "start": 1649862175420,
    "end": 1649862175552,
    "duration": 132,
    "pid": 3224,
    "index": 36
  },
  {
    "name": "Require(29) node_modules/egg-view/app/extend/context.js",
    "start": 1649862175554,
    "end": 1649862175556,
    "duration": 2,
    "pid": 3224,
    "index": 37
  },
  {
    "name": "Require(30) node_modules/egg-mongoose/app/extend/context.js",
    "start": 1649862175557,
    "end": 1649862175558,
    "duration": 1,
    "pid": 3224,
    "index": 38
  },
  {
    "name": "Require(31) node_modules/egg-validate/app/extend/context.js",
    "start": 1649862175559,
    "end": 1649862175560,
    "duration": 1,
    "pid": 3224,
    "index": 39
  },
  {
    "name": "Require(32) node_modules/egg/app/extend/context.js",
    "start": 1649862175561,
    "end": 1649862175568,
    "duration": 7,
    "pid": 3224,
    "index": 40
  },
  {
    "name": "Load extend/helper.js",
    "start": 1649862175578,
    "end": 1649862175640,
    "duration": 62,
    "pid": 3224,
    "index": 41
  },
  {
    "name": "Require(33) node_modules/egg-security/app/extend/helper.js",
    "start": 1649862175580,
    "end": 1649862175623,
    "duration": 43,
    "pid": 3224,
    "index": 42
  },
  {
    "name": "Require(34) node_modules/egg/app/extend/helper.js",
    "start": 1649862175630,
    "end": 1649862175631,
    "duration": 1,
    "pid": 3224,
    "index": 43
  },
  {
    "name": "Load app.js",
    "start": 1649862175641,
    "end": 1649862180251,
    "duration": 4610,
    "pid": 3224,
    "index": 44
  },
  {
    "name": "Require(35) node_modules/egg-session/app.js",
    "start": 1649862175642,
    "end": 1649862175643,
    "duration": 1,
    "pid": 3224,
    "index": 45
  },
  {
    "name": "Require(36) node_modules/egg-security/app.js",
    "start": 1649862175644,
    "end": 1649862175658,
    "duration": 14,
    "pid": 3224,
    "index": 46
  },
  {
    "name": "Require(37) node_modules/egg-onerror/app.js",
    "start": 1649862175660,
    "end": 1649862175689,
    "duration": 29,
    "pid": 3224,
    "index": 47
  },
  {
    "name": "Require(38) node_modules/egg-i18n/app.js",
    "start": 1649862175690,
    "end": 1649862175740,
    "duration": 50,
    "pid": 3224,
    "index": 48
  },
  {
    "name": "Require(39) node_modules/egg-watcher/app.js",
    "start": 1649862175741,
    "end": 1649862175749,
    "duration": 8,
    "pid": 3224,
    "index": 49
  },
  {
    "name": "Require(40) node_modules/egg-schedule/app.js",
    "start": 1649862175750,
    "end": 1649862175755,
    "duration": 5,
    "pid": 3224,
    "index": 50
  },
  {
    "name": "Require(41) node_modules/egg-multipart/app.js",
    "start": 1649862175756,
    "end": 1649862175757,
    "duration": 1,
    "pid": 3224,
    "index": 51
  },
  {
    "name": "Require(42) node_modules/egg-logrotator/app.js",
    "start": 1649862175758,
    "end": 1649862175759,
    "duration": 1,
    "pid": 3224,
    "index": 52
  },
  {
    "name": "Require(43) node_modules/egg-static/app.js",
    "start": 1649862175759,
    "end": 1649862175760,
    "duration": 1,
    "pid": 3224,
    "index": 53
  },
  {
    "name": "Require(44) node_modules/egg-mongoose/app.js",
    "start": 1649862175762,
    "end": 1649862175763,
    "duration": 1,
    "pid": 3224,
    "index": 54
  },
  {
    "name": "Require(45) node_modules/egg-validate/app.js",
    "start": 1649862175765,
    "end": 1649862175777,
    "duration": 12,
    "pid": 3224,
    "index": 55
  },
  {
    "name": "Require(46) app.js",
    "start": 1649862175779,
    "end": 1649862180249,
    "duration": 4470,
    "pid": 3224,
    "index": 56
  },
  {
    "name": "Before Start in node_modules/egg-watcher/lib/init.js:15:14",
    "start": 1649862180323,
    "end": 1649862183259,
    "duration": 2936,
    "pid": 3224,
    "index": 57
  },
  {
    "name": "Before Start in node_modules/egg-mongoose/lib/mongoose.js:104:7",
    "start": 1649862180630,
    "end": 1649862183253,
    "duration": 2623,
    "pid": 3224,
    "index": 58
  },
  {
    "name": "Before Start in node_modules/egg-mongoose/lib/mongoose.js:52:9",
    "start": 1649862180631,
    "end": 1649862183198,
    "duration": 2567,
    "pid": 3224,
    "index": 59
  },
  {
    "name": "Load Service",
    "start": 1649862180633,
    "end": 1649862181060,
    "duration": 427,
    "pid": 3224,
    "index": 60
  },
  {
    "name": "Load \"service\" to Context",
    "start": 1649862180635,
    "end": 1649862181060,
    "duration": 425,
    "pid": 3224,
    "index": 61
  },
  {
    "name": "Load Middleware",
    "start": 1649862181061,
    "end": 1649862182835,
    "duration": 1774,
    "pid": 3224,
    "index": 62
  },
  {
    "name": "Load \"middlewares\" to Application",
    "start": 1649862181061,
    "end": 1649862182752,
    "duration": 1691,
    "pid": 3224,
    "index": 63
  },
  {
    "name": "Load Controller",
    "start": 1649862182835,
    "end": 1649862183090,
    "duration": 255,
    "pid": 3224,
    "index": 64
  },
  {
    "name": "Load \"controller\" to Application",
    "start": 1649862182835,
    "end": 1649862183090,
    "duration": 255,
    "pid": 3224,
    "index": 65
  },
  {
    "name": "Load Router",
    "start": 1649862183090,
    "end": 1649862183096,
    "duration": 6,
    "pid": 3224,
    "index": 66
  },
  {
    "name": "Require(47) app/router.js",
    "start": 1649862183091,
    "end": 1649862183091,
    "duration": 0,
    "pid": 3224,
    "index": 67
  },
  {
    "name": "Before Start in node_modules/egg-core/lib/egg.js:303:10",
    "start": 1649862183092,
    "end": 1649862183198,
    "duration": 106,
    "pid": 3224,
    "index": 68
  },
  {
    "name": "Load \"model\" to Application",
    "start": 1649862183129,
    "end": 1649862183197,
    "duration": 68,
    "pid": 3224,
    "index": 69
  },
  {
    "name": "Will Ready in app.js:willReady",
    "start": 1649862183259,
    "end": 1649862183265,
    "duration": 6,
    "pid": 3224,
    "index": 70
  }
]