[
  {
    "name": "Process Start",
    "start": 1649862189014,
    "end": 1649862190798,
    "duration": 1784,
    "pid": 4472,
    "index": 0
  },
  {
    "name": "Application Start",
    "start": 1649862190800,
    "end": 1649862193433,
    "duration": 2633,
    "pid": 4472,
    "index": 1
  },
  {
    "name": "Load Plugin",
    "start": 1649862190816,
    "end": 1649862190896,
    "duration": 80,
    "pid": 4472,
    "index": 2
  },
  {
    "name": "Load Config",
    "start": 1649862190896,
    "end": 1649862190955,
    "duration": 59,
    "pid": 4472,
    "index": 3
  },
  {
    "name": "Require(0) config/config.default.js",
    "start": 1649862190898,
    "end": 1649862190899,
    "duration": 1,
    "pid": 4472,
    "index": 4
  },
  {
    "name": "Require(1) node_modules/egg-session/config/config.default.js",
    "start": 1649862190902,
    "end": 1649862190903,
    "duration": 1,
    "pid": 4472,
    "index": 5
  },
  {
    "name": "Require(2) node_modules/egg-security/config/config.default.js",
    "start": 1649862190904,
    "end": 1649862190906,
    "duration": 2,
    "pid": 4472,
    "index": 6
  },
  {
    "name": "Require(3) node_modules/egg-jsonp/config/config.default.js",
    "start": 1649862190908,
    "end": 1649862190909,
    "duration": 1,
    "pid": 4472,
    "index": 7
  },
  {
    "name": "Require(4) node_modules/egg-onerror/config/config.default.js",
    "start": 1649862190910,
    "end": 1649862190911,
    "duration": 1,
    "pid": 4472,
    "index": 8
  },
  {
    "name": "Require(5) node_modules/egg-i18n/config/config.default.js",
    "start": 1649862190912,
    "end": 1649862190913,
    "duration": 1,
    "pid": 4472,
    "index": 9
  },
  {
    "name": "Require(6) node_modules/egg-watcher/config/config.default.js",
    "start": 1649862190915,
    "end": 1649862190916,
    "duration": 1,
    "pid": 4472,
    "index": 10
  },
  {
    "name": "Require(7) node_modules/egg-schedule/config/config.default.js",
    "start": 1649862190917,
    "end": 1649862190918,
    "duration": 1,
    "pid": 4472,
    "index": 11
  },
  {
    "name": "Require(8) node_modules/egg-multipart/config/config.default.js",
    "start": 1649862190920,
    "end": 1649862190921,
    "duration": 1,
    "pid": 4472,
    "index": 12
  },
  {
    "name": "Require(9) node_modules/egg-logrotator/config/config.default.js",
    "start": 1649862190922,
    "end": 1649862190923,
    "duration": 1,
    "pid": 4472,
    "index": 13
  },
  {
    "name": "Require(10) node_modules/egg-static/config/config.default.js",
    "start": 1649862190924,
    "end": 1649862190926,
    "duration": 2,
    "pid": 4472,
    "index": 14
  },
  {
    "name": "Require(11) node_modules/egg-view/config/config.default.js",
    "start": 1649862190928,
    "end": 1649862190930,
    "duration": 2,
    "pid": 4472,
    "index": 15
  },
  {
    "name": "Require(12) node_modules/egg-mongoose/config/config.default.js",
    "start": 1649862190932,
    "end": 1649862190933,
    "duration": 1,
    "pid": 4472,
    "index": 16
  },
  {
    "name": "Require(13) node_modules/egg-validate/config/config.default.js",
    "start": 1649862190934,
    "end": 1649862190935,
    "duration": 1,
    "pid": 4472,
    "index": 17
  },
  {
    "name": "Require(14) node_modules/egg/config/config.default.js",
    "start": 1649862190936,
    "end": 1649862190937,
    "duration": 1,
    "pid": 4472,
    "index": 18
  },
  {
    "name": "Require(15) config/config.default.js",
    "start": 1649862190940,
    "end": 1649862190940,
    "duration": 0,
    "pid": 4472,
    "index": 19
  },
  {
    "name": "Require(16) node_modules/egg-static/config/config.prod.js",
    "start": 1649862190949,
    "end": 1649862190951,
    "duration": 2,
    "pid": 4472,
    "index": 20
  },
  {
    "name": "Load extend/application.js",
    "start": 1649862190957,
    "end": 1649862191019,
    "duration": 62,
    "pid": 4472,
    "index": 21
  },
  {
    "name": "Require(17) node_modules/egg-session/app/extend/application.js",
    "start": 1649862190959,
    "end": 1649862190960,
    "duration": 1,
    "pid": 4472,
    "index": 22
  },
  {
    "name": "Require(18) node_modules/egg-security/app/extend/application.js",
    "start": 1649862190961,
    "end": 1649862190964,
    "duration": 3,
    "pid": 4472,
    "index": 23
  },
  {
    "name": "Require(19) node_modules/egg-jsonp/app/extend/application.js",
    "start": 1649862190965,
    "end": 1649862190972,
    "duration": 7,
    "pid": 4472,
    "index": 24
  },
  {
    "name": "Require(20) node_modules/egg-logrotator/app/extend/application.js",
    "start": 1649862190976,
    "end": 1649862190994,
    "duration": 18,
    "pid": 4472,
    "index": 25
  },
  {
    "name": "Require(21) node_modules/egg-view/app/extend/application.js",
    "start": 1649862190996,
    "end": 1649862191002,
    "duration": 6,
    "pid": 4472,
    "index": 26
  },
  {
    "name": "Require(22) app/extend/application.js",
    "start": 1649862191005,
    "end": 1649862191006,
    "duration": 1,
    "pid": 4472,
    "index": 27
  },
  {
    "name": "Load extend/request.js",
    "start": 1649862191019,
    "end": 1649862191044,
    "duration": 25,
    "pid": 4472,
    "index": 28
  },
  {
    "name": "Require(23) node_modules/egg/app/extend/request.js",
    "start": 1649862191029,
    "end": 1649862191034,
    "duration": 5,
    "pid": 4472,
    "index": 29
  },
  {
    "name": "Load extend/response.js",
    "start": 1649862191044,
    "end": 1649862191076,
    "duration": 32,
    "pid": 4472,
    "index": 30
  },
  {
    "name": "Require(24) node_modules/egg/app/extend/response.js",
    "start": 1649862191052,
    "end": 1649862191058,
    "duration": 6,
    "pid": 4472,
    "index": 31
  },
  {
    "name": "Load extend/context.js",
    "start": 1649862191076,
    "end": 1649862191304,
    "duration": 228,
    "pid": 4472,
    "index": 32
  },
  {
    "name": "Require(25) node_modules/egg-security/app/extend/context.js",
    "start": 1649862191077,
    "end": 1649862191120,
    "duration": 43,
    "pid": 4472,
    "index": 33
  },
  {
    "name": "Require(26) node_modules/egg-jsonp/app/extend/context.js",
    "start": 1649862191122,
    "end": 1649862191125,
    "duration": 3,
    "pid": 4472,
    "index": 34
  },
  {
    "name": "Require(27) node_modules/egg-i18n/app/extend/context.js",
    "start": 1649862191126,
    "end": 1649862191127,
    "duration": 1,
    "pid": 4472,
    "index": 35
  },
  {
    "name": "Require(28) node_modules/egg-multipart/app/extend/context.js",
    "start": 1649862191130,
    "end": 1649862191277,
    "duration": 147,
    "pid": 4472,
    "index": 36
  },
  {
    "name": "Require(29) node_modules/egg-view/app/extend/context.js",
    "start": 1649862191279,
    "end": 1649862191281,
    "duration": 2,
    "pid": 4472,
    "index": 37
  },
  {
    "name": "Require(30) node_modules/egg-mongoose/app/extend/context.js",
    "start": 1649862191282,
    "end": 1649862191283,
    "duration": 1,
    "pid": 4472,
    "index": 38
  },
  {
    "name": "Require(31) node_modules/egg-validate/app/extend/context.js",
    "start": 1649862191284,
    "end": 1649862191285,
    "duration": 1,
    "pid": 4472,
    "index": 39
  },
  {
    "name": "Require(32) node_modules/egg/app/extend/context.js",
    "start": 1649862191285,
    "end": 1649862191294,
    "duration": 9,
    "pid": 4472,
    "index": 40
  },
  {
    "name": "Load extend/helper.js",
    "start": 1649862191304,
    "end": 1649862191364,
    "duration": 60,
    "pid": 4472,
    "index": 41
  },
  {
    "name": "Require(33) node_modules/egg-security/app/extend/helper.js",
    "start": 1649862191305,
    "end": 1649862191345,
    "duration": 40,
    "pid": 4472,
    "index": 42
  },
  {
    "name": "Require(34) node_modules/egg/app/extend/helper.js",
    "start": 1649862191352,
    "end": 1649862191352,
    "duration": 0,
    "pid": 4472,
    "index": 43
  },
  {
    "name": "Load app.js",
    "start": 1649862191365,
    "end": 1649862192629,
    "duration": 1264,
    "pid": 4472,
    "index": 44
  },
  {
    "name": "Require(35) node_modules/egg-session/app.js",
    "start": 1649862191365,
    "end": 1649862191366,
    "duration": 1,
    "pid": 4472,
    "index": 45
  },
  {
    "name": "Require(36) node_modules/egg-security/app.js",
    "start": 1649862191367,
    "end": 1649862191371,
    "duration": 4,
    "pid": 4472,
    "index": 46
  },
  {
    "name": "Require(37) node_modules/egg-onerror/app.js",
    "start": 1649862191373,
    "end": 1649862191392,
    "duration": 19,
    "pid": 4472,
    "index": 47
  },
  {
    "name": "Require(38) node_modules/egg-i18n/app.js",
    "start": 1649862191393,
    "end": 1649862191427,
    "duration": 34,
    "pid": 4472,
    "index": 48
  },
  {
    "name": "Require(39) node_modules/egg-watcher/app.js",
    "start": 1649862191429,
    "end": 1649862191439,
    "duration": 10,
    "pid": 4472,
    "index": 49
  },
  {
    "name": "Require(40) node_modules/egg-schedule/app.js",
    "start": 1649862191440,
    "end": 1649862191445,
    "duration": 5,
    "pid": 4472,
    "index": 50
  },
  {
    "name": "Require(41) node_modules/egg-multipart/app.js",
    "start": 1649862191446,
    "end": 1649862191448,
    "duration": 2,
    "pid": 4472,
    "index": 51
  },
  {
    "name": "Require(42) node_modules/egg-logrotator/app.js",
    "start": 1649862191450,
    "end": 1649862191451,
    "duration": 1,
    "pid": 4472,
    "index": 52
  },
  {
    "name": "Require(43) node_modules/egg-static/app.js",
    "start": 1649862191451,
    "end": 1649862191452,
    "duration": 1,
    "pid": 4472,
    "index": 53
  },
  {
    "name": "Require(44) node_modules/egg-mongoose/app.js",
    "start": 1649862191454,
    "end": 1649862191455,
    "duration": 1,
    "pid": 4472,
    "index": 54
  },
  {
    "name": "Require(45) node_modules/egg-validate/app.js",
    "start": 1649862191455,
    "end": 1649862191460,
    "duration": 5,
    "pid": 4472,
    "index": 55
  },
  {
    "name": "Require(46) app.js",
    "start": 1649862191463,
    "end": 1649862192629,
    "duration": 1166,
    "pid": 4472,
    "index": 56
  },
  {
    "name": "Before Start in node_modules/egg-watcher/lib/init.js:15:14",
    "start": 1649862192653,
    "end": 1649862193415,
    "duration": 762,
    "pid": 4472,
    "index": 57
  },
  {
    "name": "Before Start in node_modules/egg-mongoose/lib/mongoose.js:104:7",
    "start": 1649862192754,
    "end": 1649862193410,
    "duration": 656,
    "pid": 4472,
    "index": 58
  },
  {
    "name": "Before Start in node_modules/egg-mongoose/lib/mongoose.js:52:9",
    "start": 1649862192755,
    "end": 1649862193375,
    "duration": 620,
    "pid": 4472,
    "index": 59
  },
  {
    "name": "Load Service",
    "start": 1649862192755,
    "end": 1649862192831,
    "duration": 76,
    "pid": 4472,
    "index": 60
  },
  {
    "name": "Load \"service\" to Context",
    "start": 1649862192755,
    "end": 1649862192831,
    "duration": 76,
    "pid": 4472,
    "index": 61
  },
  {
    "name": "Load Middleware",
    "start": 1649862192831,
    "end": 1649862193206,
    "duration": 375,
    "pid": 4472,
    "index": 62
  },
  {
    "name": "Load \"middlewares\" to Application",
    "start": 1649862192832,
    "end": 1649862193178,
    "duration": 346,
    "pid": 4472,
    "index": 63
  },
  {
    "name": "Load Controller",
    "start": 1649862193206,
    "end": 1649862193282,
    "duration": 76,
    "pid": 4472,
    "index": 64
  },
  {
    "name": "Load \"controller\" to Application",
    "start": 1649862193207,
    "end": 1649862193282,
    "duration": 75,
    "pid": 4472,
    "index": 65
  },
  {
    "name": "Load Router",
    "start": 1649862193282,
    "end": 1649862193289,
    "duration": 7,
    "pid": 4472,
    "index": 66
  },
  {
    "name": "Require(47) app/router.js",
    "start": 1649862193283,
    "end": 1649862193284,
    "duration": 1,
    "pid": 4472,
    "index": 67
  },
  {
    "name": "Before Start in node_modules/egg-core/lib/egg.js:303:10",
    "start": 1649862193285,
    "end": 1649862193375,
    "duration": 90,
    "pid": 4472,
    "index": 68
  },
  {
    "name": "Load \"model\" to Application",
    "start": 1649862193322,
    "end": 1649862193374,
    "duration": 52,
    "pid": 4472,
    "index": 69
  },
  {
    "name": "Will Ready in app.js:willReady",
    "start": 1649862193416,
    "end": 1649862193421,
    "duration": 5,
    "pid": 4472,
    "index": 70
  }
]