[
  {
    "name": "Process Start",
    "start": 1640176062143,
    "end": 1640176063818,
    "duration": 1675,
    "pid": 16108,
    "index": 0
  },
  {
    "name": "Application Start",
    "start": 1640176063819,
    "end": 1640176081253,
    "duration": 17434,
    "pid": 16108,
    "index": 1
  },
  {
    "name": "Load Plugin",
    "start": 1640176063825,
    "end": 1640176063858,
    "duration": 33,
    "pid": 16108,
    "index": 2
  },
  {
    "name": "Load Config",
    "start": 1640176063858,
    "end": 1640176063890,
    "duration": 32,
    "pid": 16108,
    "index": 3
  },
  {
    "name": "Require(0) config/config.default.js",
    "start": 1640176063860,
    "end": 1640176063860,
    "duration": 0,
    "pid": 16108,
    "index": 4
  },
  {
    "name": "Require(1) node_modules/egg-session/config/config.default.js",
    "start": 1640176063862,
    "end": 1640176063863,
    "duration": 1,
    "pid": 16108,
    "index": 5
  },
  {
    "name": "Require(2) node_modules/egg-security/config/config.default.js",
    "start": 1640176063863,
    "end": 1640176063864,
    "duration": 1,
    "pid": 16108,
    "index": 6
  },
  {
    "name": "Require(3) node_modules/egg-jsonp/config/config.default.js",
    "start": 1640176063865,
    "end": 1640176063866,
    "duration": 1,
    "pid": 16108,
    "index": 7
  },
  {
    "name": "Require(4) node_modules/egg-onerror/config/config.default.js",
    "start": 1640176063866,
    "end": 1640176063867,
    "duration": 1,
    "pid": 16108,
    "index": 8
  },
  {
    "name": "Require(5) node_modules/egg-i18n/config/config.default.js",
    "start": 1640176063868,
    "end": 1640176063869,
    "duration": 1,
    "pid": 16108,
    "index": 9
  },
  {
    "name": "Require(6) node_modules/egg-watcher/config/config.default.js",
    "start": 1640176063870,
    "end": 1640176063870,
    "duration": 0,
    "pid": 16108,
    "index": 10
  },
  {
    "name": "Require(7) node_modules/egg-schedule/config/config.default.js",
    "start": 1640176063871,
    "end": 1640176063871,
    "duration": 0,
    "pid": 16108,
    "index": 11
  },
  {
    "name": "Require(8) node_modules/egg-multipart/config/config.default.js",
    "start": 1640176063872,
    "end": 1640176063873,
    "duration": 1,
    "pid": 16108,
    "index": 12
  },
  {
    "name": "Require(9) node_modules/egg-development/config/config.default.js",
    "start": 1640176063873,
    "end": 1640176063874,
    "duration": 1,
    "pid": 16108,
    "index": 13
  },
  {
    "name": "Require(10) node_modules/egg-logrotator/config/config.default.js",
    "start": 1640176063875,
    "end": 1640176063875,
    "duration": 0,
    "pid": 16108,
    "index": 14
  },
  {
    "name": "Require(11) node_modules/egg-static/config/config.default.js",
    "start": 1640176063876,
    "end": 1640176063876,
    "duration": 0,
    "pid": 16108,
    "index": 15
  },
  {
    "name": "Require(12) node_modules/egg-view/config/config.default.js",
    "start": 1640176063877,
    "end": 1640176063878,
    "duration": 1,
    "pid": 16108,
    "index": 16
  },
  {
    "name": "Require(13) node_modules/egg-mongoose/config/config.default.js",
    "start": 1640176063878,
    "end": 1640176063879,
    "duration": 1,
    "pid": 16108,
    "index": 17
  },
  {
    "name": "Require(14) node_modules/egg-validate/config/config.default.js",
    "start": 1640176063879,
    "end": 1640176063880,
    "duration": 1,
    "pid": 16108,
    "index": 18
  },
  {
    "name": "Require(15) node_modules/egg/config/config.default.js",
    "start": 1640176063880,
    "end": 1640176063881,
    "duration": 1,
    "pid": 16108,
    "index": 19
  },
  {
    "name": "Require(16) config/config.default.js",
    "start": 1640176063882,
    "end": 1640176063882,
    "duration": 0,
    "pid": 16108,
    "index": 20
  },
  {
    "name": "Require(17) node_modules/egg-security/config/config.local.js",
    "start": 1640176063883,
    "end": 1640176063883,
    "duration": 0,
    "pid": 16108,
    "index": 21
  },
  {
    "name": "Require(18) node_modules/egg-watcher/config/config.local.js",
    "start": 1640176063885,
    "end": 1640176063885,
    "duration": 0,
    "pid": 16108,
    "index": 22
  },
  {
    "name": "Require(19) node_modules/egg-view/config/config.local.js",
    "start": 1640176063887,
    "end": 1640176063888,
    "duration": 1,
    "pid": 16108,
    "index": 23
  },
  {
    "name": "Require(20) node_modules/egg/config/config.local.js",
    "start": 1640176063889,
    "end": 1640176063889,
    "duration": 0,
    "pid": 16108,
    "index": 24
  },
  {
    "name": "Load extend/application.js",
    "start": 1640176063891,
    "end": 1640176064098,
    "duration": 207,
    "pid": 16108,
    "index": 25
  },
  {
    "name": "Require(21) node_modules/egg-session/app/extend/application.js",
    "start": 1640176063892,
    "end": 1640176063920,
    "duration": 28,
    "pid": 16108,
    "index": 26
  },
  {
    "name": "Require(22) node_modules/egg-security/app/extend/application.js",
    "start": 1640176063920,
    "end": 1640176063957,
    "duration": 37,
    "pid": 16108,
    "index": 27
  },
  {
    "name": "Require(23) node_modules/egg-jsonp/app/extend/application.js",
    "start": 1640176063958,
    "end": 1640176064002,
    "duration": 44,
    "pid": 16108,
    "index": 28
  },
  {
    "name": "Require(24) node_modules/egg-logrotator/app/extend/application.js",
    "start": 1640176064005,
    "end": 1640176064025,
    "duration": 20,
    "pid": 16108,
    "index": 29
  },
  {
    "name": "Require(25) node_modules/egg-view/app/extend/application.js",
    "start": 1640176064026,
    "end": 1640176064078,
    "duration": 52,
    "pid": 16108,
    "index": 30
  },
  {
    "name": "Require(26) app/extend/application.js",
    "start": 1640176064080,
    "end": 1640176064088,
    "duration": 8,
    "pid": 16108,
    "index": 31
  },
  {
    "name": "Load extend/request.js",
    "start": 1640176064098,
    "end": 1640176064150,
    "duration": 52,
    "pid": 16108,
    "index": 32
  },
  {
    "name": "Require(27) node_modules/egg/app/extend/request.js",
    "start": 1640176064118,
    "end": 1640176064144,
    "duration": 26,
    "pid": 16108,
    "index": 33
  },
  {
    "name": "Load extend/response.js",
    "start": 1640176064150,
    "end": 1640176064205,
    "duration": 55,
    "pid": 16108,
    "index": 34
  },
  {
    "name": "Require(28) node_modules/egg/app/extend/response.js",
    "start": 1640176064155,
    "end": 1640176064199,
    "duration": 44,
    "pid": 16108,
    "index": 35
  },
  {
    "name": "Load extend/context.js",
    "start": 1640176064205,
    "end": 1640176064313,
    "duration": 108,
    "pid": 16108,
    "index": 36
  },
  {
    "name": "Require(29) node_modules/egg-security/app/extend/context.js",
    "start": 1640176064206,
    "end": 1640176064226,
    "duration": 20,
    "pid": 16108,
    "index": 37
  },
  {
    "name": "Require(30) node_modules/egg-jsonp/app/extend/context.js",
    "start": 1640176064226,
    "end": 1640176064228,
    "duration": 2,
    "pid": 16108,
    "index": 38
  },
  {
    "name": "Require(31) node_modules/egg-i18n/app/extend/context.js",
    "start": 1640176064229,
    "end": 1640176064229,
    "duration": 0,
    "pid": 16108,
    "index": 39
  },
  {
    "name": "Require(32) node_modules/egg-multipart/app/extend/context.js",
    "start": 1640176064231,
    "end": 1640176064297,
    "duration": 66,
    "pid": 16108,
    "index": 40
  },
  {
    "name": "Require(33) node_modules/egg-view/app/extend/context.js",
    "start": 1640176064298,
    "end": 1640176064299,
    "duration": 1,
    "pid": 16108,
    "index": 41
  },
  {
    "name": "Require(34) node_modules/egg-mongoose/app/extend/context.js",
    "start": 1640176064300,
    "end": 1640176064301,
    "duration": 1,
    "pid": 16108,
    "index": 42
  },
  {
    "name": "Require(35) node_modules/egg-validate/app/extend/context.js",
    "start": 1640176064301,
    "end": 1640176064302,
    "duration": 1,
    "pid": 16108,
    "index": 43
  },
  {
    "name": "Require(36) node_modules/egg/app/extend/context.js",
    "start": 1640176064302,
    "end": 1640176064305,
    "duration": 3,
    "pid": 16108,
    "index": 44
  },
  {
    "name": "Load extend/helper.js",
    "start": 1640176064313,
    "end": 1640176064774,
    "duration": 461,
    "pid": 16108,
    "index": 45
  },
  {
    "name": "Require(37) node_modules/egg-security/app/extend/helper.js",
    "start": 1640176064359,
    "end": 1640176064753,
    "duration": 394,
    "pid": 16108,
    "index": 46
  },
  {
    "name": "Require(38) node_modules/egg/app/extend/helper.js",
    "start": 1640176064759,
    "end": 1640176064768,
    "duration": 9,
    "pid": 16108,
    "index": 47
  },
  {
    "name": "Load app.js",
    "start": 1640176064774,
    "end": 1640176076831,
    "duration": 12057,
    "pid": 16108,
    "index": 48
  },
  {
    "name": "Require(39) node_modules/egg-session/app.js",
    "start": 1640176064775,
    "end": 1640176064784,
    "duration": 9,
    "pid": 16108,
    "index": 49
  },
  {
    "name": "Require(40) node_modules/egg-security/app.js",
    "start": 1640176064803,
    "end": 1640176064860,
    "duration": 57,
    "pid": 16108,
    "index": 50
  },
  {
    "name": "Require(41) node_modules/egg-onerror/app.js",
    "start": 1640176064861,
    "end": 1640176065256,
    "duration": 395,
    "pid": 16108,
    "index": 51
  },
  {
    "name": "Require(42) node_modules/egg-i18n/app.js",
    "start": 1640176065296,
    "end": 1640176065538,
    "duration": 242,
    "pid": 16108,
    "index": 52
  },
  {
    "name": "Require(43) node_modules/egg-watcher/app.js",
    "start": 1640176065538,
    "end": 1640176065550,
    "duration": 12,
    "pid": 16108,
    "index": 53
  },
  {
    "name": "Require(44) node_modules/egg-schedule/app.js",
    "start": 1640176065556,
    "end": 1640176065567,
    "duration": 11,
    "pid": 16108,
    "index": 54
  },
  {
    "name": "Require(45) node_modules/egg-multipart/app.js",
    "start": 1640176065588,
    "end": 1640176065612,
    "duration": 24,
    "pid": 16108,
    "index": 55
  },
  {
    "name": "Require(46) node_modules/egg-development/app.js",
    "start": 1640176065613,
    "end": 1640176065621,
    "duration": 8,
    "pid": 16108,
    "index": 56
  },
  {
    "name": "Require(47) node_modules/egg-logrotator/app.js",
    "start": 1640176065631,
    "end": 1640176065641,
    "duration": 10,
    "pid": 16108,
    "index": 57
  },
  {
    "name": "Require(48) node_modules/egg-static/app.js",
    "start": 1640176065642,
    "end": 1640176065649,
    "duration": 7,
    "pid": 16108,
    "index": 58
  },
  {
    "name": "Require(49) node_modules/egg-mongoose/app.js",
    "start": 1640176065666,
    "end": 1640176065674,
    "duration": 8,
    "pid": 16108,
    "index": 59
  },
  {
    "name": "Require(50) node_modules/egg-validate/app.js",
    "start": 1640176065686,
    "end": 1640176065769,
    "duration": 83,
    "pid": 16108,
    "index": 60
  },
  {
    "name": "Require(51) app.js",
    "start": 1640176065770,
    "end": 1640176076831,
    "duration": 11061,
    "pid": 16108,
    "index": 61
  },
  {
    "name": "Before Start in node_modules/egg-watcher/lib/init.js:15:14",
    "start": 1640176076902,
    "end": 1640176081239,
    "duration": 4337,
    "pid": 16108,
    "index": 62
  },
  {
    "name": "Before Start in node_modules/egg-mongoose/lib/mongoose.js:104:7",
    "start": 1640176077001,
    "end": 1640176081235,
    "duration": 4234,
    "pid": 16108,
    "index": 63
  },
  {
    "name": "Before Start in node_modules/egg-mongoose/lib/mongoose.js:52:9",
    "start": 1640176077001,
    "end": 1640176081199,
    "duration": 4198,
    "pid": 16108,
    "index": 64
  },
  {
    "name": "Load Service",
    "start": 1640176077001,
    "end": 1640176077579,
    "duration": 578,
    "pid": 16108,
    "index": 65
  },
  {
    "name": "Load \"service\" to Context",
    "start": 1640176077001,
    "end": 1640176077579,
    "duration": 578,
    "pid": 16108,
    "index": 66
  },
  {
    "name": "Load Middleware",
    "start": 1640176077579,
    "end": 1640176080546,
    "duration": 2967,
    "pid": 16108,
    "index": 67
  },
  {
    "name": "Load \"middlewares\" to Application",
    "start": 1640176077579,
    "end": 1640176080454,
    "duration": 2875,
    "pid": 16108,
    "index": 68
  },
  {
    "name": "Load Controller",
    "start": 1640176080546,
    "end": 1640176081021,
    "duration": 475,
    "pid": 16108,
    "index": 69
  },
  {
    "name": "Load \"controller\" to Application",
    "start": 1640176080546,
    "end": 1640176081021,
    "duration": 475,
    "pid": 16108,
    "index": 70
  },
  {
    "name": "Load Router",
    "start": 1640176081021,
    "end": 1640176081042,
    "duration": 21,
    "pid": 16108,
    "index": 71
  },
  {
    "name": "Require(52) app/router.js",
    "start": 1640176081022,
    "end": 1640176081037,
    "duration": 15,
    "pid": 16108,
    "index": 72
  },
  {
    "name": "Before Start in node_modules/egg-core/lib/egg.js:303:10",
    "start": 1640176081038,
    "end": 1640176081199,
    "duration": 161,
    "pid": 16108,
    "index": 73
  },
  {
    "name": "Load \"model\" to Application",
    "start": 1640176081065,
    "end": 1640176081198,
    "duration": 133,
    "pid": 16108,
    "index": 74
  },
  {
    "name": "Will Ready in app.js:willReady",
    "start": 1640176081239,
    "end": 1640176081243,
    "duration": 4,
    "pid": 16108,
    "index": 75
  }
]