[
  {
    "name": "Process Start",
    "start": 1649862173075,
    "end": 1649862174900,
    "duration": 1825,
    "pid": 16344,
    "index": 0
  },
  {
    "name": "Application Start",
    "start": 1649862174902,
    "end": 1649862183327,
    "duration": 8425,
    "pid": 16344,
    "index": 1
  },
  {
    "name": "Load Plugin",
    "start": 1649862174917,
    "end": 1649862174993,
    "duration": 76,
    "pid": 16344,
    "index": 2
  },
  {
    "name": "Load Config",
    "start": 1649862174993,
    "end": 1649862175046,
    "duration": 53,
    "pid": 16344,
    "index": 3
  },
  {
    "name": "Require(0) config/config.default.js",
    "start": 1649862174995,
    "end": 1649862174996,
    "duration": 1,
    "pid": 16344,
    "index": 4
  },
  {
    "name": "Require(1) node_modules/egg-session/config/config.default.js",
    "start": 1649862174999,
    "end": 1649862175000,
    "duration": 1,
    "pid": 16344,
    "index": 5
  },
  {
    "name": "Require(2) node_modules/egg-security/config/config.default.js",
    "start": 1649862175001,
    "end": 1649862175002,
    "duration": 1,
    "pid": 16344,
    "index": 6
  },
  {
    "name": "Require(3) node_modules/egg-jsonp/config/config.default.js",
    "start": 1649862175005,
    "end": 1649862175006,
    "duration": 1,
    "pid": 16344,
    "index": 7
  },
  {
    "name": "Require(4) node_modules/egg-onerror/config/config.default.js",
    "start": 1649862175007,
    "end": 1649862175009,
    "duration": 2,
    "pid": 16344,
    "index": 8
  },
  {
    "name": "Require(5) node_modules/egg-i18n/config/config.default.js",
    "start": 1649862175010,
    "end": 1649862175011,
    "duration": 1,
    "pid": 16344,
    "index": 9
  },
  {
    "name": "Require(6) node_modules/egg-watcher/config/config.default.js",
    "start": 1649862175013,
    "end": 1649862175014,
    "duration": 1,
    "pid": 16344,
    "index": 10
  },
  {
    "name": "Require(7) node_modules/egg-schedule/config/config.default.js",
    "start": 1649862175015,
    "end": 1649862175016,
    "duration": 1,
    "pid": 16344,
    "index": 11
  },
  {
    "name": "Require(8) node_modules/egg-multipart/config/config.default.js",
    "start": 1649862175018,
    "end": 1649862175019,
    "duration": 1,
    "pid": 16344,
    "index": 12
  },
  {
    "name": "Require(9) node_modules/egg-logrotator/config/config.default.js",
    "start": 1649862175021,
    "end": 1649862175022,
    "duration": 1,
    "pid": 16344,
    "index": 13
  },
  {
    "name": "Require(10) node_modules/egg-static/config/config.default.js",
    "start": 1649862175023,
    "end": 1649862175024,
    "duration": 1,
    "pid": 16344,
    "index": 14
  },
  {
    "name": "Require(11) node_modules/egg-view/config/config.default.js",
    "start": 1649862175025,
    "end": 1649862175026,
    "duration": 1,
    "pid": 16344,
    "index": 15
  },
  {
    "name": "Require(12) node_modules/egg-mongoose/config/config.default.js",
    "start": 1649862175028,
    "end": 1649862175029,
    "duration": 1,
    "pid": 16344,
    "index": 16
  },
  {
    "name": "Require(13) node_modules/egg-validate/config/config.default.js",
    "start": 1649862175030,
    "end": 1649862175031,
    "duration": 1,
    "pid": 16344,
    "index": 17
  },
  {
    "name": "Require(14) node_modules/egg/config/config.default.js",
    "start": 1649862175031,
    "end": 1649862175032,
    "duration": 1,
    "pid": 16344,
    "index": 18
  },
  {
    "name": "Require(15) config/config.default.js",
    "start": 1649862175035,
    "end": 1649862175035,
    "duration": 0,
    "pid": 16344,
    "index": 19
  },
  {
    "name": "Require(16) node_modules/egg-static/config/config.prod.js",
    "start": 1649862175042,
    "end": 1649862175042,
    "duration": 0,
    "pid": 16344,
    "index": 20
  },
  {
    "name": "Load extend/application.js",
    "start": 1649862175049,
    "end": 1649862175101,
    "duration": 52,
    "pid": 16344,
    "index": 21
  },
  {
    "name": "Require(17) node_modules/egg-session/app/extend/application.js",
    "start": 1649862175050,
    "end": 1649862175051,
    "duration": 1,
    "pid": 16344,
    "index": 22
  },
  {
    "name": "Require(18) node_modules/egg-security/app/extend/application.js",
    "start": 1649862175052,
    "end": 1649862175055,
    "duration": 3,
    "pid": 16344,
    "index": 23
  },
  {
    "name": "Require(19) node_modules/egg-jsonp/app/extend/application.js",
    "start": 1649862175056,
    "end": 1649862175060,
    "duration": 4,
    "pid": 16344,
    "index": 24
  },
  {
    "name": "Require(20) node_modules/egg-logrotator/app/extend/application.js",
    "start": 1649862175064,
    "end": 1649862175082,
    "duration": 18,
    "pid": 16344,
    "index": 25
  },
  {
    "name": "Require(21) node_modules/egg-view/app/extend/application.js",
    "start": 1649862175083,
    "end": 1649862175086,
    "duration": 3,
    "pid": 16344,
    "index": 26
  },
  {
    "name": "Require(22) app/extend/application.js",
    "start": 1649862175089,
    "end": 1649862175090,
    "duration": 1,
    "pid": 16344,
    "index": 27
  },
  {
    "name": "Load extend/request.js",
    "start": 1649862175101,
    "end": 1649862175125,
    "duration": 24,
    "pid": 16344,
    "index": 28
  },
  {
    "name": "Require(23) node_modules/egg/app/extend/request.js",
    "start": 1649862175111,
    "end": 1649862175113,
    "duration": 2,
    "pid": 16344,
    "index": 29
  },
  {
    "name": "Load extend/response.js",
    "start": 1649862175125,
    "end": 1649862175151,
    "duration": 26,
    "pid": 16344,
    "index": 30
  },
  {
    "name": "Require(24) node_modules/egg/app/extend/response.js",
    "start": 1649862175136,
    "end": 1649862175141,
    "duration": 5,
    "pid": 16344,
    "index": 31
  },
  {
    "name": "Load extend/context.js",
    "start": 1649862175151,
    "end": 1649862175375,
    "duration": 224,
    "pid": 16344,
    "index": 32
  },
  {
    "name": "Require(25) node_modules/egg-security/app/extend/context.js",
    "start": 1649862175152,
    "end": 1649862175195,
    "duration": 43,
    "pid": 16344,
    "index": 33
  },
  {
    "name": "Require(26) node_modules/egg-jsonp/app/extend/context.js",
    "start": 1649862175199,
    "end": 1649862175202,
    "duration": 3,
    "pid": 16344,
    "index": 34
  },
  {
    "name": "Require(27) node_modules/egg-i18n/app/extend/context.js",
    "start": 1649862175203,
    "end": 1649862175204,
    "duration": 1,
    "pid": 16344,
    "index": 35
  },
  {
    "name": "Require(28) node_modules/egg-multipart/app/extend/context.js",
    "start": 1649862175206,
    "end": 1649862175347,
    "duration": 141,
    "pid": 16344,
    "index": 36
  },
  {
    "name": "Require(29) node_modules/egg-view/app/extend/context.js",
    "start": 1649862175349,
    "end": 1649862175353,
    "duration": 4,
    "pid": 16344,
    "index": 37
  },
  {
    "name": "Require(30) node_modules/egg-mongoose/app/extend/context.js",
    "start": 1649862175354,
    "end": 1649862175355,
    "duration": 1,
    "pid": 16344,
    "index": 38
  },
  {
    "name": "Require(31) node_modules/egg-validate/app/extend/context.js",
    "start": 1649862175356,
    "end": 1649862175356,
    "duration": 0,
    "pid": 16344,
    "index": 39
  },
  {
    "name": "Require(32) node_modules/egg/app/extend/context.js",
    "start": 1649862175357,
    "end": 1649862175365,
    "duration": 8,
    "pid": 16344,
    "index": 40
  },
  {
    "name": "Load extend/helper.js",
    "start": 1649862175375,
    "end": 1649862175435,
    "duration": 60,
    "pid": 16344,
    "index": 41
  },
  {
    "name": "Require(33) node_modules/egg-security/app/extend/helper.js",
    "start": 1649862175377,
    "end": 1649862175417,
    "duration": 40,
    "pid": 16344,
    "index": 42
  },
  {
    "name": "Require(34) node_modules/egg/app/extend/helper.js",
    "start": 1649862175425,
    "end": 1649862175425,
    "duration": 0,
    "pid": 16344,
    "index": 43
  },
  {
    "name": "Load app.js",
    "start": 1649862175435,
    "end": 1649862180258,
    "duration": 4823,
    "pid": 16344,
    "index": 44
  },
  {
    "name": "Require(35) node_modules/egg-session/app.js",
    "start": 1649862175436,
    "end": 1649862175437,
    "duration": 1,
    "pid": 16344,
    "index": 45
  },
  {
    "name": "Require(36) node_modules/egg-security/app.js",
    "start": 1649862175438,
    "end": 1649862175442,
    "duration": 4,
    "pid": 16344,
    "index": 46
  },
  {
    "name": "Require(37) node_modules/egg-onerror/app.js",
    "start": 1649862175444,
    "end": 1649862175468,
    "duration": 24,
    "pid": 16344,
    "index": 47
  },
  {
    "name": "Require(38) node_modules/egg-i18n/app.js",
    "start": 1649862175469,
    "end": 1649862175497,
    "duration": 28,
    "pid": 16344,
    "index": 48
  },
  {
    "name": "Require(39) node_modules/egg-watcher/app.js",
    "start": 1649862175498,
    "end": 1649862175508,
    "duration": 10,
    "pid": 16344,
    "index": 49
  },
  {
    "name": "Require(40) node_modules/egg-schedule/app.js",
    "start": 1649862175509,
    "end": 1649862175515,
    "duration": 6,
    "pid": 16344,
    "index": 50
  },
  {
    "name": "Require(41) node_modules/egg-multipart/app.js",
    "start": 1649862175516,
    "end": 1649862175519,
    "duration": 3,
    "pid": 16344,
    "index": 51
  },
  {
    "name": "Require(42) node_modules/egg-logrotator/app.js",
    "start": 1649862175520,
    "end": 1649862175520,
    "duration": 0,
    "pid": 16344,
    "index": 52
  },
  {
    "name": "Require(43) node_modules/egg-static/app.js",
    "start": 1649862175522,
    "end": 1649862175522,
    "duration": 0,
    "pid": 16344,
    "index": 53
  },
  {
    "name": "Require(44) node_modules/egg-mongoose/app.js",
    "start": 1649862175525,
    "end": 1649862175526,
    "duration": 1,
    "pid": 16344,
    "index": 54
  },
  {
    "name": "Require(45) node_modules/egg-validate/app.js",
    "start": 1649862175527,
    "end": 1649862175530,
    "duration": 3,
    "pid": 16344,
    "index": 55
  },
  {
    "name": "Require(46) app.js",
    "start": 1649862175532,
    "end": 1649862180257,
    "duration": 4725,
    "pid": 16344,
    "index": 56
  },
  {
    "name": "Before Start in node_modules/egg-watcher/lib/init.js:15:14",
    "start": 1649862180324,
    "end": 1649862183303,
    "duration": 2979,
    "pid": 16344,
    "index": 57
  },
  {
    "name": "Before Start in node_modules/egg-mongoose/lib/mongoose.js:104:7",
    "start": 1649862180643,
    "end": 1649862183298,
    "duration": 2655,
    "pid": 16344,
    "index": 58
  },
  {
    "name": "Before Start in node_modules/egg-mongoose/lib/mongoose.js:52:9",
    "start": 1649862180645,
    "end": 1649862183213,
    "duration": 2568,
    "pid": 16344,
    "index": 59
  },
  {
    "name": "Load Service",
    "start": 1649862180646,
    "end": 1649862181061,
    "duration": 415,
    "pid": 16344,
    "index": 60
  },
  {
    "name": "Load \"service\" to Context",
    "start": 1649862180647,
    "end": 1649862181061,
    "duration": 414,
    "pid": 16344,
    "index": 61
  },
  {
    "name": "Load Middleware",
    "start": 1649862181062,
    "end": 1649862182833,
    "duration": 1771,
    "pid": 16344,
    "index": 62
  },
  {
    "name": "Load \"middlewares\" to Application",
    "start": 1649862181062,
    "end": 1649862182750,
    "duration": 1688,
    "pid": 16344,
    "index": 63
  },
  {
    "name": "Load Controller",
    "start": 1649862182833,
    "end": 1649862183076,
    "duration": 243,
    "pid": 16344,
    "index": 64
  },
  {
    "name": "Load \"controller\" to Application",
    "start": 1649862182834,
    "end": 1649862183076,
    "duration": 242,
    "pid": 16344,
    "index": 65
  },
  {
    "name": "Load Router",
    "start": 1649862183076,
    "end": 1649862183083,
    "duration": 7,
    "pid": 16344,
    "index": 66
  },
  {
    "name": "Require(47) app/router.js",
    "start": 1649862183077,
    "end": 1649862183078,
    "duration": 1,
    "pid": 16344,
    "index": 67
  },
  {
    "name": "Before Start in node_modules/egg-core/lib/egg.js:303:10",
    "start": 1649862183079,
    "end": 1649862183213,
    "duration": 134,
    "pid": 16344,
    "index": 68
  },
  {
    "name": "Load \"model\" to Application",
    "start": 1649862183105,
    "end": 1649862183212,
    "duration": 107,
    "pid": 16344,
    "index": 69
  },
  {
    "name": "Will Ready in app.js:willReady",
    "start": 1649862183305,
    "end": 1649862183311,
    "duration": 6,
    "pid": 16344,
    "index": 70
  }
]