[
  {
    "name": "Process Start",
    "start": 1649862173111,
    "end": 1649862174951,
    "duration": 1840,
    "pid": 14748,
    "index": 0
  },
  {
    "name": "Application Start",
    "start": 1649862174953,
    "end": 1649862183319,
    "duration": 8366,
    "pid": 14748,
    "index": 1
  },
  {
    "name": "Load Plugin",
    "start": 1649862174965,
    "end": 1649862175040,
    "duration": 75,
    "pid": 14748,
    "index": 2
  },
  {
    "name": "Load Config",
    "start": 1649862175040,
    "end": 1649862175098,
    "duration": 58,
    "pid": 14748,
    "index": 3
  },
  {
    "name": "Require(0) config/config.default.js",
    "start": 1649862175042,
    "end": 1649862175043,
    "duration": 1,
    "pid": 14748,
    "index": 4
  },
  {
    "name": "Require(1) node_modules/egg-session/config/config.default.js",
    "start": 1649862175046,
    "end": 1649862175047,
    "duration": 1,
    "pid": 14748,
    "index": 5
  },
  {
    "name": "Require(2) node_modules/egg-security/config/config.default.js",
    "start": 1649862175049,
    "end": 1649862175050,
    "duration": 1,
    "pid": 14748,
    "index": 6
  },
  {
    "name": "Require(3) node_modules/egg-jsonp/config/config.default.js",
    "start": 1649862175052,
    "end": 1649862175053,
    "duration": 1,
    "pid": 14748,
    "index": 7
  },
  {
    "name": "Require(4) node_modules/egg-onerror/config/config.default.js",
    "start": 1649862175058,
    "end": 1649862175059,
    "duration": 1,
    "pid": 14748,
    "index": 8
  },
  {
    "name": "Require(5) node_modules/egg-i18n/config/config.default.js",
    "start": 1649862175060,
    "end": 1649862175061,
    "duration": 1,
    "pid": 14748,
    "index": 9
  },
  {
    "name": "Require(6) node_modules/egg-watcher/config/config.default.js",
    "start": 1649862175063,
    "end": 1649862175064,
    "duration": 1,
    "pid": 14748,
    "index": 10
  },
  {
    "name": "Require(7) node_modules/egg-schedule/config/config.default.js",
    "start": 1649862175065,
    "end": 1649862175066,
    "duration": 1,
    "pid": 14748,
    "index": 11
  },
  {
    "name": "Require(8) node_modules/egg-multipart/config/config.default.js",
    "start": 1649862175067,
    "end": 1649862175068,
    "duration": 1,
    "pid": 14748,
    "index": 12
  },
  {
    "name": "Require(9) node_modules/egg-logrotator/config/config.default.js",
    "start": 1649862175070,
    "end": 1649862175071,
    "duration": 1,
    "pid": 14748,
    "index": 13
  },
  {
    "name": "Require(10) node_modules/egg-static/config/config.default.js",
    "start": 1649862175072,
    "end": 1649862175073,
    "duration": 1,
    "pid": 14748,
    "index": 14
  },
  {
    "name": "Require(11) node_modules/egg-view/config/config.default.js",
    "start": 1649862175074,
    "end": 1649862175075,
    "duration": 1,
    "pid": 14748,
    "index": 15
  },
  {
    "name": "Require(12) node_modules/egg-mongoose/config/config.default.js",
    "start": 1649862175076,
    "end": 1649862175077,
    "duration": 1,
    "pid": 14748,
    "index": 16
  },
  {
    "name": "Require(13) node_modules/egg-validate/config/config.default.js",
    "start": 1649862175078,
    "end": 1649862175079,
    "duration": 1,
    "pid": 14748,
    "index": 17
  },
  {
    "name": "Require(14) node_modules/egg/config/config.default.js",
    "start": 1649862175080,
    "end": 1649862175081,
    "duration": 1,
    "pid": 14748,
    "index": 18
  },
  {
    "name": "Require(15) config/config.default.js",
    "start": 1649862175084,
    "end": 1649862175084,
    "duration": 0,
    "pid": 14748,
    "index": 19
  },
  {
    "name": "Require(16) node_modules/egg-static/config/config.prod.js",
    "start": 1649862175094,
    "end": 1649862175094,
    "duration": 0,
    "pid": 14748,
    "index": 20
  },
  {
    "name": "Load extend/application.js",
    "start": 1649862175100,
    "end": 1649862175152,
    "duration": 52,
    "pid": 14748,
    "index": 21
  },
  {
    "name": "Require(17) node_modules/egg-session/app/extend/application.js",
    "start": 1649862175102,
    "end": 1649862175103,
    "duration": 1,
    "pid": 14748,
    "index": 22
  },
  {
    "name": "Require(18) node_modules/egg-security/app/extend/application.js",
    "start": 1649862175104,
    "end": 1649862175107,
    "duration": 3,
    "pid": 14748,
    "index": 23
  },
  {
    "name": "Require(19) node_modules/egg-jsonp/app/extend/application.js",
    "start": 1649862175108,
    "end": 1649862175111,
    "duration": 3,
    "pid": 14748,
    "index": 24
  },
  {
    "name": "Require(20) node_modules/egg-logrotator/app/extend/application.js",
    "start": 1649862175115,
    "end": 1649862175132,
    "duration": 17,
    "pid": 14748,
    "index": 25
  },
  {
    "name": "Require(21) node_modules/egg-view/app/extend/application.js",
    "start": 1649862175136,
    "end": 1649862175139,
    "duration": 3,
    "pid": 14748,
    "index": 26
  },
  {
    "name": "Require(22) app/extend/application.js",
    "start": 1649862175142,
    "end": 1649862175143,
    "duration": 1,
    "pid": 14748,
    "index": 27
  },
  {
    "name": "Load extend/request.js",
    "start": 1649862175152,
    "end": 1649862175175,
    "duration": 23,
    "pid": 14748,
    "index": 28
  },
  {
    "name": "Require(23) node_modules/egg/app/extend/request.js",
    "start": 1649862175161,
    "end": 1649862175163,
    "duration": 2,
    "pid": 14748,
    "index": 29
  },
  {
    "name": "Load extend/response.js",
    "start": 1649862175175,
    "end": 1649862175206,
    "duration": 31,
    "pid": 14748,
    "index": 30
  },
  {
    "name": "Require(24) node_modules/egg/app/extend/response.js",
    "start": 1649862175188,
    "end": 1649862175194,
    "duration": 6,
    "pid": 14748,
    "index": 31
  },
  {
    "name": "Load extend/context.js",
    "start": 1649862175206,
    "end": 1649862175421,
    "duration": 215,
    "pid": 14748,
    "index": 32
  },
  {
    "name": "Require(25) node_modules/egg-security/app/extend/context.js",
    "start": 1649862175207,
    "end": 1649862175255,
    "duration": 48,
    "pid": 14748,
    "index": 33
  },
  {
    "name": "Require(26) node_modules/egg-jsonp/app/extend/context.js",
    "start": 1649862175256,
    "end": 1649862175259,
    "duration": 3,
    "pid": 14748,
    "index": 34
  },
  {
    "name": "Require(27) node_modules/egg-i18n/app/extend/context.js",
    "start": 1649862175260,
    "end": 1649862175261,
    "duration": 1,
    "pid": 14748,
    "index": 35
  },
  {
    "name": "Require(28) node_modules/egg-multipart/app/extend/context.js",
    "start": 1649862175263,
    "end": 1649862175396,
    "duration": 133,
    "pid": 14748,
    "index": 36
  },
  {
    "name": "Require(29) node_modules/egg-view/app/extend/context.js",
    "start": 1649862175398,
    "end": 1649862175400,
    "duration": 2,
    "pid": 14748,
    "index": 37
  },
  {
    "name": "Require(30) node_modules/egg-mongoose/app/extend/context.js",
    "start": 1649862175401,
    "end": 1649862175402,
    "duration": 1,
    "pid": 14748,
    "index": 38
  },
  {
    "name": "Require(31) node_modules/egg-validate/app/extend/context.js",
    "start": 1649862175403,
    "end": 1649862175404,
    "duration": 1,
    "pid": 14748,
    "index": 39
  },
  {
    "name": "Require(32) node_modules/egg/app/extend/context.js",
    "start": 1649862175404,
    "end": 1649862175412,
    "duration": 8,
    "pid": 14748,
    "index": 40
  },
  {
    "name": "Load extend/helper.js",
    "start": 1649862175421,
    "end": 1649862175491,
    "duration": 70,
    "pid": 14748,
    "index": 41
  },
  {
    "name": "Require(33) node_modules/egg-security/app/extend/helper.js",
    "start": 1649862175423,
    "end": 1649862175465,
    "duration": 42,
    "pid": 14748,
    "index": 42
  },
  {
    "name": "Require(34) node_modules/egg/app/extend/helper.js",
    "start": 1649862175474,
    "end": 1649862175475,
    "duration": 1,
    "pid": 14748,
    "index": 43
  },
  {
    "name": "Load app.js",
    "start": 1649862175491,
    "end": 1649862180256,
    "duration": 4765,
    "pid": 14748,
    "index": 44
  },
  {
    "name": "Require(35) node_modules/egg-session/app.js",
    "start": 1649862175492,
    "end": 1649862175493,
    "duration": 1,
    "pid": 14748,
    "index": 45
  },
  {
    "name": "Require(36) node_modules/egg-security/app.js",
    "start": 1649862175494,
    "end": 1649862175498,
    "duration": 4,
    "pid": 14748,
    "index": 46
  },
  {
    "name": "Require(37) node_modules/egg-onerror/app.js",
    "start": 1649862175500,
    "end": 1649862175521,
    "duration": 21,
    "pid": 14748,
    "index": 47
  },
  {
    "name": "Require(38) node_modules/egg-i18n/app.js",
    "start": 1649862175522,
    "end": 1649862175546,
    "duration": 24,
    "pid": 14748,
    "index": 48
  },
  {
    "name": "Require(39) node_modules/egg-watcher/app.js",
    "start": 1649862175547,
    "end": 1649862175556,
    "duration": 9,
    "pid": 14748,
    "index": 49
  },
  {
    "name": "Require(40) node_modules/egg-schedule/app.js",
    "start": 1649862175557,
    "end": 1649862175564,
    "duration": 7,
    "pid": 14748,
    "index": 50
  },
  {
    "name": "Require(41) node_modules/egg-multipart/app.js",
    "start": 1649862175565,
    "end": 1649862175567,
    "duration": 2,
    "pid": 14748,
    "index": 51
  },
  {
    "name": "Require(42) node_modules/egg-logrotator/app.js",
    "start": 1649862175570,
    "end": 1649862175570,
    "duration": 0,
    "pid": 14748,
    "index": 52
  },
  {
    "name": "Require(43) node_modules/egg-static/app.js",
    "start": 1649862175571,
    "end": 1649862175571,
    "duration": 0,
    "pid": 14748,
    "index": 53
  },
  {
    "name": "Require(44) node_modules/egg-mongoose/app.js",
    "start": 1649862175573,
    "end": 1649862175574,
    "duration": 1,
    "pid": 14748,
    "index": 54
  },
  {
    "name": "Require(45) node_modules/egg-validate/app.js",
    "start": 1649862175575,
    "end": 1649862175580,
    "duration": 5,
    "pid": 14748,
    "index": 55
  },
  {
    "name": "Require(46) app.js",
    "start": 1649862175582,
    "end": 1649862180256,
    "duration": 4674,
    "pid": 14748,
    "index": 56
  },
  {
    "name": "Before Start in node_modules/egg-watcher/lib/init.js:15:14",
    "start": 1649862180323,
    "end": 1649862183284,
    "duration": 2961,
    "pid": 14748,
    "index": 57
  },
  {
    "name": "Before Start in node_modules/egg-mongoose/lib/mongoose.js:104:7",
    "start": 1649862180607,
    "end": 1649862183258,
    "duration": 2651,
    "pid": 14748,
    "index": 58
  },
  {
    "name": "Before Start in node_modules/egg-mongoose/lib/mongoose.js:52:9",
    "start": 1649862180609,
    "end": 1649862183194,
    "duration": 2585,
    "pid": 14748,
    "index": 59
  },
  {
    "name": "Load Service",
    "start": 1649862180610,
    "end": 1649862181060,
    "duration": 450,
    "pid": 14748,
    "index": 60
  },
  {
    "name": "Load \"service\" to Context",
    "start": 1649862180611,
    "end": 1649862181060,
    "duration": 449,
    "pid": 14748,
    "index": 61
  },
  {
    "name": "Load Middleware",
    "start": 1649862181061,
    "end": 1649862182837,
    "duration": 1776,
    "pid": 14748,
    "index": 62
  },
  {
    "name": "Load \"middlewares\" to Application",
    "start": 1649862181061,
    "end": 1649862182755,
    "duration": 1694,
    "pid": 14748,
    "index": 63
  },
  {
    "name": "Load Controller",
    "start": 1649862182837,
    "end": 1649862183083,
    "duration": 246,
    "pid": 14748,
    "index": 64
  },
  {
    "name": "Load \"controller\" to Application",
    "start": 1649862182837,
    "end": 1649862183083,
    "duration": 246,
    "pid": 14748,
    "index": 65
  },
  {
    "name": "Load Router",
    "start": 1649862183083,
    "end": 1649862183089,
    "duration": 6,
    "pid": 14748,
    "index": 66
  },
  {
    "name": "Require(47) app/router.js",
    "start": 1649862183084,
    "end": 1649862183084,
    "duration": 0,
    "pid": 14748,
    "index": 67
  },
  {
    "name": "Before Start in node_modules/egg-core/lib/egg.js:303:10",
    "start": 1649862183085,
    "end": 1649862183194,
    "duration": 109,
    "pid": 14748,
    "index": 68
  },
  {
    "name": "Load \"model\" to Application",
    "start": 1649862183132,
    "end": 1649862183193,
    "duration": 61,
    "pid": 14748,
    "index": 69
  },
  {
    "name": "Will Ready in app.js:willReady",
    "start": 1649862183287,
    "end": 1649862183296,
    "duration": 9,
    "pid": 14748,
    "index": 70
  }
]