[
  {
    "name": "Process Start",
    "start": 1649904248299,
    "end": 1649904250502,
    "duration": 2203,
    "pid": 2812,
    "index": 0
  },
  {
    "name": "Application Start",
    "start": 1649904250505,
    "end": 1649904271187,
    "duration": 20682,
    "pid": 2812,
    "index": 1
  },
  {
    "name": "Load Plugin",
    "start": 1649904250517,
    "end": 1649904250637,
    "duration": 120,
    "pid": 2812,
    "index": 2
  },
  {
    "name": "Load Config",
    "start": 1649904250637,
    "end": 1649904250762,
    "duration": 125,
    "pid": 2812,
    "index": 3
  },
  {
    "name": "Require(0) config/config.default.js",
    "start": 1649904250639,
    "end": 1649904250640,
    "duration": 1,
    "pid": 2812,
    "index": 4
  },
  {
    "name": "Require(1) node_modules/egg-session/config/config.default.js",
    "start": 1649904250643,
    "end": 1649904250644,
    "duration": 1,
    "pid": 2812,
    "index": 5
  },
  {
    "name": "Require(2) node_modules/egg-security/config/config.default.js",
    "start": 1649904250645,
    "end": 1649904250647,
    "duration": 2,
    "pid": 2812,
    "index": 6
  },
  {
    "name": "Require(3) node_modules/egg-jsonp/config/config.default.js",
    "start": 1649904250649,
    "end": 1649904250651,
    "duration": 2,
    "pid": 2812,
    "index": 7
  },
  {
    "name": "Require(4) node_modules/egg-onerror/config/config.default.js",
    "start": 1649904250652,
    "end": 1649904250653,
    "duration": 1,
    "pid": 2812,
    "index": 8
  },
  {
    "name": "Require(5) node_modules/egg-i18n/config/config.default.js",
    "start": 1649904250654,
    "end": 1649904250655,
    "duration": 1,
    "pid": 2812,
    "index": 9
  },
  {
    "name": "Require(6) node_modules/egg-watcher/config/config.default.js",
    "start": 1649904250657,
    "end": 1649904250658,
    "duration": 1,
    "pid": 2812,
    "index": 10
  },
  {
    "name": "Require(7) node_modules/egg-schedule/config/config.default.js",
    "start": 1649904250692,
    "end": 1649904250694,
    "duration": 2,
    "pid": 2812,
    "index": 11
  },
  {
    "name": "Require(8) node_modules/egg-multipart/config/config.default.js",
    "start": 1649904250695,
    "end": 1649904250696,
    "duration": 1,
    "pid": 2812,
    "index": 12
  },
  {
    "name": "Require(9) node_modules/egg-logrotator/config/config.default.js",
    "start": 1649904250698,
    "end": 1649904250700,
    "duration": 2,
    "pid": 2812,
    "index": 13
  },
  {
    "name": "Require(10) node_modules/egg-static/config/config.default.js",
    "start": 1649904250701,
    "end": 1649904250702,
    "duration": 1,
    "pid": 2812,
    "index": 14
  },
  {
    "name": "Require(11) node_modules/egg-view/config/config.default.js",
    "start": 1649904250705,
    "end": 1649904250707,
    "duration": 2,
    "pid": 2812,
    "index": 15
  },
  {
    "name": "Require(12) node_modules/egg-mongoose/config/config.default.js",
    "start": 1649904250711,
    "end": 1649904250712,
    "duration": 1,
    "pid": 2812,
    "index": 16
  },
  {
    "name": "Require(13) node_modules/egg-validate/config/config.default.js",
    "start": 1649904250714,
    "end": 1649904250715,
    "duration": 1,
    "pid": 2812,
    "index": 17
  },
  {
    "name": "Require(14) node_modules/egg/config/config.default.js",
    "start": 1649904250716,
    "end": 1649904250717,
    "duration": 1,
    "pid": 2812,
    "index": 18
  },
  {
    "name": "Require(15) config/config.default.js",
    "start": 1649904250723,
    "end": 1649904250723,
    "duration": 0,
    "pid": 2812,
    "index": 19
  },
  {
    "name": "Require(16) node_modules/egg-static/config/config.prod.js",
    "start": 1649904250733,
    "end": 1649904250758,
    "duration": 25,
    "pid": 2812,
    "index": 20
  },
  {
    "name": "Load extend/application.js",
    "start": 1649904250764,
    "end": 1649904251065,
    "duration": 301,
    "pid": 2812,
    "index": 21
  },
  {
    "name": "Require(17) node_modules/egg-session/app/extend/application.js",
    "start": 1649904250766,
    "end": 1649904250862,
    "duration": 96,
    "pid": 2812,
    "index": 22
  },
  {
    "name": "Require(18) node_modules/egg-security/app/extend/application.js",
    "start": 1649904250863,
    "end": 1649904250923,
    "duration": 60,
    "pid": 2812,
    "index": 23
  },
  {
    "name": "Require(19) node_modules/egg-jsonp/app/extend/application.js",
    "start": 1649904250935,
    "end": 1649904250974,
    "duration": 39,
    "pid": 2812,
    "index": 24
  },
  {
    "name": "Require(20) node_modules/egg-logrotator/app/extend/application.js",
    "start": 1649904250990,
    "end": 1649904251016,
    "duration": 26,
    "pid": 2812,
    "index": 25
  },
  {
    "name": "Require(21) node_modules/egg-view/app/extend/application.js",
    "start": 1649904251020,
    "end": 1649904251049,
    "duration": 29,
    "pid": 2812,
    "index": 26
  },
  {
    "name": "Require(22) app/extend/application.js",
    "start": 1649904251054,
    "end": 1649904251056,
    "duration": 2,
    "pid": 2812,
    "index": 27
  },
  {
    "name": "Load extend/request.js",
    "start": 1649904251065,
    "end": 1649904251126,
    "duration": 61,
    "pid": 2812,
    "index": 28
  },
  {
    "name": "Require(23) node_modules/egg/app/extend/request.js",
    "start": 1649904251096,
    "end": 1649904251112,
    "duration": 16,
    "pid": 2812,
    "index": 29
  },
  {
    "name": "Load extend/response.js",
    "start": 1649904251126,
    "end": 1649904251200,
    "duration": 74,
    "pid": 2812,
    "index": 30
  },
  {
    "name": "Require(24) node_modules/egg/app/extend/response.js",
    "start": 1649904251140,
    "end": 1649904251186,
    "duration": 46,
    "pid": 2812,
    "index": 31
  },
  {
    "name": "Load extend/context.js",
    "start": 1649904251200,
    "end": 1649904251496,
    "duration": 296,
    "pid": 2812,
    "index": 32
  },
  {
    "name": "Require(25) node_modules/egg-security/app/extend/context.js",
    "start": 1649904251202,
    "end": 1649904251259,
    "duration": 57,
    "pid": 2812,
    "index": 33
  },
  {
    "name": "Require(26) node_modules/egg-jsonp/app/extend/context.js",
    "start": 1649904251259,
    "end": 1649904251262,
    "duration": 3,
    "pid": 2812,
    "index": 34
  },
  {
    "name": "Require(27) node_modules/egg-i18n/app/extend/context.js",
    "start": 1649904251264,
    "end": 1649904251265,
    "duration": 1,
    "pid": 2812,
    "index": 35
  },
  {
    "name": "Require(28) node_modules/egg-multipart/app/extend/context.js",
    "start": 1649904251268,
    "end": 1649904251464,
    "duration": 196,
    "pid": 2812,
    "index": 36
  },
  {
    "name": "Require(29) node_modules/egg-view/app/extend/context.js",
    "start": 1649904251466,
    "end": 1649904251469,
    "duration": 3,
    "pid": 2812,
    "index": 37
  },
  {
    "name": "Require(30) node_modules/egg-mongoose/app/extend/context.js",
    "start": 1649904251472,
    "end": 1649904251473,
    "duration": 1,
    "pid": 2812,
    "index": 38
  },
  {
    "name": "Require(31) node_modules/egg-validate/app/extend/context.js",
    "start": 1649904251475,
    "end": 1649904251475,
    "duration": 0,
    "pid": 2812,
    "index": 39
  },
  {
    "name": "Require(32) node_modules/egg/app/extend/context.js",
    "start": 1649904251477,
    "end": 1649904251482,
    "duration": 5,
    "pid": 2812,
    "index": 40
  },
  {
    "name": "Load extend/helper.js",
    "start": 1649904251496,
    "end": 1649904252078,
    "duration": 582,
    "pid": 2812,
    "index": 41
  },
  {
    "name": "Require(33) node_modules/egg-security/app/extend/helper.js",
    "start": 1649904251497,
    "end": 1649904252003,
    "duration": 506,
    "pid": 2812,
    "index": 42
  },
  {
    "name": "Require(34) node_modules/egg/app/extend/helper.js",
    "start": 1649904252058,
    "end": 1649904252065,
    "duration": 7,
    "pid": 2812,
    "index": 43
  },
  {
    "name": "Load app.js",
    "start": 1649904252079,
    "end": 1649904266374,
    "duration": 14295,
    "pid": 2812,
    "index": 44
  },
  {
    "name": "Require(35) node_modules/egg-session/app.js",
    "start": 1649904252080,
    "end": 1649904252129,
    "duration": 49,
    "pid": 2812,
    "index": 45
  },
  {
    "name": "Require(36) node_modules/egg-security/app.js",
    "start": 1649904252131,
    "end": 1649904252221,
    "duration": 90,
    "pid": 2812,
    "index": 46
  },
  {
    "name": "Require(37) node_modules/egg-onerror/app.js",
    "start": 1649904252241,
    "end": 1649904252557,
    "duration": 316,
    "pid": 2812,
    "index": 47
  },
  {
    "name": "Require(38) node_modules/egg-i18n/app.js",
    "start": 1649904252559,
    "end": 1649904252872,
    "duration": 313,
    "pid": 2812,
    "index": 48
  },
  {
    "name": "Require(39) node_modules/egg-watcher/app.js",
    "start": 1649904252874,
    "end": 1649904252889,
    "duration": 15,
    "pid": 2812,
    "index": 49
  },
  {
    "name": "Require(40) node_modules/egg-schedule/app.js",
    "start": 1649904252898,
    "end": 1649904252919,
    "duration": 21,
    "pid": 2812,
    "index": 50
  },
  {
    "name": "Require(41) node_modules/egg-multipart/app.js",
    "start": 1649904252920,
    "end": 1649904252930,
    "duration": 10,
    "pid": 2812,
    "index": 51
  },
  {
    "name": "Require(42) node_modules/egg-logrotator/app.js",
    "start": 1649904252932,
    "end": 1649904252939,
    "duration": 7,
    "pid": 2812,
    "index": 52
  },
  {
    "name": "Require(43) node_modules/egg-static/app.js",
    "start": 1649904252940,
    "end": 1649904252947,
    "duration": 7,
    "pid": 2812,
    "index": 53
  },
  {
    "name": "Require(44) node_modules/egg-mongoose/app.js",
    "start": 1649904252951,
    "end": 1649904252958,
    "duration": 7,
    "pid": 2812,
    "index": 54
  },
  {
    "name": "Require(45) node_modules/egg-validate/app.js",
    "start": 1649904252959,
    "end": 1649904253085,
    "duration": 126,
    "pid": 2812,
    "index": 55
  },
  {
    "name": "Require(46) app.js",
    "start": 1649904253095,
    "end": 1649904266374,
    "duration": 13279,
    "pid": 2812,
    "index": 56
  },
  {
    "name": "Before Start in node_modules/egg-watcher/lib/init.js:15:14",
    "start": 1649904266424,
    "end": 1649904271162,
    "duration": 4738,
    "pid": 2812,
    "index": 57
  },
  {
    "name": "Before Start in node_modules/egg-mongoose/lib/mongoose.js:104:7",
    "start": 1649904266622,
    "end": 1649904271155,
    "duration": 4533,
    "pid": 2812,
    "index": 58
  },
  {
    "name": "Before Start in node_modules/egg-mongoose/lib/mongoose.js:52:9",
    "start": 1649904266622,
    "end": 1649904271101,
    "duration": 4479,
    "pid": 2812,
    "index": 59
  },
  {
    "name": "Load Service",
    "start": 1649904266623,
    "end": 1649904266897,
    "duration": 274,
    "pid": 2812,
    "index": 60
  },
  {
    "name": "Load \"service\" to Context",
    "start": 1649904266623,
    "end": 1649904266897,
    "duration": 274,
    "pid": 2812,
    "index": 61
  },
  {
    "name": "Load Middleware",
    "start": 1649904266897,
    "end": 1649904270460,
    "duration": 3563,
    "pid": 2812,
    "index": 62
  },
  {
    "name": "Load \"middlewares\" to Application",
    "start": 1649904266897,
    "end": 1649904270416,
    "duration": 3519,
    "pid": 2812,
    "index": 63
  },
  {
    "name": "Load Controller",
    "start": 1649904270461,
    "end": 1649904270923,
    "duration": 462,
    "pid": 2812,
    "index": 64
  },
  {
    "name": "Load \"controller\" to Application",
    "start": 1649904270461,
    "end": 1649904270923,
    "duration": 462,
    "pid": 2812,
    "index": 65
  },
  {
    "name": "Load Router",
    "start": 1649904270923,
    "end": 1649904270934,
    "duration": 11,
    "pid": 2812,
    "index": 66
  },
  {
    "name": "Require(47) app/router.js",
    "start": 1649904270926,
    "end": 1649904270926,
    "duration": 0,
    "pid": 2812,
    "index": 67
  },
  {
    "name": "Before Start in node_modules/egg-core/lib/egg.js:303:10",
    "start": 1649904270928,
    "end": 1649904271101,
    "duration": 173,
    "pid": 2812,
    "index": 68
  },
  {
    "name": "Load \"model\" to Application",
    "start": 1649904271016,
    "end": 1649904271100,
    "duration": 84,
    "pid": 2812,
    "index": 69
  },
  {
    "name": "Will Ready in app.js:willReady",
    "start": 1649904271164,
    "end": 1649904271171,
    "duration": 7,
    "pid": 2812,
    "index": 70
  }
]