[
  {
    "name": "Process Start",
    "start": 1649862173191,
    "end": 1649862175050,
    "duration": 1859,
    "pid": 4556,
    "index": 0
  },
  {
    "name": "Application Start",
    "start": 1649862175053,
    "end": 1649862183281,
    "duration": 8228,
    "pid": 4556,
    "index": 1
  },
  {
    "name": "Load Plugin",
    "start": 1649862175063,
    "end": 1649862175139,
    "duration": 76,
    "pid": 4556,
    "index": 2
  },
  {
    "name": "Load Config",
    "start": 1649862175139,
    "end": 1649862175192,
    "duration": 53,
    "pid": 4556,
    "index": 3
  },
  {
    "name": "Require(0) config/config.default.js",
    "start": 1649862175140,
    "end": 1649862175141,
    "duration": 1,
    "pid": 4556,
    "index": 4
  },
  {
    "name": "Require(1) node_modules/egg-session/config/config.default.js",
    "start": 1649862175144,
    "end": 1649862175146,
    "duration": 2,
    "pid": 4556,
    "index": 5
  },
  {
    "name": "Require(2) node_modules/egg-security/config/config.default.js",
    "start": 1649862175147,
    "end": 1649862175148,
    "duration": 1,
    "pid": 4556,
    "index": 6
  },
  {
    "name": "Require(3) node_modules/egg-jsonp/config/config.default.js",
    "start": 1649862175150,
    "end": 1649862175151,
    "duration": 1,
    "pid": 4556,
    "index": 7
  },
  {
    "name": "Require(4) node_modules/egg-onerror/config/config.default.js",
    "start": 1649862175152,
    "end": 1649862175154,
    "duration": 2,
    "pid": 4556,
    "index": 8
  },
  {
    "name": "Require(5) node_modules/egg-i18n/config/config.default.js",
    "start": 1649862175155,
    "end": 1649862175156,
    "duration": 1,
    "pid": 4556,
    "index": 9
  },
  {
    "name": "Require(6) node_modules/egg-watcher/config/config.default.js",
    "start": 1649862175158,
    "end": 1649862175159,
    "duration": 1,
    "pid": 4556,
    "index": 10
  },
  {
    "name": "Require(7) node_modules/egg-schedule/config/config.default.js",
    "start": 1649862175160,
    "end": 1649862175161,
    "duration": 1,
    "pid": 4556,
    "index": 11
  },
  {
    "name": "Require(8) node_modules/egg-multipart/config/config.default.js",
    "start": 1649862175162,
    "end": 1649862175163,
    "duration": 1,
    "pid": 4556,
    "index": 12
  },
  {
    "name": "Require(9) node_modules/egg-logrotator/config/config.default.js",
    "start": 1649862175165,
    "end": 1649862175166,
    "duration": 1,
    "pid": 4556,
    "index": 13
  },
  {
    "name": "Require(10) node_modules/egg-static/config/config.default.js",
    "start": 1649862175167,
    "end": 1649862175168,
    "duration": 1,
    "pid": 4556,
    "index": 14
  },
  {
    "name": "Require(11) node_modules/egg-view/config/config.default.js",
    "start": 1649862175169,
    "end": 1649862175170,
    "duration": 1,
    "pid": 4556,
    "index": 15
  },
  {
    "name": "Require(12) node_modules/egg-mongoose/config/config.default.js",
    "start": 1649862175172,
    "end": 1649862175173,
    "duration": 1,
    "pid": 4556,
    "index": 16
  },
  {
    "name": "Require(13) node_modules/egg-validate/config/config.default.js",
    "start": 1649862175174,
    "end": 1649862175175,
    "duration": 1,
    "pid": 4556,
    "index": 17
  },
  {
    "name": "Require(14) node_modules/egg/config/config.default.js",
    "start": 1649862175176,
    "end": 1649862175177,
    "duration": 1,
    "pid": 4556,
    "index": 18
  },
  {
    "name": "Require(15) config/config.default.js",
    "start": 1649862175179,
    "end": 1649862175179,
    "duration": 0,
    "pid": 4556,
    "index": 19
  },
  {
    "name": "Require(16) node_modules/egg-static/config/config.prod.js",
    "start": 1649862175186,
    "end": 1649862175186,
    "duration": 0,
    "pid": 4556,
    "index": 20
  },
  {
    "name": "Load extend/application.js",
    "start": 1649862175196,
    "end": 1649862175252,
    "duration": 56,
    "pid": 4556,
    "index": 21
  },
  {
    "name": "Require(17) node_modules/egg-session/app/extend/application.js",
    "start": 1649862175198,
    "end": 1649862175201,
    "duration": 3,
    "pid": 4556,
    "index": 22
  },
  {
    "name": "Require(18) node_modules/egg-security/app/extend/application.js",
    "start": 1649862175203,
    "end": 1649862175208,
    "duration": 5,
    "pid": 4556,
    "index": 23
  },
  {
    "name": "Require(19) node_modules/egg-jsonp/app/extend/application.js",
    "start": 1649862175209,
    "end": 1649862175213,
    "duration": 4,
    "pid": 4556,
    "index": 24
  },
  {
    "name": "Require(20) node_modules/egg-logrotator/app/extend/application.js",
    "start": 1649862175217,
    "end": 1649862175235,
    "duration": 18,
    "pid": 4556,
    "index": 25
  },
  {
    "name": "Require(21) node_modules/egg-view/app/extend/application.js",
    "start": 1649862175236,
    "end": 1649862175239,
    "duration": 3,
    "pid": 4556,
    "index": 26
  },
  {
    "name": "Require(22) app/extend/application.js",
    "start": 1649862175242,
    "end": 1649862175243,
    "duration": 1,
    "pid": 4556,
    "index": 27
  },
  {
    "name": "Load extend/request.js",
    "start": 1649862175253,
    "end": 1649862175276,
    "duration": 23,
    "pid": 4556,
    "index": 28
  },
  {
    "name": "Require(23) node_modules/egg/app/extend/request.js",
    "start": 1649862175262,
    "end": 1649862175265,
    "duration": 3,
    "pid": 4556,
    "index": 29
  },
  {
    "name": "Load extend/response.js",
    "start": 1649862175276,
    "end": 1649862175301,
    "duration": 25,
    "pid": 4556,
    "index": 30
  },
  {
    "name": "Require(24) node_modules/egg/app/extend/response.js",
    "start": 1649862175285,
    "end": 1649862175291,
    "duration": 6,
    "pid": 4556,
    "index": 31
  },
  {
    "name": "Load extend/context.js",
    "start": 1649862175301,
    "end": 1649862175534,
    "duration": 233,
    "pid": 4556,
    "index": 32
  },
  {
    "name": "Require(25) node_modules/egg-security/app/extend/context.js",
    "start": 1649862175303,
    "end": 1649862175347,
    "duration": 44,
    "pid": 4556,
    "index": 33
  },
  {
    "name": "Require(26) node_modules/egg-jsonp/app/extend/context.js",
    "start": 1649862175349,
    "end": 1649862175353,
    "duration": 4,
    "pid": 4556,
    "index": 34
  },
  {
    "name": "Require(27) node_modules/egg-i18n/app/extend/context.js",
    "start": 1649862175356,
    "end": 1649862175356,
    "duration": 0,
    "pid": 4556,
    "index": 35
  },
  {
    "name": "Require(28) node_modules/egg-multipart/app/extend/context.js",
    "start": 1649862175359,
    "end": 1649862175511,
    "duration": 152,
    "pid": 4556,
    "index": 36
  },
  {
    "name": "Require(29) node_modules/egg-view/app/extend/context.js",
    "start": 1649862175512,
    "end": 1649862175514,
    "duration": 2,
    "pid": 4556,
    "index": 37
  },
  {
    "name": "Require(30) node_modules/egg-mongoose/app/extend/context.js",
    "start": 1649862175516,
    "end": 1649862175517,
    "duration": 1,
    "pid": 4556,
    "index": 38
  },
  {
    "name": "Require(31) node_modules/egg-validate/app/extend/context.js",
    "start": 1649862175518,
    "end": 1649862175519,
    "duration": 1,
    "pid": 4556,
    "index": 39
  },
  {
    "name": "Require(32) node_modules/egg/app/extend/context.js",
    "start": 1649862175520,
    "end": 1649862175525,
    "duration": 5,
    "pid": 4556,
    "index": 40
  },
  {
    "name": "Load extend/helper.js",
    "start": 1649862175534,
    "end": 1649862175591,
    "duration": 57,
    "pid": 4556,
    "index": 41
  },
  {
    "name": "Require(33) node_modules/egg-security/app/extend/helper.js",
    "start": 1649862175535,
    "end": 1649862175574,
    "duration": 39,
    "pid": 4556,
    "index": 42
  },
  {
    "name": "Require(34) node_modules/egg/app/extend/helper.js",
    "start": 1649862175581,
    "end": 1649862175582,
    "duration": 1,
    "pid": 4556,
    "index": 43
  },
  {
    "name": "Load app.js",
    "start": 1649862175592,
    "end": 1649862180256,
    "duration": 4664,
    "pid": 4556,
    "index": 44
  },
  {
    "name": "Require(35) node_modules/egg-session/app.js",
    "start": 1649862175593,
    "end": 1649862175593,
    "duration": 0,
    "pid": 4556,
    "index": 45
  },
  {
    "name": "Require(36) node_modules/egg-security/app.js",
    "start": 1649862175594,
    "end": 1649862175599,
    "duration": 5,
    "pid": 4556,
    "index": 46
  },
  {
    "name": "Require(37) node_modules/egg-onerror/app.js",
    "start": 1649862175601,
    "end": 1649862175627,
    "duration": 26,
    "pid": 4556,
    "index": 47
  },
  {
    "name": "Require(38) node_modules/egg-i18n/app.js",
    "start": 1649862175628,
    "end": 1649862175656,
    "duration": 28,
    "pid": 4556,
    "index": 48
  },
  {
    "name": "Require(39) node_modules/egg-watcher/app.js",
    "start": 1649862175658,
    "end": 1649862175671,
    "duration": 13,
    "pid": 4556,
    "index": 49
  },
  {
    "name": "Require(40) node_modules/egg-schedule/app.js",
    "start": 1649862175672,
    "end": 1649862175676,
    "duration": 4,
    "pid": 4556,
    "index": 50
  },
  {
    "name": "Require(41) node_modules/egg-multipart/app.js",
    "start": 1649862175677,
    "end": 1649862175679,
    "duration": 2,
    "pid": 4556,
    "index": 51
  },
  {
    "name": "Require(42) node_modules/egg-logrotator/app.js",
    "start": 1649862175680,
    "end": 1649862175681,
    "duration": 1,
    "pid": 4556,
    "index": 52
  },
  {
    "name": "Require(43) node_modules/egg-static/app.js",
    "start": 1649862175682,
    "end": 1649862175682,
    "duration": 0,
    "pid": 4556,
    "index": 53
  },
  {
    "name": "Require(44) node_modules/egg-mongoose/app.js",
    "start": 1649862175713,
    "end": 1649862175714,
    "duration": 1,
    "pid": 4556,
    "index": 54
  },
  {
    "name": "Require(45) node_modules/egg-validate/app.js",
    "start": 1649862175715,
    "end": 1649862175720,
    "duration": 5,
    "pid": 4556,
    "index": 55
  },
  {
    "name": "Require(46) app.js",
    "start": 1649862175722,
    "end": 1649862180256,
    "duration": 4534,
    "pid": 4556,
    "index": 56
  },
  {
    "name": "Before Start in node_modules/egg-watcher/lib/init.js:15:14",
    "start": 1649862180326,
    "end": 1649862183261,
    "duration": 2935,
    "pid": 4556,
    "index": 57
  },
  {
    "name": "Before Start in node_modules/egg-mongoose/lib/mongoose.js:104:7",
    "start": 1649862180627,
    "end": 1649862183256,
    "duration": 2629,
    "pid": 4556,
    "index": 58
  },
  {
    "name": "Before Start in node_modules/egg-mongoose/lib/mongoose.js:52:9",
    "start": 1649862180629,
    "end": 1649862183207,
    "duration": 2578,
    "pid": 4556,
    "index": 59
  },
  {
    "name": "Load Service",
    "start": 1649862180630,
    "end": 1649862181063,
    "duration": 433,
    "pid": 4556,
    "index": 60
  },
  {
    "name": "Load \"service\" to Context",
    "start": 1649862180631,
    "end": 1649862181063,
    "duration": 432,
    "pid": 4556,
    "index": 61
  },
  {
    "name": "Load Middleware",
    "start": 1649862181064,
    "end": 1649862182837,
    "duration": 1773,
    "pid": 4556,
    "index": 62
  },
  {
    "name": "Load \"middlewares\" to Application",
    "start": 1649862181064,
    "end": 1649862182749,
    "duration": 1685,
    "pid": 4556,
    "index": 63
  },
  {
    "name": "Load Controller",
    "start": 1649862182837,
    "end": 1649862183076,
    "duration": 239,
    "pid": 4556,
    "index": 64
  },
  {
    "name": "Load \"controller\" to Application",
    "start": 1649862182837,
    "end": 1649862183076,
    "duration": 239,
    "pid": 4556,
    "index": 65
  },
  {
    "name": "Load Router",
    "start": 1649862183076,
    "end": 1649862183083,
    "duration": 7,
    "pid": 4556,
    "index": 66
  },
  {
    "name": "Require(47) app/router.js",
    "start": 1649862183077,
    "end": 1649862183078,
    "duration": 1,
    "pid": 4556,
    "index": 67
  },
  {
    "name": "Before Start in node_modules/egg-core/lib/egg.js:303:10",
    "start": 1649862183079,
    "end": 1649862183207,
    "duration": 128,
    "pid": 4556,
    "index": 68
  },
  {
    "name": "Load \"model\" to Application",
    "start": 1649862183129,
    "end": 1649862183206,
    "duration": 77,
    "pid": 4556,
    "index": 69
  },
  {
    "name": "Will Ready in app.js:willReady",
    "start": 1649862183261,
    "end": 1649862183267,
    "duration": 6,
    "pid": 4556,
    "index": 70
  }
]