[
  {
    "name": "Process Start",
    "start": 1649862257663,
    "end": 1649862260324,
    "duration": 2661,
    "pid": 21148,
    "index": 0
  },
  {
    "name": "Application Start",
    "start": 1649862260326,
    "end": 1649862267245,
    "duration": 6919,
    "pid": 21148,
    "index": 1
  },
  {
    "name": "Load Plugin",
    "start": 1649862260339,
    "end": 1649862260424,
    "duration": 85,
    "pid": 21148,
    "index": 2
  },
  {
    "name": "Load Config",
    "start": 1649862260424,
    "end": 1649862260572,
    "duration": 148,
    "pid": 21148,
    "index": 3
  },
  {
    "name": "Require(0) config/config.default.js",
    "start": 1649862260426,
    "end": 1649862260427,
    "duration": 1,
    "pid": 21148,
    "index": 4
  },
  {
    "name": "Require(1) node_modules/egg-session/config/config.default.js",
    "start": 1649862260430,
    "end": 1649862260431,
    "duration": 1,
    "pid": 21148,
    "index": 5
  },
  {
    "name": "Require(2) node_modules/egg-security/config/config.default.js",
    "start": 1649862260433,
    "end": 1649862260434,
    "duration": 1,
    "pid": 21148,
    "index": 6
  },
  {
    "name": "Require(3) node_modules/egg-jsonp/config/config.default.js",
    "start": 1649862260436,
    "end": 1649862260437,
    "duration": 1,
    "pid": 21148,
    "index": 7
  },
  {
    "name": "Require(4) node_modules/egg-onerror/config/config.default.js",
    "start": 1649862260438,
    "end": 1649862260472,
    "duration": 34,
    "pid": 21148,
    "index": 8
  },
  {
    "name": "Require(5) node_modules/egg-i18n/config/config.default.js",
    "start": 1649862260474,
    "end": 1649862260475,
    "duration": 1,
    "pid": 21148,
    "index": 9
  },
  {
    "name": "Require(6) node_modules/egg-watcher/config/config.default.js",
    "start": 1649862260476,
    "end": 1649862260478,
    "duration": 2,
    "pid": 21148,
    "index": 10
  },
  {
    "name": "Require(7) node_modules/egg-schedule/config/config.default.js",
    "start": 1649862260479,
    "end": 1649862260480,
    "duration": 1,
    "pid": 21148,
    "index": 11
  },
  {
    "name": "Require(8) node_modules/egg-multipart/config/config.default.js",
    "start": 1649862260481,
    "end": 1649862260483,
    "duration": 2,
    "pid": 21148,
    "index": 12
  },
  {
    "name": "Require(9) node_modules/egg-logrotator/config/config.default.js",
    "start": 1649862260484,
    "end": 1649862260485,
    "duration": 1,
    "pid": 21148,
    "index": 13
  },
  {
    "name": "Require(10) node_modules/egg-static/config/config.default.js",
    "start": 1649862260486,
    "end": 1649862260487,
    "duration": 1,
    "pid": 21148,
    "index": 14
  },
  {
    "name": "Require(11) node_modules/egg-view/config/config.default.js",
    "start": 1649862260489,
    "end": 1649862260490,
    "duration": 1,
    "pid": 21148,
    "index": 15
  },
  {
    "name": "Require(12) node_modules/egg-mongoose/config/config.default.js",
    "start": 1649862260491,
    "end": 1649862260492,
    "duration": 1,
    "pid": 21148,
    "index": 16
  },
  {
    "name": "Require(13) node_modules/egg-validate/config/config.default.js",
    "start": 1649862260494,
    "end": 1649862260523,
    "duration": 29,
    "pid": 21148,
    "index": 17
  },
  {
    "name": "Require(14) node_modules/egg/config/config.default.js",
    "start": 1649862260524,
    "end": 1649862260525,
    "duration": 1,
    "pid": 21148,
    "index": 18
  },
  {
    "name": "Require(15) config/config.default.js",
    "start": 1649862260527,
    "end": 1649862260527,
    "duration": 0,
    "pid": 21148,
    "index": 19
  },
  {
    "name": "Require(16) node_modules/egg-static/config/config.prod.js",
    "start": 1649862260568,
    "end": 1649862260569,
    "duration": 1,
    "pid": 21148,
    "index": 20
  },
  {
    "name": "Load extend/application.js",
    "start": 1649862260575,
    "end": 1649862260657,
    "duration": 82,
    "pid": 21148,
    "index": 21
  },
  {
    "name": "Require(17) node_modules/egg-session/app/extend/application.js",
    "start": 1649862260576,
    "end": 1649862260577,
    "duration": 1,
    "pid": 21148,
    "index": 22
  },
  {
    "name": "Require(18) node_modules/egg-security/app/extend/application.js",
    "start": 1649862260578,
    "end": 1649862260581,
    "duration": 3,
    "pid": 21148,
    "index": 23
  },
  {
    "name": "Require(19) node_modules/egg-jsonp/app/extend/application.js",
    "start": 1649862260582,
    "end": 1649862260586,
    "duration": 4,
    "pid": 21148,
    "index": 24
  },
  {
    "name": "Require(20) node_modules/egg-logrotator/app/extend/application.js",
    "start": 1649862260590,
    "end": 1649862260637,
    "duration": 47,
    "pid": 21148,
    "index": 25
  },
  {
    "name": "Require(21) node_modules/egg-view/app/extend/application.js",
    "start": 1649862260640,
    "end": 1649862260643,
    "duration": 3,
    "pid": 21148,
    "index": 26
  },
  {
    "name": "Require(22) app/extend/application.js",
    "start": 1649862260647,
    "end": 1649862260648,
    "duration": 1,
    "pid": 21148,
    "index": 27
  },
  {
    "name": "Load extend/request.js",
    "start": 1649862260657,
    "end": 1649862260690,
    "duration": 33,
    "pid": 21148,
    "index": 28
  },
  {
    "name": "Require(23) node_modules/egg/app/extend/request.js",
    "start": 1649862260675,
    "end": 1649862260678,
    "duration": 3,
    "pid": 21148,
    "index": 29
  },
  {
    "name": "Load extend/response.js",
    "start": 1649862260690,
    "end": 1649862260718,
    "duration": 28,
    "pid": 21148,
    "index": 30
  },
  {
    "name": "Require(24) node_modules/egg/app/extend/response.js",
    "start": 1649862260699,
    "end": 1649862260704,
    "duration": 5,
    "pid": 21148,
    "index": 31
  },
  {
    "name": "Load extend/context.js",
    "start": 1649862260718,
    "end": 1649862261161,
    "duration": 443,
    "pid": 21148,
    "index": 32
  },
  {
    "name": "Require(25) node_modules/egg-security/app/extend/context.js",
    "start": 1649862260719,
    "end": 1649862260762,
    "duration": 43,
    "pid": 21148,
    "index": 33
  },
  {
    "name": "Require(26) node_modules/egg-jsonp/app/extend/context.js",
    "start": 1649862260762,
    "end": 1649862260766,
    "duration": 4,
    "pid": 21148,
    "index": 34
  },
  {
    "name": "Require(27) node_modules/egg-i18n/app/extend/context.js",
    "start": 1649862260767,
    "end": 1649862260768,
    "duration": 1,
    "pid": 21148,
    "index": 35
  },
  {
    "name": "Require(28) node_modules/egg-multipart/app/extend/context.js",
    "start": 1649862260771,
    "end": 1649862261089,
    "duration": 318,
    "pid": 21148,
    "index": 36
  },
  {
    "name": "Require(29) node_modules/egg-view/app/extend/context.js",
    "start": 1649862261093,
    "end": 1649862261097,
    "duration": 4,
    "pid": 21148,
    "index": 37
  },
  {
    "name": "Require(30) node_modules/egg-mongoose/app/extend/context.js",
    "start": 1649862261099,
    "end": 1649862261101,
    "duration": 2,
    "pid": 21148,
    "index": 38
  },
  {
    "name": "Require(31) node_modules/egg-validate/app/extend/context.js",
    "start": 1649862261102,
    "end": 1649862261104,
    "duration": 2,
    "pid": 21148,
    "index": 39
  },
  {
    "name": "Require(32) node_modules/egg/app/extend/context.js",
    "start": 1649862261105,
    "end": 1649862261139,
    "duration": 34,
    "pid": 21148,
    "index": 40
  },
  {
    "name": "Load extend/helper.js",
    "start": 1649862261161,
    "end": 1649862261327,
    "duration": 166,
    "pid": 21148,
    "index": 41
  },
  {
    "name": "Require(33) node_modules/egg-security/app/extend/helper.js",
    "start": 1649862261165,
    "end": 1649862261272,
    "duration": 107,
    "pid": 21148,
    "index": 42
  },
  {
    "name": "Require(34) node_modules/egg/app/extend/helper.js",
    "start": 1649862261285,
    "end": 1649862261287,
    "duration": 2,
    "pid": 21148,
    "index": 43
  },
  {
    "name": "Load app.js",
    "start": 1649862261327,
    "end": 1649862264884,
    "duration": 3557,
    "pid": 21148,
    "index": 44
  },
  {
    "name": "Require(35) node_modules/egg-session/app.js",
    "start": 1649862261329,
    "end": 1649862261331,
    "duration": 2,
    "pid": 21148,
    "index": 45
  },
  {
    "name": "Require(36) node_modules/egg-security/app.js",
    "start": 1649862261332,
    "end": 1649862261341,
    "duration": 9,
    "pid": 21148,
    "index": 46
  },
  {
    "name": "Require(37) node_modules/egg-onerror/app.js",
    "start": 1649862261349,
    "end": 1649862261395,
    "duration": 46,
    "pid": 21148,
    "index": 47
  },
  {
    "name": "Require(38) node_modules/egg-i18n/app.js",
    "start": 1649862261397,
    "end": 1649862261486,
    "duration": 89,
    "pid": 21148,
    "index": 48
  },
  {
    "name": "Require(39) node_modules/egg-watcher/app.js",
    "start": 1649862261488,
    "end": 1649862261505,
    "duration": 17,
    "pid": 21148,
    "index": 49
  },
  {
    "name": "Require(40) node_modules/egg-schedule/app.js",
    "start": 1649862261506,
    "end": 1649862261516,
    "duration": 10,
    "pid": 21148,
    "index": 50
  },
  {
    "name": "Require(41) node_modules/egg-multipart/app.js",
    "start": 1649862261518,
    "end": 1649862261524,
    "duration": 6,
    "pid": 21148,
    "index": 51
  },
  {
    "name": "Require(42) node_modules/egg-logrotator/app.js",
    "start": 1649862261526,
    "end": 1649862261527,
    "duration": 1,
    "pid": 21148,
    "index": 52
  },
  {
    "name": "Require(43) node_modules/egg-static/app.js",
    "start": 1649862261528,
    "end": 1649862261529,
    "duration": 1,
    "pid": 21148,
    "index": 53
  },
  {
    "name": "Require(44) node_modules/egg-mongoose/app.js",
    "start": 1649862261534,
    "end": 1649862261535,
    "duration": 1,
    "pid": 21148,
    "index": 54
  },
  {
    "name": "Require(45) node_modules/egg-validate/app.js",
    "start": 1649862261536,
    "end": 1649862261544,
    "duration": 8,
    "pid": 21148,
    "index": 55
  },
  {
    "name": "Require(46) app.js",
    "start": 1649862261549,
    "end": 1649862264884,
    "duration": 3335,
    "pid": 21148,
    "index": 56
  },
  {
    "name": "Before Start in node_modules/egg-watcher/lib/init.js:15:14",
    "start": 1649862264957,
    "end": 1649862267207,
    "duration": 2250,
    "pid": 21148,
    "index": 57
  },
  {
    "name": "Before Start in node_modules/egg-mongoose/lib/mongoose.js:104:7",
    "start": 1649862265165,
    "end": 1649862267197,
    "duration": 2032,
    "pid": 21148,
    "index": 58
  },
  {
    "name": "Before Start in node_modules/egg-mongoose/lib/mongoose.js:52:9",
    "start": 1649862265165,
    "end": 1649862267124,
    "duration": 1959,
    "pid": 21148,
    "index": 59
  },
  {
    "name": "Load Service",
    "start": 1649862265166,
    "end": 1649862265376,
    "duration": 210,
    "pid": 21148,
    "index": 60
  },
  {
    "name": "Load \"service\" to Context",
    "start": 1649862265167,
    "end": 1649862265376,
    "duration": 209,
    "pid": 21148,
    "index": 61
  },
  {
    "name": "Load Middleware",
    "start": 1649862265376,
    "end": 1649862266587,
    "duration": 1211,
    "pid": 21148,
    "index": 62
  },
  {
    "name": "Load \"middlewares\" to Application",
    "start": 1649862265378,
    "end": 1649862266539,
    "duration": 1161,
    "pid": 21148,
    "index": 63
  },
  {
    "name": "Load Controller",
    "start": 1649862266587,
    "end": 1649862266743,
    "duration": 156,
    "pid": 21148,
    "index": 64
  },
  {
    "name": "Load \"controller\" to Application",
    "start": 1649862266587,
    "end": 1649862266743,
    "duration": 156,
    "pid": 21148,
    "index": 65
  },
  {
    "name": "Load Router",
    "start": 1649862266743,
    "end": 1649862266755,
    "duration": 12,
    "pid": 21148,
    "index": 66
  },
  {
    "name": "Require(47) app/router.js",
    "start": 1649862266745,
    "end": 1649862266746,
    "duration": 1,
    "pid": 21148,
    "index": 67
  },
  {
    "name": "Before Start in node_modules/egg-core/lib/egg.js:303:10",
    "start": 1649862266747,
    "end": 1649862267124,
    "duration": 377,
    "pid": 21148,
    "index": 68
  },
  {
    "name": "Load \"model\" to Application",
    "start": 1649862266978,
    "end": 1649862267122,
    "duration": 144,
    "pid": 21148,
    "index": 69
  },
  {
    "name": "Will Ready in app.js:willReady",
    "start": 1649862267210,
    "end": 1649862267219,
    "duration": 9,
    "pid": 21148,
    "index": 70
  }
]