[
  {
    "name": "Process Start",
    "start": 1649861512793,
    "end": 1649861514863,
    "duration": 2070,
    "pid": 21424,
    "index": 0
  },
  {
    "name": "Application Start",
    "start": 1649861514865,
    "end": 1649861536463,
    "duration": 21598,
    "pid": 21424,
    "index": 1
  },
  {
    "name": "Load Plugin",
    "start": 1649861514879,
    "end": 1649861514958,
    "duration": 79,
    "pid": 21424,
    "index": 2
  },
  {
    "name": "Load Config",
    "start": 1649861514958,
    "end": 1649861515018,
    "duration": 60,
    "pid": 21424,
    "index": 3
  },
  {
    "name": "Require(0) config/config.default.js",
    "start": 1649861514960,
    "end": 1649861514961,
    "duration": 1,
    "pid": 21424,
    "index": 4
  },
  {
    "name": "Require(1) node_modules/egg-session/config/config.default.js",
    "start": 1649861514967,
    "end": 1649861514968,
    "duration": 1,
    "pid": 21424,
    "index": 5
  },
  {
    "name": "Require(2) node_modules/egg-security/config/config.default.js",
    "start": 1649861514972,
    "end": 1649861514973,
    "duration": 1,
    "pid": 21424,
    "index": 6
  },
  {
    "name": "Require(3) node_modules/egg-jsonp/config/config.default.js",
    "start": 1649861514976,
    "end": 1649861514978,
    "duration": 2,
    "pid": 21424,
    "index": 7
  },
  {
    "name": "Require(4) node_modules/egg-onerror/config/config.default.js",
    "start": 1649861514979,
    "end": 1649861514980,
    "duration": 1,
    "pid": 21424,
    "index": 8
  },
  {
    "name": "Require(5) node_modules/egg-i18n/config/config.default.js",
    "start": 1649861514981,
    "end": 1649861514982,
    "duration": 1,
    "pid": 21424,
    "index": 9
  },
  {
    "name": "Require(6) node_modules/egg-watcher/config/config.default.js",
    "start": 1649861514984,
    "end": 1649861514985,
    "duration": 1,
    "pid": 21424,
    "index": 10
  },
  {
    "name": "Require(7) node_modules/egg-schedule/config/config.default.js",
    "start": 1649861514986,
    "end": 1649861514990,
    "duration": 4,
    "pid": 21424,
    "index": 11
  },
  {
    "name": "Require(8) node_modules/egg-multipart/config/config.default.js",
    "start": 1649861514991,
    "end": 1649861514992,
    "duration": 1,
    "pid": 21424,
    "index": 12
  },
  {
    "name": "Require(9) node_modules/egg-logrotator/config/config.default.js",
    "start": 1649861514994,
    "end": 1649861514995,
    "duration": 1,
    "pid": 21424,
    "index": 13
  },
  {
    "name": "Require(10) node_modules/egg-static/config/config.default.js",
    "start": 1649861514996,
    "end": 1649861514997,
    "duration": 1,
    "pid": 21424,
    "index": 14
  },
  {
    "name": "Require(11) node_modules/egg-view/config/config.default.js",
    "start": 1649861514999,
    "end": 1649861515000,
    "duration": 1,
    "pid": 21424,
    "index": 15
  },
  {
    "name": "Require(12) node_modules/egg-mongoose/config/config.default.js",
    "start": 1649861515001,
    "end": 1649861515002,
    "duration": 1,
    "pid": 21424,
    "index": 16
  },
  {
    "name": "Require(13) node_modules/egg-validate/config/config.default.js",
    "start": 1649861515003,
    "end": 1649861515004,
    "duration": 1,
    "pid": 21424,
    "index": 17
  },
  {
    "name": "Require(14) node_modules/egg/config/config.default.js",
    "start": 1649861515005,
    "end": 1649861515005,
    "duration": 0,
    "pid": 21424,
    "index": 18
  },
  {
    "name": "Require(15) config/config.default.js",
    "start": 1649861515007,
    "end": 1649861515007,
    "duration": 0,
    "pid": 21424,
    "index": 19
  },
  {
    "name": "Require(16) node_modules/egg-static/config/config.prod.js",
    "start": 1649861515014,
    "end": 1649861515015,
    "duration": 1,
    "pid": 21424,
    "index": 20
  },
  {
    "name": "Load extend/application.js",
    "start": 1649861515021,
    "end": 1649861515157,
    "duration": 136,
    "pid": 21424,
    "index": 21
  },
  {
    "name": "Require(17) node_modules/egg-session/app/extend/application.js",
    "start": 1649861515023,
    "end": 1649861515024,
    "duration": 1,
    "pid": 21424,
    "index": 22
  },
  {
    "name": "Require(18) node_modules/egg-security/app/extend/application.js",
    "start": 1649861515025,
    "end": 1649861515028,
    "duration": 3,
    "pid": 21424,
    "index": 23
  },
  {
    "name": "Require(19) node_modules/egg-jsonp/app/extend/application.js",
    "start": 1649861515029,
    "end": 1649861515036,
    "duration": 7,
    "pid": 21424,
    "index": 24
  },
  {
    "name": "Require(20) node_modules/egg-logrotator/app/extend/application.js",
    "start": 1649861515040,
    "end": 1649861515062,
    "duration": 22,
    "pid": 21424,
    "index": 25
  },
  {
    "name": "Require(21) node_modules/egg-view/app/extend/application.js",
    "start": 1649861515064,
    "end": 1649861515139,
    "duration": 75,
    "pid": 21424,
    "index": 26
  },
  {
    "name": "Require(22) app/extend/application.js",
    "start": 1649861515146,
    "end": 1649861515147,
    "duration": 1,
    "pid": 21424,
    "index": 27
  },
  {
    "name": "Load extend/request.js",
    "start": 1649861515157,
    "end": 1649861515353,
    "duration": 196,
    "pid": 21424,
    "index": 28
  },
  {
    "name": "Require(23) node_modules/egg/app/extend/request.js",
    "start": 1649861515235,
    "end": 1649861515277,
    "duration": 42,
    "pid": 21424,
    "index": 29
  },
  {
    "name": "Load extend/response.js",
    "start": 1649861515353,
    "end": 1649861515492,
    "duration": 139,
    "pid": 21424,
    "index": 30
  },
  {
    "name": "Require(24) node_modules/egg/app/extend/response.js",
    "start": 1649861515394,
    "end": 1649861515459,
    "duration": 65,
    "pid": 21424,
    "index": 31
  },
  {
    "name": "Load extend/context.js",
    "start": 1649861515492,
    "end": 1649861515764,
    "duration": 272,
    "pid": 21424,
    "index": 32
  },
  {
    "name": "Require(25) node_modules/egg-security/app/extend/context.js",
    "start": 1649861515495,
    "end": 1649861515567,
    "duration": 72,
    "pid": 21424,
    "index": 33
  },
  {
    "name": "Require(26) node_modules/egg-jsonp/app/extend/context.js",
    "start": 1649861515568,
    "end": 1649861515571,
    "duration": 3,
    "pid": 21424,
    "index": 34
  },
  {
    "name": "Require(27) node_modules/egg-i18n/app/extend/context.js",
    "start": 1649861515573,
    "end": 1649861515574,
    "duration": 1,
    "pid": 21424,
    "index": 35
  },
  {
    "name": "Require(28) node_modules/egg-multipart/app/extend/context.js",
    "start": 1649861515580,
    "end": 1649861515737,
    "duration": 157,
    "pid": 21424,
    "index": 36
  },
  {
    "name": "Require(29) node_modules/egg-view/app/extend/context.js",
    "start": 1649861515739,
    "end": 1649861515741,
    "duration": 2,
    "pid": 21424,
    "index": 37
  },
  {
    "name": "Require(30) node_modules/egg-mongoose/app/extend/context.js",
    "start": 1649861515742,
    "end": 1649861515743,
    "duration": 1,
    "pid": 21424,
    "index": 38
  },
  {
    "name": "Require(31) node_modules/egg-validate/app/extend/context.js",
    "start": 1649861515745,
    "end": 1649861515746,
    "duration": 1,
    "pid": 21424,
    "index": 39
  },
  {
    "name": "Require(32) node_modules/egg/app/extend/context.js",
    "start": 1649861515747,
    "end": 1649861515753,
    "duration": 6,
    "pid": 21424,
    "index": 40
  },
  {
    "name": "Load extend/helper.js",
    "start": 1649861515764,
    "end": 1649861516357,
    "duration": 593,
    "pid": 21424,
    "index": 41
  },
  {
    "name": "Require(33) node_modules/egg-security/app/extend/helper.js",
    "start": 1649861515765,
    "end": 1649861516321,
    "duration": 556,
    "pid": 21424,
    "index": 42
  },
  {
    "name": "Require(34) node_modules/egg/app/extend/helper.js",
    "start": 1649861516331,
    "end": 1649861516345,
    "duration": 14,
    "pid": 21424,
    "index": 43
  },
  {
    "name": "Load app.js",
    "start": 1649861516357,
    "end": 1649861531616,
    "duration": 15259,
    "pid": 21424,
    "index": 44
  },
  {
    "name": "Require(35) node_modules/egg-session/app.js",
    "start": 1649861516358,
    "end": 1649861516397,
    "duration": 39,
    "pid": 21424,
    "index": 45
  },
  {
    "name": "Require(36) node_modules/egg-security/app.js",
    "start": 1649861516400,
    "end": 1649861516429,
    "duration": 29,
    "pid": 21424,
    "index": 46
  },
  {
    "name": "Require(37) node_modules/egg-onerror/app.js",
    "start": 1649861516456,
    "end": 1649861516866,
    "duration": 410,
    "pid": 21424,
    "index": 47
  },
  {
    "name": "Require(38) node_modules/egg-i18n/app.js",
    "start": 1649861516881,
    "end": 1649861517115,
    "duration": 234,
    "pid": 21424,
    "index": 48
  },
  {
    "name": "Require(39) node_modules/egg-watcher/app.js",
    "start": 1649861517116,
    "end": 1649861517133,
    "duration": 17,
    "pid": 21424,
    "index": 49
  },
  {
    "name": "Require(40) node_modules/egg-schedule/app.js",
    "start": 1649861517164,
    "end": 1649861517191,
    "duration": 27,
    "pid": 21424,
    "index": 50
  },
  {
    "name": "Require(41) node_modules/egg-multipart/app.js",
    "start": 1649861517192,
    "end": 1649861517219,
    "duration": 27,
    "pid": 21424,
    "index": 51
  },
  {
    "name": "Require(42) node_modules/egg-logrotator/app.js",
    "start": 1649861517240,
    "end": 1649861517249,
    "duration": 9,
    "pid": 21424,
    "index": 52
  },
  {
    "name": "Require(43) node_modules/egg-static/app.js",
    "start": 1649861517250,
    "end": 1649861517257,
    "duration": 7,
    "pid": 21424,
    "index": 53
  },
  {
    "name": "Require(44) node_modules/egg-mongoose/app.js",
    "start": 1649861517295,
    "end": 1649861517302,
    "duration": 7,
    "pid": 21424,
    "index": 54
  },
  {
    "name": "Require(45) node_modules/egg-validate/app.js",
    "start": 1649861517316,
    "end": 1649861517394,
    "duration": 78,
    "pid": 21424,
    "index": 55
  },
  {
    "name": "Require(46) app.js",
    "start": 1649861517460,
    "end": 1649861531615,
    "duration": 14155,
    "pid": 21424,
    "index": 56
  },
  {
    "name": "Before Start in node_modules/egg-watcher/lib/init.js:15:14",
    "start": 1649861531737,
    "end": 1649861536447,
    "duration": 4710,
    "pid": 21424,
    "index": 57
  },
  {
    "name": "Before Start in node_modules/egg-mongoose/lib/mongoose.js:104:7",
    "start": 1649861531875,
    "end": 1649861536443,
    "duration": 4568,
    "pid": 21424,
    "index": 58
  },
  {
    "name": "Before Start in node_modules/egg-mongoose/lib/mongoose.js:52:9",
    "start": 1649861531876,
    "end": 1649861536407,
    "duration": 4531,
    "pid": 21424,
    "index": 59
  },
  {
    "name": "Load Service",
    "start": 1649861531876,
    "end": 1649861532245,
    "duration": 369,
    "pid": 21424,
    "index": 60
  },
  {
    "name": "Load \"service\" to Context",
    "start": 1649861531876,
    "end": 1649861532245,
    "duration": 369,
    "pid": 21424,
    "index": 61
  },
  {
    "name": "Load Middleware",
    "start": 1649861532245,
    "end": 1649861535704,
    "duration": 3459,
    "pid": 21424,
    "index": 62
  },
  {
    "name": "Load \"middlewares\" to Application",
    "start": 1649861532245,
    "end": 1649861535645,
    "duration": 3400,
    "pid": 21424,
    "index": 63
  },
  {
    "name": "Load Controller",
    "start": 1649861535704,
    "end": 1649861536179,
    "duration": 475,
    "pid": 21424,
    "index": 64
  },
  {
    "name": "Load \"controller\" to Application",
    "start": 1649861535705,
    "end": 1649861536179,
    "duration": 474,
    "pid": 21424,
    "index": 65
  },
  {
    "name": "Load Router",
    "start": 1649861536179,
    "end": 1649861536219,
    "duration": 40,
    "pid": 21424,
    "index": 66
  },
  {
    "name": "Require(47) app/router.js",
    "start": 1649861536213,
    "end": 1649861536214,
    "duration": 1,
    "pid": 21424,
    "index": 67
  },
  {
    "name": "Before Start in node_modules/egg-core/lib/egg.js:303:10",
    "start": 1649861536215,
    "end": 1649861536407,
    "duration": 192,
    "pid": 21424,
    "index": 68
  },
  {
    "name": "Load \"model\" to Application",
    "start": 1649861536278,
    "end": 1649861536379,
    "duration": 101,
    "pid": 21424,
    "index": 69
  },
  {
    "name": "Will Ready in app.js:willReady",
    "start": 1649861536448,
    "end": 1649861536452,
    "duration": 4,
    "pid": 21424,
    "index": 70
  }
]