[
  {
    "name": "Process Start",
    "start": 1649862173129,
    "end": 1649862175011,
    "duration": 1882,
    "pid": 14384,
    "index": 0
  },
  {
    "name": "Application Start",
    "start": 1649862175013,
    "end": 1649862183278,
    "duration": 8265,
    "pid": 14384,
    "index": 1
  },
  {
    "name": "Load Plugin",
    "start": 1649862175025,
    "end": 1649862175102,
    "duration": 77,
    "pid": 14384,
    "index": 2
  },
  {
    "name": "Load Config",
    "start": 1649862175102,
    "end": 1649862175153,
    "duration": 51,
    "pid": 14384,
    "index": 3
  },
  {
    "name": "Require(0) config/config.default.js",
    "start": 1649862175103,
    "end": 1649862175104,
    "duration": 1,
    "pid": 14384,
    "index": 4
  },
  {
    "name": "Require(1) node_modules/egg-session/config/config.default.js",
    "start": 1649862175108,
    "end": 1649862175109,
    "duration": 1,
    "pid": 14384,
    "index": 5
  },
  {
    "name": "Require(2) node_modules/egg-security/config/config.default.js",
    "start": 1649862175110,
    "end": 1649862175111,
    "duration": 1,
    "pid": 14384,
    "index": 6
  },
  {
    "name": "Require(3) node_modules/egg-jsonp/config/config.default.js",
    "start": 1649862175113,
    "end": 1649862175114,
    "duration": 1,
    "pid": 14384,
    "index": 7
  },
  {
    "name": "Require(4) node_modules/egg-onerror/config/config.default.js",
    "start": 1649862175115,
    "end": 1649862175116,
    "duration": 1,
    "pid": 14384,
    "index": 8
  },
  {
    "name": "Require(5) node_modules/egg-i18n/config/config.default.js",
    "start": 1649862175118,
    "end": 1649862175119,
    "duration": 1,
    "pid": 14384,
    "index": 9
  },
  {
    "name": "Require(6) node_modules/egg-watcher/config/config.default.js",
    "start": 1649862175121,
    "end": 1649862175122,
    "duration": 1,
    "pid": 14384,
    "index": 10
  },
  {
    "name": "Require(7) node_modules/egg-schedule/config/config.default.js",
    "start": 1649862175123,
    "end": 1649862175124,
    "duration": 1,
    "pid": 14384,
    "index": 11
  },
  {
    "name": "Require(8) node_modules/egg-multipart/config/config.default.js",
    "start": 1649862175125,
    "end": 1649862175126,
    "duration": 1,
    "pid": 14384,
    "index": 12
  },
  {
    "name": "Require(9) node_modules/egg-logrotator/config/config.default.js",
    "start": 1649862175127,
    "end": 1649862175128,
    "duration": 1,
    "pid": 14384,
    "index": 13
  },
  {
    "name": "Require(10) node_modules/egg-static/config/config.default.js",
    "start": 1649862175129,
    "end": 1649862175130,
    "duration": 1,
    "pid": 14384,
    "index": 14
  },
  {
    "name": "Require(11) node_modules/egg-view/config/config.default.js",
    "start": 1649862175132,
    "end": 1649862175133,
    "duration": 1,
    "pid": 14384,
    "index": 15
  },
  {
    "name": "Require(12) node_modules/egg-mongoose/config/config.default.js",
    "start": 1649862175134,
    "end": 1649862175135,
    "duration": 1,
    "pid": 14384,
    "index": 16
  },
  {
    "name": "Require(13) node_modules/egg-validate/config/config.default.js",
    "start": 1649862175136,
    "end": 1649862175137,
    "duration": 1,
    "pid": 14384,
    "index": 17
  },
  {
    "name": "Require(14) node_modules/egg/config/config.default.js",
    "start": 1649862175139,
    "end": 1649862175139,
    "duration": 0,
    "pid": 14384,
    "index": 18
  },
  {
    "name": "Require(15) config/config.default.js",
    "start": 1649862175142,
    "end": 1649862175142,
    "duration": 0,
    "pid": 14384,
    "index": 19
  },
  {
    "name": "Require(16) node_modules/egg-static/config/config.prod.js",
    "start": 1649862175149,
    "end": 1649862175150,
    "duration": 1,
    "pid": 14384,
    "index": 20
  },
  {
    "name": "Load extend/application.js",
    "start": 1649862175156,
    "end": 1649862175214,
    "duration": 58,
    "pid": 14384,
    "index": 21
  },
  {
    "name": "Require(17) node_modules/egg-session/app/extend/application.js",
    "start": 1649862175157,
    "end": 1649862175159,
    "duration": 2,
    "pid": 14384,
    "index": 22
  },
  {
    "name": "Require(18) node_modules/egg-security/app/extend/application.js",
    "start": 1649862175162,
    "end": 1649862175165,
    "duration": 3,
    "pid": 14384,
    "index": 23
  },
  {
    "name": "Require(19) node_modules/egg-jsonp/app/extend/application.js",
    "start": 1649862175166,
    "end": 1649862175170,
    "duration": 4,
    "pid": 14384,
    "index": 24
  },
  {
    "name": "Require(20) node_modules/egg-logrotator/app/extend/application.js",
    "start": 1649862175175,
    "end": 1649862175197,
    "duration": 22,
    "pid": 14384,
    "index": 25
  },
  {
    "name": "Require(21) node_modules/egg-view/app/extend/application.js",
    "start": 1649862175198,
    "end": 1649862175201,
    "duration": 3,
    "pid": 14384,
    "index": 26
  },
  {
    "name": "Require(22) app/extend/application.js",
    "start": 1649862175204,
    "end": 1649862175205,
    "duration": 1,
    "pid": 14384,
    "index": 27
  },
  {
    "name": "Load extend/request.js",
    "start": 1649862175214,
    "end": 1649862175241,
    "duration": 27,
    "pid": 14384,
    "index": 28
  },
  {
    "name": "Require(23) node_modules/egg/app/extend/request.js",
    "start": 1649862175223,
    "end": 1649862175226,
    "duration": 3,
    "pid": 14384,
    "index": 29
  },
  {
    "name": "Load extend/response.js",
    "start": 1649862175241,
    "end": 1649862175265,
    "duration": 24,
    "pid": 14384,
    "index": 30
  },
  {
    "name": "Require(24) node_modules/egg/app/extend/response.js",
    "start": 1649862175250,
    "end": 1649862175255,
    "duration": 5,
    "pid": 14384,
    "index": 31
  },
  {
    "name": "Load extend/context.js",
    "start": 1649862175265,
    "end": 1649862175482,
    "duration": 217,
    "pid": 14384,
    "index": 32
  },
  {
    "name": "Require(25) node_modules/egg-security/app/extend/context.js",
    "start": 1649862175267,
    "end": 1649862175311,
    "duration": 44,
    "pid": 14384,
    "index": 33
  },
  {
    "name": "Require(26) node_modules/egg-jsonp/app/extend/context.js",
    "start": 1649862175312,
    "end": 1649862175316,
    "duration": 4,
    "pid": 14384,
    "index": 34
  },
  {
    "name": "Require(27) node_modules/egg-i18n/app/extend/context.js",
    "start": 1649862175319,
    "end": 1649862175321,
    "duration": 2,
    "pid": 14384,
    "index": 35
  },
  {
    "name": "Require(28) node_modules/egg-multipart/app/extend/context.js",
    "start": 1649862175324,
    "end": 1649862175459,
    "duration": 135,
    "pid": 14384,
    "index": 36
  },
  {
    "name": "Require(29) node_modules/egg-view/app/extend/context.js",
    "start": 1649862175461,
    "end": 1649862175462,
    "duration": 1,
    "pid": 14384,
    "index": 37
  },
  {
    "name": "Require(30) node_modules/egg-mongoose/app/extend/context.js",
    "start": 1649862175463,
    "end": 1649862175464,
    "duration": 1,
    "pid": 14384,
    "index": 38
  },
  {
    "name": "Require(31) node_modules/egg-validate/app/extend/context.js",
    "start": 1649862175465,
    "end": 1649862175466,
    "duration": 1,
    "pid": 14384,
    "index": 39
  },
  {
    "name": "Require(32) node_modules/egg/app/extend/context.js",
    "start": 1649862175467,
    "end": 1649862175472,
    "duration": 5,
    "pid": 14384,
    "index": 40
  },
  {
    "name": "Load extend/helper.js",
    "start": 1649862175482,
    "end": 1649862175544,
    "duration": 62,
    "pid": 14384,
    "index": 41
  },
  {
    "name": "Require(33) node_modules/egg-security/app/extend/helper.js",
    "start": 1649862175484,
    "end": 1649862175525,
    "duration": 41,
    "pid": 14384,
    "index": 42
  },
  {
    "name": "Require(34) node_modules/egg/app/extend/helper.js",
    "start": 1649862175532,
    "end": 1649862175533,
    "duration": 1,
    "pid": 14384,
    "index": 43
  },
  {
    "name": "Load app.js",
    "start": 1649862175545,
    "end": 1649862180255,
    "duration": 4710,
    "pid": 14384,
    "index": 44
  },
  {
    "name": "Require(35) node_modules/egg-session/app.js",
    "start": 1649862175545,
    "end": 1649862175546,
    "duration": 1,
    "pid": 14384,
    "index": 45
  },
  {
    "name": "Require(36) node_modules/egg-security/app.js",
    "start": 1649862175547,
    "end": 1649862175551,
    "duration": 4,
    "pid": 14384,
    "index": 46
  },
  {
    "name": "Require(37) node_modules/egg-onerror/app.js",
    "start": 1649862175554,
    "end": 1649862175576,
    "duration": 22,
    "pid": 14384,
    "index": 47
  },
  {
    "name": "Require(38) node_modules/egg-i18n/app.js",
    "start": 1649862175577,
    "end": 1649862175603,
    "duration": 26,
    "pid": 14384,
    "index": 48
  },
  {
    "name": "Require(39) node_modules/egg-watcher/app.js",
    "start": 1649862175605,
    "end": 1649862175616,
    "duration": 11,
    "pid": 14384,
    "index": 49
  },
  {
    "name": "Require(40) node_modules/egg-schedule/app.js",
    "start": 1649862175618,
    "end": 1649862175624,
    "duration": 6,
    "pid": 14384,
    "index": 50
  },
  {
    "name": "Require(41) node_modules/egg-multipart/app.js",
    "start": 1649862175625,
    "end": 1649862175626,
    "duration": 1,
    "pid": 14384,
    "index": 51
  },
  {
    "name": "Require(42) node_modules/egg-logrotator/app.js",
    "start": 1649862175627,
    "end": 1649862175628,
    "duration": 1,
    "pid": 14384,
    "index": 52
  },
  {
    "name": "Require(43) node_modules/egg-static/app.js",
    "start": 1649862175628,
    "end": 1649862175629,
    "duration": 1,
    "pid": 14384,
    "index": 53
  },
  {
    "name": "Require(44) node_modules/egg-mongoose/app.js",
    "start": 1649862175631,
    "end": 1649862175632,
    "duration": 1,
    "pid": 14384,
    "index": 54
  },
  {
    "name": "Require(45) node_modules/egg-validate/app.js",
    "start": 1649862175633,
    "end": 1649862175637,
    "duration": 4,
    "pid": 14384,
    "index": 55
  },
  {
    "name": "Require(46) app.js",
    "start": 1649862175639,
    "end": 1649862180254,
    "duration": 4615,
    "pid": 14384,
    "index": 56
  },
  {
    "name": "Before Start in node_modules/egg-watcher/lib/init.js:15:14",
    "start": 1649862180324,
    "end": 1649862183259,
    "duration": 2935,
    "pid": 14384,
    "index": 57
  },
  {
    "name": "Before Start in node_modules/egg-mongoose/lib/mongoose.js:104:7",
    "start": 1649862180620,
    "end": 1649862183255,
    "duration": 2635,
    "pid": 14384,
    "index": 58
  },
  {
    "name": "Before Start in node_modules/egg-mongoose/lib/mongoose.js:52:9",
    "start": 1649862180622,
    "end": 1649862183191,
    "duration": 2569,
    "pid": 14384,
    "index": 59
  },
  {
    "name": "Load Service",
    "start": 1649862180623,
    "end": 1649862181062,
    "duration": 439,
    "pid": 14384,
    "index": 60
  },
  {
    "name": "Load \"service\" to Context",
    "start": 1649862180624,
    "end": 1649862181062,
    "duration": 438,
    "pid": 14384,
    "index": 61
  },
  {
    "name": "Load Middleware",
    "start": 1649862181063,
    "end": 1649862182834,
    "duration": 1771,
    "pid": 14384,
    "index": 62
  },
  {
    "name": "Load \"middlewares\" to Application",
    "start": 1649862181063,
    "end": 1649862182750,
    "duration": 1687,
    "pid": 14384,
    "index": 63
  },
  {
    "name": "Load Controller",
    "start": 1649862182834,
    "end": 1649862183084,
    "duration": 250,
    "pid": 14384,
    "index": 64
  },
  {
    "name": "Load \"controller\" to Application",
    "start": 1649862182835,
    "end": 1649862183084,
    "duration": 249,
    "pid": 14384,
    "index": 65
  },
  {
    "name": "Load Router",
    "start": 1649862183084,
    "end": 1649862183090,
    "duration": 6,
    "pid": 14384,
    "index": 66
  },
  {
    "name": "Require(47) app/router.js",
    "start": 1649862183085,
    "end": 1649862183085,
    "duration": 0,
    "pid": 14384,
    "index": 67
  },
  {
    "name": "Before Start in node_modules/egg-core/lib/egg.js:303:10",
    "start": 1649862183086,
    "end": 1649862183191,
    "duration": 105,
    "pid": 14384,
    "index": 68
  },
  {
    "name": "Load \"model\" to Application",
    "start": 1649862183118,
    "end": 1649862183190,
    "duration": 72,
    "pid": 14384,
    "index": 69
  },
  {
    "name": "Will Ready in app.js:willReady",
    "start": 1649862183260,
    "end": 1649862183266,
    "duration": 6,
    "pid": 14384,
    "index": 70
  }
]