[
  {
    "name": "Process Start",
    "start": 1649862670291,
    "end": 1649862672270,
    "duration": 1979,
    "pid": 17460,
    "index": 0
  },
  {
    "name": "Application Start",
    "start": 1649862672272,
    "end": 1649862684311,
    "duration": 12039,
    "pid": 17460,
    "index": 1
  },
  {
    "name": "Load Plugin",
    "start": 1649862672284,
    "end": 1649862672364,
    "duration": 80,
    "pid": 17460,
    "index": 2
  },
  {
    "name": "Load Config",
    "start": 1649862672364,
    "end": 1649862672420,
    "duration": 56,
    "pid": 17460,
    "index": 3
  },
  {
    "name": "Require(0) config/config.default.js",
    "start": 1649862672366,
    "end": 1649862672367,
    "duration": 1,
    "pid": 17460,
    "index": 4
  },
  {
    "name": "Require(1) node_modules/egg-session/config/config.default.js",
    "start": 1649862672370,
    "end": 1649862672373,
    "duration": 3,
    "pid": 17460,
    "index": 5
  },
  {
    "name": "Require(2) node_modules/egg-security/config/config.default.js",
    "start": 1649862672374,
    "end": 1649862672375,
    "duration": 1,
    "pid": 17460,
    "index": 6
  },
  {
    "name": "Require(3) node_modules/egg-jsonp/config/config.default.js",
    "start": 1649862672378,
    "end": 1649862672379,
    "duration": 1,
    "pid": 17460,
    "index": 7
  },
  {
    "name": "Require(4) node_modules/egg-onerror/config/config.default.js",
    "start": 1649862672380,
    "end": 1649862672382,
    "duration": 2,
    "pid": 17460,
    "index": 8
  },
  {
    "name": "Require(5) node_modules/egg-i18n/config/config.default.js",
    "start": 1649862672383,
    "end": 1649862672384,
    "duration": 1,
    "pid": 17460,
    "index": 9
  },
  {
    "name": "Require(6) node_modules/egg-watcher/config/config.default.js",
    "start": 1649862672385,
    "end": 1649862672386,
    "duration": 1,
    "pid": 17460,
    "index": 10
  },
  {
    "name": "Require(7) node_modules/egg-schedule/config/config.default.js",
    "start": 1649862672390,
    "end": 1649862672391,
    "duration": 1,
    "pid": 17460,
    "index": 11
  },
  {
    "name": "Require(8) node_modules/egg-multipart/config/config.default.js",
    "start": 1649862672392,
    "end": 1649862672393,
    "duration": 1,
    "pid": 17460,
    "index": 12
  },
  {
    "name": "Require(9) node_modules/egg-logrotator/config/config.default.js",
    "start": 1649862672395,
    "end": 1649862672396,
    "duration": 1,
    "pid": 17460,
    "index": 13
  },
  {
    "name": "Require(10) node_modules/egg-static/config/config.default.js",
    "start": 1649862672397,
    "end": 1649862672398,
    "duration": 1,
    "pid": 17460,
    "index": 14
  },
  {
    "name": "Require(11) node_modules/egg-view/config/config.default.js",
    "start": 1649862672399,
    "end": 1649862672400,
    "duration": 1,
    "pid": 17460,
    "index": 15
  },
  {
    "name": "Require(12) node_modules/egg-mongoose/config/config.default.js",
    "start": 1649862672402,
    "end": 1649862672403,
    "duration": 1,
    "pid": 17460,
    "index": 16
  },
  {
    "name": "Require(13) node_modules/egg-validate/config/config.default.js",
    "start": 1649862672404,
    "end": 1649862672405,
    "duration": 1,
    "pid": 17460,
    "index": 17
  },
  {
    "name": "Require(14) node_modules/egg/config/config.default.js",
    "start": 1649862672406,
    "end": 1649862672407,
    "duration": 1,
    "pid": 17460,
    "index": 18
  },
  {
    "name": "Require(15) config/config.default.js",
    "start": 1649862672409,
    "end": 1649862672409,
    "duration": 0,
    "pid": 17460,
    "index": 19
  },
  {
    "name": "Require(16) node_modules/egg-static/config/config.prod.js",
    "start": 1649862672416,
    "end": 1649862672416,
    "duration": 0,
    "pid": 17460,
    "index": 20
  },
  {
    "name": "Load extend/application.js",
    "start": 1649862672422,
    "end": 1649862672472,
    "duration": 50,
    "pid": 17460,
    "index": 21
  },
  {
    "name": "Require(17) node_modules/egg-session/app/extend/application.js",
    "start": 1649862672423,
    "end": 1649862672424,
    "duration": 1,
    "pid": 17460,
    "index": 22
  },
  {
    "name": "Require(18) node_modules/egg-security/app/extend/application.js",
    "start": 1649862672426,
    "end": 1649862672430,
    "duration": 4,
    "pid": 17460,
    "index": 23
  },
  {
    "name": "Require(19) node_modules/egg-jsonp/app/extend/application.js",
    "start": 1649862672431,
    "end": 1649862672435,
    "duration": 4,
    "pid": 17460,
    "index": 24
  },
  {
    "name": "Require(20) node_modules/egg-logrotator/app/extend/application.js",
    "start": 1649862672439,
    "end": 1649862672457,
    "duration": 18,
    "pid": 17460,
    "index": 25
  },
  {
    "name": "Require(21) node_modules/egg-view/app/extend/application.js",
    "start": 1649862672458,
    "end": 1649862672461,
    "duration": 3,
    "pid": 17460,
    "index": 26
  },
  {
    "name": "Require(22) app/extend/application.js",
    "start": 1649862672464,
    "end": 1649862672465,
    "duration": 1,
    "pid": 17460,
    "index": 27
  },
  {
    "name": "Load extend/request.js",
    "start": 1649862672472,
    "end": 1649862672490,
    "duration": 18,
    "pid": 17460,
    "index": 28
  },
  {
    "name": "Require(23) node_modules/egg/app/extend/request.js",
    "start": 1649862672480,
    "end": 1649862672483,
    "duration": 3,
    "pid": 17460,
    "index": 29
  },
  {
    "name": "Load extend/response.js",
    "start": 1649862672490,
    "end": 1649862672547,
    "duration": 57,
    "pid": 17460,
    "index": 30
  },
  {
    "name": "Require(24) node_modules/egg/app/extend/response.js",
    "start": 1649862672495,
    "end": 1649862672530,
    "duration": 35,
    "pid": 17460,
    "index": 31
  },
  {
    "name": "Load extend/context.js",
    "start": 1649862672547,
    "end": 1649862672802,
    "duration": 255,
    "pid": 17460,
    "index": 32
  },
  {
    "name": "Require(25) node_modules/egg-security/app/extend/context.js",
    "start": 1649862672549,
    "end": 1649862672604,
    "duration": 55,
    "pid": 17460,
    "index": 33
  },
  {
    "name": "Require(26) node_modules/egg-jsonp/app/extend/context.js",
    "start": 1649862672605,
    "end": 1649862672609,
    "duration": 4,
    "pid": 17460,
    "index": 34
  },
  {
    "name": "Require(27) node_modules/egg-i18n/app/extend/context.js",
    "start": 1649862672611,
    "end": 1649862672612,
    "duration": 1,
    "pid": 17460,
    "index": 35
  },
  {
    "name": "Require(28) node_modules/egg-multipart/app/extend/context.js",
    "start": 1649862672614,
    "end": 1649862672772,
    "duration": 158,
    "pid": 17460,
    "index": 36
  },
  {
    "name": "Require(29) node_modules/egg-view/app/extend/context.js",
    "start": 1649862672774,
    "end": 1649862672776,
    "duration": 2,
    "pid": 17460,
    "index": 37
  },
  {
    "name": "Require(30) node_modules/egg-mongoose/app/extend/context.js",
    "start": 1649862672778,
    "end": 1649862672778,
    "duration": 0,
    "pid": 17460,
    "index": 38
  },
  {
    "name": "Require(31) node_modules/egg-validate/app/extend/context.js",
    "start": 1649862672780,
    "end": 1649862672781,
    "duration": 1,
    "pid": 17460,
    "index": 39
  },
  {
    "name": "Require(32) node_modules/egg/app/extend/context.js",
    "start": 1649862672781,
    "end": 1649862672788,
    "duration": 7,
    "pid": 17460,
    "index": 40
  },
  {
    "name": "Load extend/helper.js",
    "start": 1649862672802,
    "end": 1649862673393,
    "duration": 591,
    "pid": 17460,
    "index": 41
  },
  {
    "name": "Require(33) node_modules/egg-security/app/extend/helper.js",
    "start": 1649862672804,
    "end": 1649862673326,
    "duration": 522,
    "pid": 17460,
    "index": 42
  },
  {
    "name": "Require(34) node_modules/egg/app/extend/helper.js",
    "start": 1649862673378,
    "end": 1649862673379,
    "duration": 1,
    "pid": 17460,
    "index": 43
  },
  {
    "name": "Load app.js",
    "start": 1649862673393,
    "end": 1649862682053,
    "duration": 8660,
    "pid": 17460,
    "index": 44
  },
  {
    "name": "Require(35) node_modules/egg-session/app.js",
    "start": 1649862673424,
    "end": 1649862673426,
    "duration": 2,
    "pid": 17460,
    "index": 45
  },
  {
    "name": "Require(36) node_modules/egg-security/app.js",
    "start": 1649862673453,
    "end": 1649862673472,
    "duration": 19,
    "pid": 17460,
    "index": 46
  },
  {
    "name": "Require(37) node_modules/egg-onerror/app.js",
    "start": 1649862673492,
    "end": 1649862673645,
    "duration": 153,
    "pid": 17460,
    "index": 47
  },
  {
    "name": "Require(38) node_modules/egg-i18n/app.js",
    "start": 1649862673647,
    "end": 1649862673935,
    "duration": 288,
    "pid": 17460,
    "index": 48
  },
  {
    "name": "Require(39) node_modules/egg-watcher/app.js",
    "start": 1649862673936,
    "end": 1649862673960,
    "duration": 24,
    "pid": 17460,
    "index": 49
  },
  {
    "name": "Require(40) node_modules/egg-schedule/app.js",
    "start": 1649862673971,
    "end": 1649862673984,
    "duration": 13,
    "pid": 17460,
    "index": 50
  },
  {
    "name": "Require(41) node_modules/egg-multipart/app.js",
    "start": 1649862674003,
    "end": 1649862674007,
    "duration": 4,
    "pid": 17460,
    "index": 51
  },
  {
    "name": "Require(42) node_modules/egg-logrotator/app.js",
    "start": 1649862674008,
    "end": 1649862674009,
    "duration": 1,
    "pid": 17460,
    "index": 52
  },
  {
    "name": "Require(43) node_modules/egg-static/app.js",
    "start": 1649862674011,
    "end": 1649862674012,
    "duration": 1,
    "pid": 17460,
    "index": 53
  },
  {
    "name": "Require(44) node_modules/egg-mongoose/app.js",
    "start": 1649862674016,
    "end": 1649862674017,
    "duration": 1,
    "pid": 17460,
    "index": 54
  },
  {
    "name": "Require(45) node_modules/egg-validate/app.js",
    "start": 1649862674018,
    "end": 1649862674071,
    "duration": 53,
    "pid": 17460,
    "index": 55
  },
  {
    "name": "Require(46) app.js",
    "start": 1649862674093,
    "end": 1649862682053,
    "duration": 7960,
    "pid": 17460,
    "index": 56
  },
  {
    "name": "Before Start in node_modules/egg-watcher/lib/init.js:15:14",
    "start": 1649862682073,
    "end": 1649862684295,
    "duration": 2222,
    "pid": 17460,
    "index": 57
  },
  {
    "name": "Before Start in node_modules/egg-mongoose/lib/mongoose.js:104:7",
    "start": 1649862682180,
    "end": 1649862684289,
    "duration": 2109,
    "pid": 17460,
    "index": 58
  },
  {
    "name": "Before Start in node_modules/egg-mongoose/lib/mongoose.js:52:9",
    "start": 1649862682181,
    "end": 1649862684254,
    "duration": 2073,
    "pid": 17460,
    "index": 59
  },
  {
    "name": "Load Service",
    "start": 1649862682181,
    "end": 1649862682585,
    "duration": 404,
    "pid": 17460,
    "index": 60
  },
  {
    "name": "Load \"service\" to Context",
    "start": 1649862682181,
    "end": 1649862682585,
    "duration": 404,
    "pid": 17460,
    "index": 61
  },
  {
    "name": "Load Middleware",
    "start": 1649862682585,
    "end": 1649862683860,
    "duration": 1275,
    "pid": 17460,
    "index": 62
  },
  {
    "name": "Load \"middlewares\" to Application",
    "start": 1649862682586,
    "end": 1649862683824,
    "duration": 1238,
    "pid": 17460,
    "index": 63
  },
  {
    "name": "Load Controller",
    "start": 1649862683860,
    "end": 1649862684142,
    "duration": 282,
    "pid": 17460,
    "index": 64
  },
  {
    "name": "Load \"controller\" to Application",
    "start": 1649862683860,
    "end": 1649862684142,
    "duration": 282,
    "pid": 17460,
    "index": 65
  },
  {
    "name": "Load Router",
    "start": 1649862684142,
    "end": 1649862684154,
    "duration": 12,
    "pid": 17460,
    "index": 66
  },
  {
    "name": "Require(47) app/router.js",
    "start": 1649862684144,
    "end": 1649862684145,
    "duration": 1,
    "pid": 17460,
    "index": 67
  },
  {
    "name": "Before Start in node_modules/egg-core/lib/egg.js:303:10",
    "start": 1649862684146,
    "end": 1649862684254,
    "duration": 108,
    "pid": 17460,
    "index": 68
  },
  {
    "name": "Load \"model\" to Application",
    "start": 1649862684192,
    "end": 1649862684253,
    "duration": 61,
    "pid": 17460,
    "index": 69
  },
  {
    "name": "Will Ready in app.js:willReady",
    "start": 1649862684295,
    "end": 1649862684300,
    "duration": 5,
    "pid": 17460,
    "index": 70
  }
]