[
  {
    "name": "Process Start",
    "start": 1649861512782,
    "end": 1649861514763,
    "duration": 1981,
    "pid": 11052,
    "index": 0
  },
  {
    "name": "Application Start",
    "start": 1649861514765,
    "end": 1649861536485,
    "duration": 21720,
    "pid": 11052,
    "index": 1
  },
  {
    "name": "Load Plugin",
    "start": 1649861514779,
    "end": 1649861514872,
    "duration": 93,
    "pid": 11052,
    "index": 2
  },
  {
    "name": "Load Config",
    "start": 1649861514872,
    "end": 1649861514922,
    "duration": 50,
    "pid": 11052,
    "index": 3
  },
  {
    "name": "Require(0) config/config.default.js",
    "start": 1649861514873,
    "end": 1649861514874,
    "duration": 1,
    "pid": 11052,
    "index": 4
  },
  {
    "name": "Require(1) node_modules/egg-session/config/config.default.js",
    "start": 1649861514877,
    "end": 1649861514878,
    "duration": 1,
    "pid": 11052,
    "index": 5
  },
  {
    "name": "Require(2) node_modules/egg-security/config/config.default.js",
    "start": 1649861514879,
    "end": 1649861514881,
    "duration": 2,
    "pid": 11052,
    "index": 6
  },
  {
    "name": "Require(3) node_modules/egg-jsonp/config/config.default.js",
    "start": 1649861514883,
    "end": 1649861514884,
    "duration": 1,
    "pid": 11052,
    "index": 7
  },
  {
    "name": "Require(4) node_modules/egg-onerror/config/config.default.js",
    "start": 1649861514885,
    "end": 1649861514886,
    "duration": 1,
    "pid": 11052,
    "index": 8
  },
  {
    "name": "Require(5) node_modules/egg-i18n/config/config.default.js",
    "start": 1649861514887,
    "end": 1649861514888,
    "duration": 1,
    "pid": 11052,
    "index": 9
  },
  {
    "name": "Require(6) node_modules/egg-watcher/config/config.default.js",
    "start": 1649861514890,
    "end": 1649861514891,
    "duration": 1,
    "pid": 11052,
    "index": 10
  },
  {
    "name": "Require(7) node_modules/egg-schedule/config/config.default.js",
    "start": 1649861514892,
    "end": 1649861514893,
    "duration": 1,
    "pid": 11052,
    "index": 11
  },
  {
    "name": "Require(8) node_modules/egg-multipart/config/config.default.js",
    "start": 1649861514894,
    "end": 1649861514895,
    "duration": 1,
    "pid": 11052,
    "index": 12
  },
  {
    "name": "Require(9) node_modules/egg-logrotator/config/config.default.js",
    "start": 1649861514897,
    "end": 1649861514898,
    "duration": 1,
    "pid": 11052,
    "index": 13
  },
  {
    "name": "Require(10) node_modules/egg-static/config/config.default.js",
    "start": 1649861514899,
    "end": 1649861514900,
    "duration": 1,
    "pid": 11052,
    "index": 14
  },
  {
    "name": "Require(11) node_modules/egg-view/config/config.default.js",
    "start": 1649861514901,
    "end": 1649861514902,
    "duration": 1,
    "pid": 11052,
    "index": 15
  },
  {
    "name": "Require(12) node_modules/egg-mongoose/config/config.default.js",
    "start": 1649861514904,
    "end": 1649861514905,
    "duration": 1,
    "pid": 11052,
    "index": 16
  },
  {
    "name": "Require(13) node_modules/egg-validate/config/config.default.js",
    "start": 1649861514906,
    "end": 1649861514907,
    "duration": 1,
    "pid": 11052,
    "index": 17
  },
  {
    "name": "Require(14) node_modules/egg/config/config.default.js",
    "start": 1649861514908,
    "end": 1649861514908,
    "duration": 0,
    "pid": 11052,
    "index": 18
  },
  {
    "name": "Require(15) config/config.default.js",
    "start": 1649861514911,
    "end": 1649861514911,
    "duration": 0,
    "pid": 11052,
    "index": 19
  },
  {
    "name": "Require(16) node_modules/egg-static/config/config.prod.js",
    "start": 1649861514917,
    "end": 1649861514918,
    "duration": 1,
    "pid": 11052,
    "index": 20
  },
  {
    "name": "Load extend/application.js",
    "start": 1649861514925,
    "end": 1649861515157,
    "duration": 232,
    "pid": 11052,
    "index": 21
  },
  {
    "name": "Require(17) node_modules/egg-session/app/extend/application.js",
    "start": 1649861514931,
    "end": 1649861514946,
    "duration": 15,
    "pid": 11052,
    "index": 22
  },
  {
    "name": "Require(18) node_modules/egg-security/app/extend/application.js",
    "start": 1649861514948,
    "end": 1649861514993,
    "duration": 45,
    "pid": 11052,
    "index": 23
  },
  {
    "name": "Require(19) node_modules/egg-jsonp/app/extend/application.js",
    "start": 1649861515007,
    "end": 1649861515025,
    "duration": 18,
    "pid": 11052,
    "index": 24
  },
  {
    "name": "Require(20) node_modules/egg-logrotator/app/extend/application.js",
    "start": 1649861515030,
    "end": 1649861515066,
    "duration": 36,
    "pid": 11052,
    "index": 25
  },
  {
    "name": "Require(21) node_modules/egg-view/app/extend/application.js",
    "start": 1649861515068,
    "end": 1649861515139,
    "duration": 71,
    "pid": 11052,
    "index": 26
  },
  {
    "name": "Require(22) app/extend/application.js",
    "start": 1649861515146,
    "end": 1649861515148,
    "duration": 2,
    "pid": 11052,
    "index": 27
  },
  {
    "name": "Load extend/request.js",
    "start": 1649861515157,
    "end": 1649861515339,
    "duration": 182,
    "pid": 11052,
    "index": 28
  },
  {
    "name": "Require(23) node_modules/egg/app/extend/request.js",
    "start": 1649861515235,
    "end": 1649861515278,
    "duration": 43,
    "pid": 11052,
    "index": 29
  },
  {
    "name": "Load extend/response.js",
    "start": 1649861515339,
    "end": 1649861515495,
    "duration": 156,
    "pid": 11052,
    "index": 30
  },
  {
    "name": "Require(24) node_modules/egg/app/extend/response.js",
    "start": 1649861515372,
    "end": 1649861515457,
    "duration": 85,
    "pid": 11052,
    "index": 31
  },
  {
    "name": "Load extend/context.js",
    "start": 1649861515495,
    "end": 1649861515742,
    "duration": 247,
    "pid": 11052,
    "index": 32
  },
  {
    "name": "Require(25) node_modules/egg-security/app/extend/context.js",
    "start": 1649861515499,
    "end": 1649861515568,
    "duration": 69,
    "pid": 11052,
    "index": 33
  },
  {
    "name": "Require(26) node_modules/egg-jsonp/app/extend/context.js",
    "start": 1649861515569,
    "end": 1649861515572,
    "duration": 3,
    "pid": 11052,
    "index": 34
  },
  {
    "name": "Require(27) node_modules/egg-i18n/app/extend/context.js",
    "start": 1649861515573,
    "end": 1649861515574,
    "duration": 1,
    "pid": 11052,
    "index": 35
  },
  {
    "name": "Require(28) node_modules/egg-multipart/app/extend/context.js",
    "start": 1649861515577,
    "end": 1649861515713,
    "duration": 136,
    "pid": 11052,
    "index": 36
  },
  {
    "name": "Require(29) node_modules/egg-view/app/extend/context.js",
    "start": 1649861515716,
    "end": 1649861515718,
    "duration": 2,
    "pid": 11052,
    "index": 37
  },
  {
    "name": "Require(30) node_modules/egg-mongoose/app/extend/context.js",
    "start": 1649861515719,
    "end": 1649861515720,
    "duration": 1,
    "pid": 11052,
    "index": 38
  },
  {
    "name": "Require(31) node_modules/egg-validate/app/extend/context.js",
    "start": 1649861515721,
    "end": 1649861515722,
    "duration": 1,
    "pid": 11052,
    "index": 39
  },
  {
    "name": "Require(32) node_modules/egg/app/extend/context.js",
    "start": 1649861515722,
    "end": 1649861515728,
    "duration": 6,
    "pid": 11052,
    "index": 40
  },
  {
    "name": "Load extend/helper.js",
    "start": 1649861515742,
    "end": 1649861516366,
    "duration": 624,
    "pid": 11052,
    "index": 41
  },
  {
    "name": "Require(33) node_modules/egg-security/app/extend/helper.js",
    "start": 1649861515744,
    "end": 1649861516321,
    "duration": 577,
    "pid": 11052,
    "index": 42
  },
  {
    "name": "Require(34) node_modules/egg/app/extend/helper.js",
    "start": 1649861516340,
    "end": 1649861516348,
    "duration": 8,
    "pid": 11052,
    "index": 43
  },
  {
    "name": "Load app.js",
    "start": 1649861516366,
    "end": 1649861531615,
    "duration": 15249,
    "pid": 11052,
    "index": 44
  },
  {
    "name": "Require(35) node_modules/egg-session/app.js",
    "start": 1649861516389,
    "end": 1649861516401,
    "duration": 12,
    "pid": 11052,
    "index": 45
  },
  {
    "name": "Require(36) node_modules/egg-security/app.js",
    "start": 1649861516414,
    "end": 1649861516428,
    "duration": 14,
    "pid": 11052,
    "index": 46
  },
  {
    "name": "Require(37) node_modules/egg-onerror/app.js",
    "start": 1649861516430,
    "end": 1649861516866,
    "duration": 436,
    "pid": 11052,
    "index": 47
  },
  {
    "name": "Require(38) node_modules/egg-i18n/app.js",
    "start": 1649861516881,
    "end": 1649861517116,
    "duration": 235,
    "pid": 11052,
    "index": 48
  },
  {
    "name": "Require(39) node_modules/egg-watcher/app.js",
    "start": 1649861517117,
    "end": 1649861517131,
    "duration": 14,
    "pid": 11052,
    "index": 49
  },
  {
    "name": "Require(40) node_modules/egg-schedule/app.js",
    "start": 1649861517164,
    "end": 1649861517193,
    "duration": 29,
    "pid": 11052,
    "index": 50
  },
  {
    "name": "Require(41) node_modules/egg-multipart/app.js",
    "start": 1649861517210,
    "end": 1649861517218,
    "duration": 8,
    "pid": 11052,
    "index": 51
  },
  {
    "name": "Require(42) node_modules/egg-logrotator/app.js",
    "start": 1649861517238,
    "end": 1649861517249,
    "duration": 11,
    "pid": 11052,
    "index": 52
  },
  {
    "name": "Require(43) node_modules/egg-static/app.js",
    "start": 1649861517250,
    "end": 1649861517257,
    "duration": 7,
    "pid": 11052,
    "index": 53
  },
  {
    "name": "Require(44) node_modules/egg-mongoose/app.js",
    "start": 1649861517295,
    "end": 1649861517302,
    "duration": 7,
    "pid": 11052,
    "index": 54
  },
  {
    "name": "Require(45) node_modules/egg-validate/app.js",
    "start": 1649861517316,
    "end": 1649861517395,
    "duration": 79,
    "pid": 11052,
    "index": 55
  },
  {
    "name": "Require(46) app.js",
    "start": 1649861517460,
    "end": 1649861531615,
    "duration": 14155,
    "pid": 11052,
    "index": 56
  },
  {
    "name": "Before Start in node_modules/egg-watcher/lib/init.js:15:14",
    "start": 1649861531733,
    "end": 1649861536469,
    "duration": 4736,
    "pid": 11052,
    "index": 57
  },
  {
    "name": "Before Start in node_modules/egg-mongoose/lib/mongoose.js:104:7",
    "start": 1649861531872,
    "end": 1649861536450,
    "duration": 4578,
    "pid": 11052,
    "index": 58
  },
  {
    "name": "Before Start in node_modules/egg-mongoose/lib/mongoose.js:52:9",
    "start": 1649861531872,
    "end": 1649861536415,
    "duration": 4543,
    "pid": 11052,
    "index": 59
  },
  {
    "name": "Load Service",
    "start": 1649861531872,
    "end": 1649861532249,
    "duration": 377,
    "pid": 11052,
    "index": 60
  },
  {
    "name": "Load \"service\" to Context",
    "start": 1649861531873,
    "end": 1649861532249,
    "duration": 376,
    "pid": 11052,
    "index": 61
  },
  {
    "name": "Load Middleware",
    "start": 1649861532249,
    "end": 1649861535701,
    "duration": 3452,
    "pid": 11052,
    "index": 62
  },
  {
    "name": "Load \"middlewares\" to Application",
    "start": 1649861532249,
    "end": 1649861535645,
    "duration": 3396,
    "pid": 11052,
    "index": 63
  },
  {
    "name": "Load Controller",
    "start": 1649861535701,
    "end": 1649861536177,
    "duration": 476,
    "pid": 11052,
    "index": 64
  },
  {
    "name": "Load \"controller\" to Application",
    "start": 1649861535702,
    "end": 1649861536177,
    "duration": 475,
    "pid": 11052,
    "index": 65
  },
  {
    "name": "Load Router",
    "start": 1649861536177,
    "end": 1649861536212,
    "duration": 35,
    "pid": 11052,
    "index": 66
  },
  {
    "name": "Require(47) app/router.js",
    "start": 1649861536179,
    "end": 1649861536207,
    "duration": 28,
    "pid": 11052,
    "index": 67
  },
  {
    "name": "Before Start in node_modules/egg-core/lib/egg.js:303:10",
    "start": 1649861536207,
    "end": 1649861536415,
    "duration": 208,
    "pid": 11052,
    "index": 68
  },
  {
    "name": "Load \"model\" to Application",
    "start": 1649861536279,
    "end": 1649861536414,
    "duration": 135,
    "pid": 11052,
    "index": 69
  },
  {
    "name": "Will Ready in app.js:willReady",
    "start": 1649861536470,
    "end": 1649861536475,
    "duration": 5,
    "pid": 11052,
    "index": 70
  }
]